{"type": "FeatureCollection", "features": [{"type": "Feature", "geometry": {"type": "Point", "coordinates": [687499.738016359, 2528871.89317419]}, "properties": {"depth_m": 24.726, "depth_ft": 81.12}}, {"type": "Feature", "geometry": {"type": "Point", "coordinates": [687469.738016359, 2528871.89317419]}, "properties": {"depth_m": 24.304, "depth_ft": 79.74}}, {"type": "Feature", "geometry": {"type": "Point", "coordinates": [684559.738016359, 2531751.89317419]}, "properties": {"depth_m": 23.725, "depth_ft": 77.84}}, {"type": "Feature", "geometry": {"type": "Point", "coordinates": [687529.738016359, 2528811.89317419]}, "properties": {"depth_m": 23.089, "depth_ft": 75.75}}, {"type": "Feature", "geometry": {"type": "Point", "coordinates": [687559.738016359, 2528841.89317419]}, "properties": {"depth_m": 22.511, "depth_ft": 73.85}}, {"type": "Feature", "geometry": {"type": "Point", "coordinates": [684499.738016359, 2531781.89317419]}, "properties": {"depth_m": 21.948, "depth_ft": 72.01}}, {"type": "Feature", "geometry": {"type": "Point", "coordinates": [684499.738016359, 2531751.89317419]}, "properties": {"depth_m": 21.679, "depth_ft": 71.13}}, {"type": "Feature", "geometry": {"type": "Point", "coordinates": [684589.738016359, 2531721.89317419]}, "properties": {"depth_m": 21.616, "depth_ft": 70.92}}, {"type": "Feature", "geometry": {"type": "Point", "coordinates": [684529.738016359, 2532381.89317419]}, "properties": {"depth_m": 21.563, "depth_ft": 70.74}}, {"type": "Feature", "geometry": {"type": "Point", "coordinates": [684619.738016359, 2531691.89317419]}, "properties": {"depth_m": 21.405, "depth_ft": 70.23}}, {"type": "Feature", "geometry": {"type": "Point", "coordinates": [684589.738016359, 2531751.89317419]}, "properties": {"depth_m": 21.219, "depth_ft": 69.62}}, {"type": "Feature", "geometry": {"type": "Point", "coordinates": [685879.738016359, 2530401.89317419]}, "properties": {"depth_m": 21.115, "depth_ft": 69.27}}, {"type": "Feature", "geometry": {"type": "Point", "coordinates": [687469.738016359, 2528931.89317419]}, "properties": {"depth_m": 21.082, "depth_ft": 69.17}}, {"type": "Feature", "geometry": {"type": "Point", "coordinates": [684679.738016359, 2531541.89317419]}, "properties": {"depth_m": 20.949, "depth_ft": 68.73}}, {"type": "Feature", "geometry": {"type": "Point", "coordinates": [686209.738016359, 2529711.89317419]}, "properties": {"depth_m": 20.897, "depth_ft": 68.56}}, {"type": "Feature", "geometry": {"type": "Point", "coordinates": [684559.738016359, 2532291.89317419]}, "properties": {"depth_m": 20.839, "depth_ft": 68.37}}, {"type": "Feature", "geometry": {"type": "Point", "coordinates": [685759.738016359, 2530761.89317419]}, "properties": {"depth_m": 20.775, "depth_ft": 68.16}}, {"type": "Feature", "geometry": {"type": "Point", "coordinates": [684619.738016359, 2532471.89317419]}, "properties": {"depth_m": 20.679, "depth_ft": 67.85}}, {"type": "Feature", "geometry": {"type": "Point", "coordinates": [685849.738016359, 2530401.89317419]}, "properties": {"depth_m": 20.616, "depth_ft": 67.64}}, {"type": "Feature", "geometry": {"type": "Point", "coordinates": [685909.738016359, 2530401.89317419]}, "properties": {"depth_m": 20.56, "depth_ft": 67.45}}, {"type": "Feature", "geometry": {"type": "Point", "coordinates": [685879.738016359, 2530341.89317419]}, "properties": {"depth_m": 20.534, "depth_ft": 67.37}}, {"type": "Feature", "geometry": {"type": "Point", "coordinates": [684589.738016359, 2531661.89317419]}, "properties": {"depth_m": 20.473, "depth_ft": 67.17}}, {"type": "Feature", "geometry": {"type": "Point", "coordinates": [685729.738016359, 2530821.89317419]}, "properties": {"depth_m": 20.417, "depth_ft": 66.99}}, {"type": "Feature", "geometry": {"type": "Point", "coordinates": [685699.738016359, 2530851.89317419]}, "properties": {"depth_m": 20.387, "depth_ft": 66.89}}, {"type": "Feature", "geometry": {"type": "Point", "coordinates": [686119.738016359, 2529981.89317419]}, "properties": {"depth_m": 20.36, "depth_ft": 66.8}}, {"type": "Feature", "geometry": {"type": "Point", "coordinates": [684649.738016359, 2532561.89317419]}, "properties": {"depth_m": 20.288, "depth_ft": 66.56}}, {"type": "Feature", "geometry": {"type": "Point", "coordinates": [684649.738016359, 2532591.89317419]}, "properties": {"depth_m": 20.273, "depth_ft": 66.51}}, {"type": "Feature", "geometry": {"type": "Point", "coordinates": [684559.738016359, 2532471.89317419]}, "properties": {"depth_m": 20.254, "depth_ft": 66.45}}, {"type": "Feature", "geometry": {"type": "Point", "coordinates": [684709.738016359, 2532711.89317419]}, "properties": {"depth_m": 20.232, "depth_ft": 66.38}}, {"type": "Feature", "geometry": {"type": "Point", "coordinates": [684559.738016359, 2532501.89317419]}, "properties": {"depth_m": 20.209, "depth_ft": 66.3}}, {"type": "Feature", "geometry": {"type": "Point", "coordinates": [684619.738016359, 2532651.89317419]}, "properties": {"depth_m": 20.193, "depth_ft": 66.25}}, {"type": "Feature", "geometry": {"type": "Point", "coordinates": [686119.738016359, 2529951.89317419]}, "properties": {"depth_m": 20.136, "depth_ft": 66.06}}, {"type": "Feature", "geometry": {"type": "Point", "coordinates": [685639.738016359, 2530851.89317419]}, "properties": {"depth_m": 20.118, "depth_ft": 66.0}}, {"type": "Feature", "geometry": {"type": "Point", "coordinates": [684619.738016359, 2531751.89317419]}, "properties": {"depth_m": 20.075, "depth_ft": 65.86}}, {"type": "Feature", "geometry": {"type": "Point", "coordinates": [684829.738016359, 2531481.89317419]}, "properties": {"depth_m": 20.004, "depth_ft": 65.63}}, {"type": "Feature", "geometry": {"type": "Point", "coordinates": [685909.738016359, 2530311.89317419]}, "properties": {"depth_m": 19.994, "depth_ft": 65.6}}, {"type": "Feature", "geometry": {"type": "Point", "coordinates": [684709.738016359, 2532771.89317419]}, "properties": {"depth_m": 19.978, "depth_ft": 65.54}}, {"type": "Feature", "geometry": {"type": "Point", "coordinates": [684529.738016359, 2532441.89317419]}, "properties": {"depth_m": 19.949, "depth_ft": 65.45}}, {"type": "Feature", "geometry": {"type": "Point", "coordinates": [685669.738016359, 2530881.89317419]}, "properties": {"depth_m": 19.929, "depth_ft": 65.38}}, {"type": "Feature", "geometry": {"type": "Point", "coordinates": [684589.738016359, 2532591.89317419]}, "properties": {"depth_m": 19.919, "depth_ft": 65.35}}, {"type": "Feature", "geometry": {"type": "Point", "coordinates": [685249.738016359, 2531151.89317419]}, "properties": {"depth_m": 19.886, "depth_ft": 65.24}}, {"type": "Feature", "geometry": {"type": "Point", "coordinates": [684649.738016359, 2532501.89317419]}, "properties": {"depth_m": 19.852, "depth_ft": 65.13}}, {"type": "Feature", "geometry": {"type": "Point", "coordinates": [684769.738016359, 2533251.89317419]}, "properties": {"depth_m": 19.831, "depth_ft": 65.06}}, {"type": "Feature", "geometry": {"type": "Point", "coordinates": [684499.738016359, 2532201.89317419]}, "properties": {"depth_m": 19.816, "depth_ft": 65.01}}, {"type": "Feature", "geometry": {"type": "Point", "coordinates": [684529.738016359, 2532201.89317419]}, "properties": {"depth_m": 19.796, "depth_ft": 64.95}}, {"type": "Feature", "geometry": {"type": "Point", "coordinates": [685909.738016359, 2530431.89317419]}, "properties": {"depth_m": 19.774, "depth_ft": 64.87}}, {"type": "Feature", "geometry": {"type": "Point", "coordinates": [685099.738016359, 2531271.89317419]}, "properties": {"depth_m": 19.749, "depth_ft": 64.79}}, {"type": "Feature", "geometry": {"type": "Point", "coordinates": [685189.738016359, 2531181.89317419]}, "properties": {"depth_m": 19.727, "depth_ft": 64.72}}, {"type": "Feature", "geometry": {"type": "Point", "coordinates": [685099.738016359, 2531241.89317419]}, "properties": {"depth_m": 19.696, "depth_ft": 64.62}}, {"type": "Feature", "geometry": {"type": "Point", "coordinates": [685939.738016359, 2530161.89317419]}, "properties": {"depth_m": 19.675, "depth_ft": 64.55}}, {"type": "Feature", "geometry": {"type": "Point", "coordinates": [684739.738016359, 2531451.89317419]}, "properties": {"depth_m": 19.661, "depth_ft": 64.5}}, {"type": "Feature", "geometry": {"type": "Point", "coordinates": [685969.738016359, 2530221.89317419]}, "properties": {"depth_m": 19.633, "depth_ft": 64.41}}, {"type": "Feature", "geometry": {"type": "Point", "coordinates": [684679.738016359, 2532681.89317419]}, "properties": {"depth_m": 19.597, "depth_ft": 64.3}}, {"type": "Feature", "geometry": {"type": "Point", "coordinates": [685969.738016359, 2530131.89317419]}, "properties": {"depth_m": 19.573, "depth_ft": 64.22}}, {"type": "Feature", "geometry": {"type": "Point", "coordinates": [684709.738016359, 2532681.89317419]}, "properties": {"depth_m": 19.563, "depth_ft": 64.18}}, {"type": "Feature", "geometry": {"type": "Point", "coordinates": [685789.738016359, 2530791.89317419]}, "properties": {"depth_m": 19.549, "depth_ft": 64.14}}, {"type": "Feature", "geometry": {"type": "Point", "coordinates": [687409.738016359, 2528811.89317419]}, "properties": {"depth_m": 19.535, "depth_ft": 64.09}}, {"type": "Feature", "geometry": {"type": "Point", "coordinates": [684769.738016359, 2532861.89317419]}, "properties": {"depth_m": 19.518, "depth_ft": 64.04}}, {"type": "Feature", "geometry": {"type": "Point", "coordinates": [684649.738016359, 2531511.89317419]}, "properties": {"depth_m": 19.489, "depth_ft": 63.94}}, {"type": "Feature", "geometry": {"type": "Point", "coordinates": [685309.738016359, 2531121.89317419]}, "properties": {"depth_m": 19.481, "depth_ft": 63.91}}, {"type": "Feature", "geometry": {"type": "Point", "coordinates": [684499.738016359, 2532081.89317419]}, "properties": {"depth_m": 19.459, "depth_ft": 63.84}}, {"type": "Feature", "geometry": {"type": "Point", "coordinates": [684619.738016359, 2531631.89317419]}, "properties": {"depth_m": 19.431, "depth_ft": 63.75}}, {"type": "Feature", "geometry": {"type": "Point", "coordinates": [684949.738016359, 2531421.89317419]}, "properties": {"depth_m": 19.387, "depth_ft": 63.61}}, {"type": "Feature", "geometry": {"type": "Point", "coordinates": [685099.738016359, 2531301.89317419]}, "properties": {"depth_m": 19.347, "depth_ft": 63.47}}, {"type": "Feature", "geometry": {"type": "Point", "coordinates": [684619.738016359, 2532411.89317419]}, "properties": {"depth_m": 19.327, "depth_ft": 63.41}}, {"type": "Feature", "geometry": {"type": "Point", "coordinates": [684679.738016359, 2532651.89317419]}, "properties": {"depth_m": 19.301, "depth_ft": 63.32}}, {"type": "Feature", "geometry": {"type": "Point", "coordinates": [684679.738016359, 2532621.89317419]}, "properties": {"depth_m": 19.289, "depth_ft": 63.28}}, {"type": "Feature", "geometry": {"type": "Point", "coordinates": [684709.738016359, 2532831.89317419]}, "properties": {"depth_m": 19.247, "depth_ft": 63.15}}, {"type": "Feature", "geometry": {"type": "Point", "coordinates": [685699.738016359, 2530701.89317419]}, "properties": {"depth_m": 19.224, "depth_ft": 63.07}}, {"type": "Feature", "geometry": {"type": "Point", "coordinates": [685129.738016359, 2531211.89317419]}, "properties": {"depth_m": 19.209, "depth_ft": 63.02}}, {"type": "Feature", "geometry": {"type": "Point", "coordinates": [684769.738016359, 2532831.89317419]}, "properties": {"depth_m": 19.181, "depth_ft": 62.93}}, {"type": "Feature", "geometry": {"type": "Point", "coordinates": [685939.738016359, 2530311.89317419]}, "properties": {"depth_m": 19.169, "depth_ft": 62.89}}, {"type": "Feature", "geometry": {"type": "Point", "coordinates": [684979.738016359, 2531421.89317419]}, "properties": {"depth_m": 19.139, "depth_ft": 62.79}}, {"type": "Feature", "geometry": {"type": "Point", "coordinates": [685639.738016359, 2530941.89317419]}, "properties": {"depth_m": 19.125, "depth_ft": 62.75}}, {"type": "Feature", "geometry": {"type": "Point", "coordinates": [684979.738016359, 2531331.89317419]}, "properties": {"depth_m": 19.102, "depth_ft": 62.67}}, {"type": "Feature", "geometry": {"type": "Point", "coordinates": [687379.738016359, 2528871.89317419]}, "properties": {"depth_m": 19.078, "depth_ft": 62.59}}, {"type": "Feature", "geometry": {"type": "Point", "coordinates": [684739.738016359, 2532921.89317419]}, "properties": {"depth_m": 19.064, "depth_ft": 62.54}}, {"type": "Feature", "geometry": {"type": "Point", "coordinates": [684769.738016359, 2532921.89317419]}, "properties": {"depth_m": 19.024, "depth_ft": 62.41}}, {"type": "Feature", "geometry": {"type": "Point", "coordinates": [685969.738016359, 2530101.89317419]}, "properties": {"depth_m": 19.016, "depth_ft": 62.39}}, {"type": "Feature", "geometry": {"type": "Point", "coordinates": [685159.738016359, 2531271.89317419]}, "properties": {"depth_m": 19.002, "depth_ft": 62.34}}, {"type": "Feature", "geometry": {"type": "Point", "coordinates": [685939.738016359, 2530131.89317419]}, "properties": {"depth_m": 18.99, "depth_ft": 62.3}}, {"type": "Feature", "geometry": {"type": "Point", "coordinates": [685609.738016359, 2530791.89317419]}, "properties": {"depth_m": 18.979, "depth_ft": 62.27}}, {"type": "Feature", "geometry": {"type": "Point", "coordinates": [687439.738016359, 2528961.89317419]}, "properties": {"depth_m": 18.932, "depth_ft": 62.11}}, {"type": "Feature", "geometry": {"type": "Point", "coordinates": [686059.738016359, 2530011.89317419]}, "properties": {"depth_m": 18.9, "depth_ft": 62.01}}, {"type": "Feature", "geometry": {"type": "Point", "coordinates": [684829.738016359, 2531391.89317419]}, "properties": {"depth_m": 18.881, "depth_ft": 61.95}}, {"type": "Feature", "geometry": {"type": "Point", "coordinates": [687139.738016359, 2529081.89317419]}, "properties": {"depth_m": 18.861, "depth_ft": 61.88}}, {"type": "Feature", "geometry": {"type": "Point", "coordinates": [684499.738016359, 2532171.89317419]}, "properties": {"depth_m": 18.837, "depth_ft": 61.8}}, {"type": "Feature", "geometry": {"type": "Point", "coordinates": [684799.738016359, 2533221.89317419]}, "properties": {"depth_m": 18.824, "depth_ft": 61.76}}, {"type": "Feature", "geometry": {"type": "Point", "coordinates": [684649.738016359, 2532831.89317419]}, "properties": {"depth_m": 18.81, "depth_ft": 61.71}}, {"type": "Feature", "geometry": {"type": "Point", "coordinates": [686149.738016359, 2529921.89317419]}, "properties": {"depth_m": 18.785, "depth_ft": 61.63}}, {"type": "Feature", "geometry": {"type": "Point", "coordinates": [684919.738016359, 2531361.89317419]}, "properties": {"depth_m": 18.736, "depth_ft": 61.47}}, {"type": "Feature", "geometry": {"type": "Point", "coordinates": [685129.738016359, 2531181.89317419]}, "properties": {"depth_m": 18.7, "depth_ft": 61.35}}, {"type": "Feature", "geometry": {"type": "Point", "coordinates": [686239.738016359, 2529681.89317419]}, "properties": {"depth_m": 18.681, "depth_ft": 61.29}}, {"type": "Feature", "geometry": {"type": "Point", "coordinates": [684799.738016359, 2531601.89317419]}, "properties": {"depth_m": 18.671, "depth_ft": 61.26}}, {"type": "Feature", "geometry": {"type": "Point", "coordinates": [687469.738016359, 2528961.89317419]}, "properties": {"depth_m": 18.646, "depth_ft": 61.17}}, {"type": "Feature", "geometry": {"type": "Point", "coordinates": [686809.738016359, 2529321.89317419]}, "properties": {"depth_m": 18.64, "depth_ft": 61.16}}, {"type": "Feature", "geometry": {"type": "Point", "coordinates": [687109.738016359, 2529051.89317419]}, "properties": {"depth_m": 18.623, "depth_ft": 61.1}}, {"type": "Feature", "geometry": {"type": "Point", "coordinates": [686149.738016359, 2530041.89317419]}, "properties": {"depth_m": 18.596, "depth_ft": 61.01}}, {"type": "Feature", "geometry": {"type": "Point", "coordinates": [687589.738016359, 2528931.89317419]}, "properties": {"depth_m": 18.592, "depth_ft": 61.0}}, {"type": "Feature", "geometry": {"type": "Point", "coordinates": [686419.738016359, 2529591.89317419]}, "properties": {"depth_m": 18.584, "depth_ft": 60.97}}, {"type": "Feature", "geometry": {"type": "Point", "coordinates": [684649.738016359, 2532441.89317419]}, "properties": {"depth_m": 18.553, "depth_ft": 60.87}}, {"type": "Feature", "geometry": {"type": "Point", "coordinates": [685789.738016359, 2530821.89317419]}, "properties": {"depth_m": 18.53, "depth_ft": 60.79}}, {"type": "Feature", "geometry": {"type": "Point", "coordinates": [685789.738016359, 2530641.89317419]}, "properties": {"depth_m": 18.513, "depth_ft": 60.74}}, {"type": "Feature", "geometry": {"type": "Point", "coordinates": [686449.738016359, 2529591.89317419]}, "properties": {"depth_m": 18.504, "depth_ft": 60.71}}, {"type": "Feature", "geometry": {"type": "Point", "coordinates": [684799.738016359, 2533041.89317419]}, "properties": {"depth_m": 18.495, "depth_ft": 60.68}}, {"type": "Feature", "geometry": {"type": "Point", "coordinates": [686089.738016359, 2530071.89317419]}, "properties": {"depth_m": 18.482, "depth_ft": 60.64}}, {"type": "Feature", "geometry": {"type": "Point", "coordinates": [686689.738016359, 2529501.89317419]}, "properties": {"depth_m": 18.469, "depth_ft": 60.59}}, {"type": "Feature", "geometry": {"type": "Point", "coordinates": [684919.738016359, 2531331.89317419]}, "properties": {"depth_m": 18.447, "depth_ft": 60.52}}, {"type": "Feature", "geometry": {"type": "Point", "coordinates": [685489.738016359, 2531001.89317419]}, "properties": {"depth_m": 18.432, "depth_ft": 60.47}}, {"type": "Feature", "geometry": {"type": "Point", "coordinates": [686029.738016359, 2530041.89317419]}, "properties": {"depth_m": 18.424, "depth_ft": 60.45}}, {"type": "Feature", "geometry": {"type": "Point", "coordinates": [686299.738016359, 2529711.89317419]}, "properties": {"depth_m": 18.399, "depth_ft": 60.37}}, {"type": "Feature", "geometry": {"type": "Point", "coordinates": [686179.738016359, 2529981.89317419]}, "properties": {"depth_m": 18.394, "depth_ft": 60.35}}, {"type": "Feature", "geometry": {"type": "Point", "coordinates": [687409.738016359, 2528991.89317419]}, "properties": {"depth_m": 18.372, "depth_ft": 60.28}}, {"type": "Feature", "geometry": {"type": "Point", "coordinates": [684799.738016359, 2532951.89317419]}, "properties": {"depth_m": 18.36, "depth_ft": 60.24}}, {"type": "Feature", "geometry": {"type": "Point", "coordinates": [685219.738016359, 2531121.89317419]}, "properties": {"depth_m": 18.343, "depth_ft": 60.18}}, {"type": "Feature", "geometry": {"type": "Point", "coordinates": [685129.738016359, 2531301.89317419]}, "properties": {"depth_m": 18.331, "depth_ft": 60.14}}, {"type": "Feature", "geometry": {"type": "Point", "coordinates": [685789.738016359, 2530611.89317419]}, "properties": {"depth_m": 18.322, "depth_ft": 60.11}}, {"type": "Feature", "geometry": {"type": "Point", "coordinates": [684469.738016359, 2532051.89317419]}, "properties": {"depth_m": 18.303, "depth_ft": 60.05}}, {"type": "Feature", "geometry": {"type": "Point", "coordinates": [684589.738016359, 2532111.89317419]}, "properties": {"depth_m": 18.29, "depth_ft": 60.01}}, {"type": "Feature", "geometry": {"type": "Point", "coordinates": [686179.738016359, 2530011.89317419]}, "properties": {"depth_m": 18.265, "depth_ft": 59.92}}, {"type": "Feature", "geometry": {"type": "Point", "coordinates": [685879.738016359, 2530521.89317419]}, "properties": {"depth_m": 18.25, "depth_ft": 59.88}}, {"type": "Feature", "geometry": {"type": "Point", "coordinates": [685729.738016359, 2530881.89317419]}, "properties": {"depth_m": 18.229, "depth_ft": 59.81}}, {"type": "Feature", "geometry": {"type": "Point", "coordinates": [684769.738016359, 2532981.89317419]}, "properties": {"depth_m": 18.211, "depth_ft": 59.75}}, {"type": "Feature", "geometry": {"type": "Point", "coordinates": [685099.738016359, 2531181.89317419]}, "properties": {"depth_m": 18.196, "depth_ft": 59.7}}, {"type": "Feature", "geometry": {"type": "Point", "coordinates": [684679.738016359, 2532501.89317419]}, "properties": {"depth_m": 18.184, "depth_ft": 59.66}}, {"type": "Feature", "geometry": {"type": "Point", "coordinates": [685789.738016359, 2530671.89317419]}, "properties": {"depth_m": 18.176, "depth_ft": 59.63}}, {"type": "Feature", "geometry": {"type": "Point", "coordinates": [684769.738016359, 2533071.89317419]}, "properties": {"depth_m": 18.156, "depth_ft": 59.57}}, {"type": "Feature", "geometry": {"type": "Point", "coordinates": [687589.738016359, 2528241.89317419]}, "properties": {"depth_m": 18.151, "depth_ft": 59.55}}, {"type": "Feature", "geometry": {"type": "Point", "coordinates": [686359.738016359, 2529651.89317419]}, "properties": {"depth_m": 18.147, "depth_ft": 59.54}}, {"type": "Feature", "geometry": {"type": "Point", "coordinates": [687349.738016359, 2528931.89317419]}, "properties": {"depth_m": 18.136, "depth_ft": 59.5}}, {"type": "Feature", "geometry": {"type": "Point", "coordinates": [686779.738016359, 2529351.89317419]}, "properties": {"depth_m": 18.126, "depth_ft": 59.47}}, {"type": "Feature", "geometry": {"type": "Point", "coordinates": [684499.738016359, 2532441.89317419]}, "properties": {"depth_m": 18.113, "depth_ft": 59.42}}, {"type": "Feature", "geometry": {"type": "Point", "coordinates": [684559.738016359, 2531871.89317419]}, "properties": {"depth_m": 18.092, "depth_ft": 59.36}}, {"type": "Feature", "geometry": {"type": "Point", "coordinates": [688879.738016359, 2523411.89317419]}, "properties": {"depth_m": 18.074, "depth_ft": 59.3}}, {"type": "Feature", "geometry": {"type": "Point", "coordinates": [684559.738016359, 2532021.89317419]}, "properties": {"depth_m": 18.065, "depth_ft": 59.27}}, {"type": "Feature", "geometry": {"type": "Point", "coordinates": [687499.738016359, 2528961.89317419]}, "properties": {"depth_m": 18.048, "depth_ft": 59.21}}, {"type": "Feature", "geometry": {"type": "Point", "coordinates": [684649.738016359, 2532411.89317419]}, "properties": {"depth_m": 18.037, "depth_ft": 59.18}}, {"type": "Feature", "geometry": {"type": "Point", "coordinates": [685849.738016359, 2530611.89317419]}, "properties": {"depth_m": 18.02, "depth_ft": 59.12}}, {"type": "Feature", "geometry": {"type": "Point", "coordinates": [687649.738016359, 2528241.89317419]}, "properties": {"depth_m": 18.001, "depth_ft": 59.06}}, {"type": "Feature", "geometry": {"type": "Point", "coordinates": [685909.738016359, 2530161.89317419]}, "properties": {"depth_m": 17.991, "depth_ft": 59.02}}, {"type": "Feature", "geometry": {"type": "Point", "coordinates": [684949.738016359, 2531481.89317419]}, "properties": {"depth_m": 17.968, "depth_ft": 58.95}}, {"type": "Feature", "geometry": {"type": "Point", "coordinates": [685789.738016359, 2530581.89317419]}, "properties": {"depth_m": 17.955, "depth_ft": 58.91}}, {"type": "Feature", "geometry": {"type": "Point", "coordinates": [684589.738016359, 2532291.89317419]}, "properties": {"depth_m": 17.948, "depth_ft": 58.88}}, {"type": "Feature", "geometry": {"type": "Point", "coordinates": [687619.738016359, 2528871.89317419]}, "properties": {"depth_m": 17.894, "depth_ft": 58.71}}, {"type": "Feature", "geometry": {"type": "Point", "coordinates": [684859.738016359, 2532801.89317419]}, "properties": {"depth_m": 17.883, "depth_ft": 58.67}}, {"type": "Feature", "geometry": {"type": "Point", "coordinates": [686479.738016359, 2529621.89317419]}, "properties": {"depth_m": 17.854, "depth_ft": 58.58}}, {"type": "Feature", "geometry": {"type": "Point", "coordinates": [684769.738016359, 2533101.89317419]}, "properties": {"depth_m": 17.851, "depth_ft": 58.57}}, {"type": "Feature", "geometry": {"type": "Point", "coordinates": [687349.738016359, 2528961.89317419]}, "properties": {"depth_m": 17.833, "depth_ft": 58.51}}, {"type": "Feature", "geometry": {"type": "Point", "coordinates": [684919.738016359, 2531511.89317419]}, "properties": {"depth_m": 17.826, "depth_ft": 58.48}}, {"type": "Feature", "geometry": {"type": "Point", "coordinates": [684709.738016359, 2533041.89317419]}, "properties": {"depth_m": 17.815, "depth_ft": 58.45}}, {"type": "Feature", "geometry": {"type": "Point", "coordinates": [685519.738016359, 2530971.89317419]}, "properties": {"depth_m": 17.807, "depth_ft": 58.42}}, {"type": "Feature", "geometry": {"type": "Point", "coordinates": [686959.738016359, 2529321.89317419]}, "properties": {"depth_m": 17.796, "depth_ft": 58.38}}, {"type": "Feature", "geometry": {"type": "Point", "coordinates": [686929.738016359, 2529321.89317419]}, "properties": {"depth_m": 17.784, "depth_ft": 58.35}}, {"type": "Feature", "geometry": {"type": "Point", "coordinates": [685609.738016359, 2531001.89317419]}, "properties": {"depth_m": 17.777, "depth_ft": 58.32}}, {"type": "Feature", "geometry": {"type": "Point", "coordinates": [687469.738016359, 2528751.89317419]}, "properties": {"depth_m": 17.762, "depth_ft": 58.28}}, {"type": "Feature", "geometry": {"type": "Point", "coordinates": [687559.738016359, 2528601.89317419]}, "properties": {"depth_m": 17.754, "depth_ft": 58.25}}, {"type": "Feature", "geometry": {"type": "Point", "coordinates": [686929.738016359, 2529171.89317419]}, "properties": {"depth_m": 17.733, "depth_ft": 58.18}}, {"type": "Feature", "geometry": {"type": "Point", "coordinates": [684469.738016359, 2532321.89317419]}, "properties": {"depth_m": 17.726, "depth_ft": 58.16}}, {"type": "Feature", "geometry": {"type": "Point", "coordinates": [685729.738016359, 2530671.89317419]}, "properties": {"depth_m": 17.716, "depth_ft": 58.12}}, {"type": "Feature", "geometry": {"type": "Point", "coordinates": [687499.738016359, 2528751.89317419]}, "properties": {"depth_m": 17.707, "depth_ft": 58.09}}, {"type": "Feature", "geometry": {"type": "Point", "coordinates": [685399.738016359, 2531031.89317419]}, "properties": {"depth_m": 17.694, "depth_ft": 58.05}}, {"type": "Feature", "geometry": {"type": "Point", "coordinates": [685429.738016359, 2531001.89317419]}, "properties": {"depth_m": 17.688, "depth_ft": 58.03}}, {"type": "Feature", "geometry": {"type": "Point", "coordinates": [686329.738016359, 2529801.89317419]}, "properties": {"depth_m": 17.665, "depth_ft": 57.96}}, {"type": "Feature", "geometry": {"type": "Point", "coordinates": [687529.738016359, 2528541.89317419]}, "properties": {"depth_m": 17.658, "depth_ft": 57.93}}, {"type": "Feature", "geometry": {"type": "Point", "coordinates": [686299.738016359, 2529681.89317419]}, "properties": {"depth_m": 17.649, "depth_ft": 57.9}}, {"type": "Feature", "geometry": {"type": "Point", "coordinates": [686119.738016359, 2529891.89317419]}, "properties": {"depth_m": 17.63, "depth_ft": 57.84}}, {"type": "Feature", "geometry": {"type": "Point", "coordinates": [684769.738016359, 2532651.89317419]}, "properties": {"depth_m": 17.623, "depth_ft": 57.82}}, {"type": "Feature", "geometry": {"type": "Point", "coordinates": [686929.738016359, 2529351.89317419]}, "properties": {"depth_m": 17.613, "depth_ft": 57.79}}, {"type": "Feature", "geometry": {"type": "Point", "coordinates": [686779.738016359, 2529261.89317419]}, "properties": {"depth_m": 17.597, "depth_ft": 57.73}}, {"type": "Feature", "geometry": {"type": "Point", "coordinates": [686779.738016359, 2529381.89317419]}, "properties": {"depth_m": 17.59, "depth_ft": 57.71}}, {"type": "Feature", "geometry": {"type": "Point", "coordinates": [686839.738016359, 2529351.89317419]}, "properties": {"depth_m": 17.58, "depth_ft": 57.68}}, {"type": "Feature", "geometry": {"type": "Point", "coordinates": [684949.738016359, 2531301.89317419]}, "properties": {"depth_m": 17.567, "depth_ft": 57.63}}, {"type": "Feature", "geometry": {"type": "Point", "coordinates": [686479.738016359, 2529531.89317419]}, "properties": {"depth_m": 17.557, "depth_ft": 57.6}}, {"type": "Feature", "geometry": {"type": "Point", "coordinates": [686449.738016359, 2529531.89317419]}, "properties": {"depth_m": 17.546, "depth_ft": 57.57}}, {"type": "Feature", "geometry": {"type": "Point", "coordinates": [686659.738016359, 2529381.89317419]}, "properties": {"depth_m": 17.536, "depth_ft": 57.53}}, {"type": "Feature", "geometry": {"type": "Point", "coordinates": [686689.738016359, 2529441.89317419]}, "properties": {"depth_m": 17.519, "depth_ft": 57.48}}, {"type": "Feature", "geometry": {"type": "Point", "coordinates": [686179.738016359, 2529891.89317419]}, "properties": {"depth_m": 17.508, "depth_ft": 57.44}}, {"type": "Feature", "geometry": {"type": "Point", "coordinates": [686299.738016359, 2529831.89317419]}, "properties": {"depth_m": 17.503, "depth_ft": 57.42}}, {"type": "Feature", "geometry": {"type": "Point", "coordinates": [686059.738016359, 2530131.89317419]}, "properties": {"depth_m": 17.488, "depth_ft": 57.38}}, {"type": "Feature", "geometry": {"type": "Point", "coordinates": [686509.738016359, 2529561.89317419]}, "properties": {"depth_m": 17.476, "depth_ft": 57.34}}, {"type": "Feature", "geometry": {"type": "Point", "coordinates": [686209.738016359, 2529861.89317419]}, "properties": {"depth_m": 17.467, "depth_ft": 57.31}}, {"type": "Feature", "geometry": {"type": "Point", "coordinates": [686509.738016359, 2529531.89317419]}, "properties": {"depth_m": 17.446, "depth_ft": 57.24}}, {"type": "Feature", "geometry": {"type": "Point", "coordinates": [686869.738016359, 2529351.89317419]}, "properties": {"depth_m": 17.431, "depth_ft": 57.19}}, {"type": "Feature", "geometry": {"type": "Point", "coordinates": [684679.738016359, 2531781.89317419]}, "properties": {"depth_m": 17.419, "depth_ft": 57.15}}, {"type": "Feature", "geometry": {"type": "Point", "coordinates": [687019.738016359, 2529111.89317419]}, "properties": {"depth_m": 17.406, "depth_ft": 57.1}}, {"type": "Feature", "geometry": {"type": "Point", "coordinates": [686239.738016359, 2529831.89317419]}, "properties": {"depth_m": 17.392, "depth_ft": 57.06}}, {"type": "Feature", "geometry": {"type": "Point", "coordinates": [686059.738016359, 2530161.89317419]}, "properties": {"depth_m": 17.384, "depth_ft": 57.03}}, {"type": "Feature", "geometry": {"type": "Point", "coordinates": [684529.738016359, 2532501.89317419]}, "properties": {"depth_m": 17.366, "depth_ft": 56.97}}, {"type": "Feature", "geometry": {"type": "Point", "coordinates": [684709.738016359, 2533071.89317419]}, "properties": {"depth_m": 17.351, "depth_ft": 56.93}}, {"type": "Feature", "geometry": {"type": "Point", "coordinates": [686329.738016359, 2529831.89317419]}, "properties": {"depth_m": 17.337, "depth_ft": 56.88}}, {"type": "Feature", "geometry": {"type": "Point", "coordinates": [686989.738016359, 2529111.89317419]}, "properties": {"depth_m": 17.322, "depth_ft": 56.83}}, {"type": "Feature", "geometry": {"type": "Point", "coordinates": [688849.738016359, 2523411.89317419]}, "properties": {"depth_m": 17.306, "depth_ft": 56.78}}, {"type": "Feature", "geometry": {"type": "Point", "coordinates": [685699.738016359, 2530671.89317419]}, "properties": {"depth_m": 17.284, "depth_ft": 56.7}}, {"type": "Feature", "geometry": {"type": "Point", "coordinates": [686629.738016359, 2529441.89317419]}, "properties": {"depth_m": 17.266, "depth_ft": 56.65}}, {"type": "Feature", "geometry": {"type": "Point", "coordinates": [686749.738016359, 2529471.89317419]}, "properties": {"depth_m": 17.241, "depth_ft": 56.56}}, {"type": "Feature", "geometry": {"type": "Point", "coordinates": [686509.738016359, 2529651.89317419]}, "properties": {"depth_m": 17.233, "depth_ft": 56.54}}, {"type": "Feature", "geometry": {"type": "Point", "coordinates": [686839.738016359, 2529261.89317419]}, "properties": {"depth_m": 17.214, "depth_ft": 56.48}}, {"type": "Feature", "geometry": {"type": "Point", "coordinates": [684679.738016359, 2533071.89317419]}, "properties": {"depth_m": 17.202, "depth_ft": 56.44}}, {"type": "Feature", "geometry": {"type": "Point", "coordinates": [687079.738016359, 2529051.89317419]}, "properties": {"depth_m": 17.183, "depth_ft": 56.37}}, {"type": "Feature", "geometry": {"type": "Point", "coordinates": [686749.738016359, 2529261.89317419]}, "properties": {"depth_m": 17.17, "depth_ft": 56.33}}, {"type": "Feature", "geometry": {"type": "Point", "coordinates": [687439.738016359, 2528601.89317419]}, "properties": {"depth_m": 17.163, "depth_ft": 56.31}}, {"type": "Feature", "geometry": {"type": "Point", "coordinates": [685549.738016359, 2530941.89317419]}, "properties": {"depth_m": 17.156, "depth_ft": 56.29}}, {"type": "Feature", "geometry": {"type": "Point", "coordinates": [684469.738016359, 2532381.89317419]}, "properties": {"depth_m": 17.147, "depth_ft": 56.26}}, {"type": "Feature", "geometry": {"type": "Point", "coordinates": [684679.738016359, 2533101.89317419]}, "properties": {"depth_m": 17.127, "depth_ft": 56.19}}, {"type": "Feature", "geometry": {"type": "Point", "coordinates": [684709.738016359, 2531691.89317419]}, "properties": {"depth_m": 17.108, "depth_ft": 56.13}}, {"type": "Feature", "geometry": {"type": "Point", "coordinates": [687439.738016359, 2528571.89317419]}, "properties": {"depth_m": 17.079, "depth_ft": 56.03}}, {"type": "Feature", "geometry": {"type": "Point", "coordinates": [685969.738016359, 2530311.89317419]}, "properties": {"depth_m": 17.071, "depth_ft": 56.01}}, {"type": "Feature", "geometry": {"type": "Point", "coordinates": [686119.738016359, 2529861.89317419]}, "properties": {"depth_m": 17.05, "depth_ft": 55.94}}, {"type": "Feature", "geometry": {"type": "Point", "coordinates": [686869.738016359, 2529261.89317419]}, "properties": {"depth_m": 17.044, "depth_ft": 55.92}}, {"type": "Feature", "geometry": {"type": "Point", "coordinates": [687319.738016359, 2528871.89317419]}, "properties": {"depth_m": 17.016, "depth_ft": 55.83}}, {"type": "Feature", "geometry": {"type": "Point", "coordinates": [684679.738016359, 2532471.89317419]}, "properties": {"depth_m": 17.001, "depth_ft": 55.78}}, {"type": "Feature", "geometry": {"type": "Point", "coordinates": [685969.738016359, 2530371.89317419]}, "properties": {"depth_m": 16.995, "depth_ft": 55.76}}, {"type": "Feature", "geometry": {"type": "Point", "coordinates": [685759.738016359, 2530581.89317419]}, "properties": {"depth_m": 16.976, "depth_ft": 55.7}}, {"type": "Feature", "geometry": {"type": "Point", "coordinates": [684709.738016359, 2531721.89317419]}, "properties": {"depth_m": 16.958, "depth_ft": 55.64}}, {"type": "Feature", "geometry": {"type": "Point", "coordinates": [685519.738016359, 2530941.89317419]}, "properties": {"depth_m": 16.947, "depth_ft": 55.6}}, {"type": "Feature", "geometry": {"type": "Point", "coordinates": [684589.738016359, 2531991.89317419]}, "properties": {"depth_m": 16.93, "depth_ft": 55.54}}, {"type": "Feature", "geometry": {"type": "Point", "coordinates": [687439.738016359, 2528721.89317419]}, "properties": {"depth_m": 16.924, "depth_ft": 55.53}}, {"type": "Feature", "geometry": {"type": "Point", "coordinates": [686779.738016359, 2529411.89317419]}, "properties": {"depth_m": 16.911, "depth_ft": 55.48}}, {"type": "Feature", "geometry": {"type": "Point", "coordinates": [687589.738016359, 2528631.89317419]}, "properties": {"depth_m": 16.896, "depth_ft": 55.43}}, {"type": "Feature", "geometry": {"type": "Point", "coordinates": [686089.738016359, 2529891.89317419]}, "properties": {"depth_m": 16.884, "depth_ft": 55.39}}, {"type": "Feature", "geometry": {"type": "Point", "coordinates": [686779.738016359, 2529231.89317419]}, "properties": {"depth_m": 16.87, "depth_ft": 55.35}}, {"type": "Feature", "geometry": {"type": "Point", "coordinates": [686359.738016359, 2529801.89317419]}, "properties": {"depth_m": 16.859, "depth_ft": 55.31}}, {"type": "Feature", "geometry": {"type": "Point", "coordinates": [685459.738016359, 2531091.89317419]}, "properties": {"depth_m": 16.844, "depth_ft": 55.26}}, {"type": "Feature", "geometry": {"type": "Point", "coordinates": [687049.738016359, 2529231.89317419]}, "properties": {"depth_m": 16.832, "depth_ft": 55.22}}, {"type": "Feature", "geometry": {"type": "Point", "coordinates": [687019.738016359, 2529261.89317419]}, "properties": {"depth_m": 16.819, "depth_ft": 55.18}}, {"type": "Feature", "geometry": {"type": "Point", "coordinates": [686989.738016359, 2529291.89317419]}, "properties": {"depth_m": 16.813, "depth_ft": 55.16}}, {"type": "Feature", "geometry": {"type": "Point", "coordinates": [687589.738016359, 2528601.89317419]}, "properties": {"depth_m": 16.802, "depth_ft": 55.12}}, {"type": "Feature", "geometry": {"type": "Point", "coordinates": [687019.738016359, 2529321.89317419]}, "properties": {"depth_m": 16.793, "depth_ft": 55.1}}, {"type": "Feature", "geometry": {"type": "Point", "coordinates": [686509.738016359, 2529501.89317419]}, "properties": {"depth_m": 16.777, "depth_ft": 55.04}}, {"type": "Feature", "geometry": {"type": "Point", "coordinates": [684979.738016359, 2531271.89317419]}, "properties": {"depth_m": 16.764, "depth_ft": 55.0}}, {"type": "Feature", "geometry": {"type": "Point", "coordinates": [684619.738016359, 2532141.89317419]}, "properties": {"depth_m": 16.737, "depth_ft": 54.91}}, {"type": "Feature", "geometry": {"type": "Point", "coordinates": [686149.738016359, 2529801.89317419]}, "properties": {"depth_m": 16.722, "depth_ft": 54.86}}, {"type": "Feature", "geometry": {"type": "Point", "coordinates": [687079.738016359, 2529141.89317419]}, "properties": {"depth_m": 16.704, "depth_ft": 54.8}}, {"type": "Feature", "geometry": {"type": "Point", "coordinates": [686959.738016359, 2529111.89317419]}, "properties": {"depth_m": 16.687, "depth_ft": 54.75}}, {"type": "Feature", "geometry": {"type": "Point", "coordinates": [684829.738016359, 2533221.89317419]}, "properties": {"depth_m": 16.676, "depth_ft": 54.71}}, {"type": "Feature", "geometry": {"type": "Point", "coordinates": [685069.738016359, 2531181.89317419]}, "properties": {"depth_m": 16.657, "depth_ft": 54.65}}, {"type": "Feature", "geometry": {"type": "Point", "coordinates": [687319.738016359, 2528991.89317419]}, "properties": {"depth_m": 16.646, "depth_ft": 54.61}}, {"type": "Feature", "geometry": {"type": "Point", "coordinates": [687199.738016359, 2529021.89317419]}, "properties": {"depth_m": 16.638, "depth_ft": 54.59}}, {"type": "Feature", "geometry": {"type": "Point", "coordinates": [684889.738016359, 2531331.89317419]}, "properties": {"depth_m": 16.621, "depth_ft": 54.53}}, {"type": "Feature", "geometry": {"type": "Point", "coordinates": [687289.738016359, 2528871.89317419]}, "properties": {"depth_m": 16.607, "depth_ft": 54.49}}, {"type": "Feature", "geometry": {"type": "Point", "coordinates": [685879.738016359, 2530581.89317419]}, "properties": {"depth_m": 16.595, "depth_ft": 54.45}}, {"type": "Feature", "geometry": {"type": "Point", "coordinates": [687259.738016359, 2528871.89317419]}, "properties": {"depth_m": 16.569, "depth_ft": 54.36}}, {"type": "Feature", "geometry": {"type": "Point", "coordinates": [684769.738016359, 2531691.89317419]}, "properties": {"depth_m": 16.558, "depth_ft": 54.32}}, {"type": "Feature", "geometry": {"type": "Point", "coordinates": [686659.738016359, 2529561.89317419]}, "properties": {"depth_m": 16.544, "depth_ft": 54.28}}, {"type": "Feature", "geometry": {"type": "Point", "coordinates": [684499.738016359, 2531871.89317419]}, "properties": {"depth_m": 16.534, "depth_ft": 54.24}}, {"type": "Feature", "geometry": {"type": "Point", "coordinates": [685399.738016359, 2530971.89317419]}, "properties": {"depth_m": 16.51, "depth_ft": 54.17}}, {"type": "Feature", "geometry": {"type": "Point", "coordinates": [684619.738016359, 2531871.89317419]}, "properties": {"depth_m": 16.495, "depth_ft": 54.12}}, {"type": "Feature", "geometry": {"type": "Point", "coordinates": [686959.738016359, 2529261.89317419]}, "properties": {"depth_m": 16.488, "depth_ft": 54.1}}, {"type": "Feature", "geometry": {"type": "Point", "coordinates": [687229.738016359, 2528841.89317419]}, "properties": {"depth_m": 16.462, "depth_ft": 54.01}}, {"type": "Feature", "geometry": {"type": "Point", "coordinates": [686629.738016359, 2529471.89317419]}, "properties": {"depth_m": 16.444, "depth_ft": 53.95}}, {"type": "Feature", "geometry": {"type": "Point", "coordinates": [686269.738016359, 2529891.89317419]}, "properties": {"depth_m": 16.42, "depth_ft": 53.87}}, {"type": "Feature", "geometry": {"type": "Point", "coordinates": [684589.738016359, 2531961.89317419]}, "properties": {"depth_m": 16.409, "depth_ft": 53.83}}, {"type": "Feature", "geometry": {"type": "Point", "coordinates": [685729.738016359, 2530611.89317419]}, "properties": {"depth_m": 16.397, "depth_ft": 53.8}}, {"type": "Feature", "geometry": {"type": "Point", "coordinates": [688789.738016359, 2525331.89317419]}, "properties": {"depth_m": 16.387, "depth_ft": 53.76}}, {"type": "Feature", "geometry": {"type": "Point", "coordinates": [690379.738016359, 2520051.89317419]}, "properties": {"depth_m": 16.378, "depth_ft": 53.73}}, {"type": "Feature", "geometry": {"type": "Point", "coordinates": [685309.738016359, 2531061.89317419]}, "properties": {"depth_m": 16.354, "depth_ft": 53.66}}, {"type": "Feature", "geometry": {"type": "Point", "coordinates": [687589.738016359, 2528571.89317419]}, "properties": {"depth_m": 16.34, "depth_ft": 53.61}}, {"type": "Feature", "geometry": {"type": "Point", "coordinates": [685969.738016359, 2530011.89317419]}, "properties": {"depth_m": 16.319, "depth_ft": 53.54}}, {"type": "Feature", "geometry": {"type": "Point", "coordinates": [686119.738016359, 2529771.89317419]}, "properties": {"depth_m": 16.298, "depth_ft": 53.47}}, {"type": "Feature", "geometry": {"type": "Point", "coordinates": [687529.738016359, 2528481.89317419]}, "properties": {"depth_m": 16.278, "depth_ft": 53.41}}, {"type": "Feature", "geometry": {"type": "Point", "coordinates": [684619.738016359, 2532051.89317419]}, "properties": {"depth_m": 16.261, "depth_ft": 53.35}}, {"type": "Feature", "geometry": {"type": "Point", "coordinates": [684889.738016359, 2532831.89317419]}, "properties": {"depth_m": 16.24, "depth_ft": 53.28}}, {"type": "Feature", "geometry": {"type": "Point", "coordinates": [686209.738016359, 2529951.89317419]}, "properties": {"depth_m": 16.21, "depth_ft": 53.18}}, {"type": "Feature", "geometry": {"type": "Point", "coordinates": [690409.738016359, 2520051.89317419]}, "properties": {"depth_m": 16.195, "depth_ft": 53.13}}, {"type": "Feature", "geometry": {"type": "Point", "coordinates": [687409.738016359, 2528721.89317419]}, "properties": {"depth_m": 16.173, "depth_ft": 53.06}}, {"type": "Feature", "geometry": {"type": "Point", "coordinates": [685609.738016359, 2531031.89317419]}, "properties": {"depth_m": 16.161, "depth_ft": 53.02}}, {"type": "Feature", "geometry": {"type": "Point", "coordinates": [685729.738016359, 2530581.89317419]}, "properties": {"depth_m": 16.134, "depth_ft": 52.93}}, {"type": "Feature", "geometry": {"type": "Point", "coordinates": [689419.738016359, 2522721.89317419]}, "properties": {"depth_m": 16.114, "depth_ft": 52.87}}, {"type": "Feature", "geometry": {"type": "Point", "coordinates": [686149.738016359, 2529711.89317419]}, "properties": {"depth_m": 16.086, "depth_ft": 52.78}}, {"type": "Feature", "geometry": {"type": "Point", "coordinates": [685879.738016359, 2530611.89317419]}, "properties": {"depth_m": 16.07, "depth_ft": 52.72}}, {"type": "Feature", "geometry": {"type": "Point", "coordinates": [685039.738016359, 2531211.89317419]}, "properties": {"depth_m": 16.045, "depth_ft": 52.64}}, {"type": "Feature", "geometry": {"type": "Point", "coordinates": [685819.738016359, 2530821.89317419]}, "properties": {"depth_m": 16.035, "depth_ft": 52.61}}, {"type": "Feature", "geometry": {"type": "Point", "coordinates": [687499.738016359, 2528991.89317419]}, "properties": {"depth_m": 16.025, "depth_ft": 52.57}}, {"type": "Feature", "geometry": {"type": "Point", "coordinates": [690289.738016359, 2520591.89317419]}, "properties": {"depth_m": 16.01, "depth_ft": 52.53}}, {"type": "Feature", "geometry": {"type": "Point", "coordinates": [684709.738016359, 2531811.89317419]}, "properties": {"depth_m": 15.997, "depth_ft": 52.48}}, {"type": "Feature", "geometry": {"type": "Point", "coordinates": [685339.738016359, 2531001.89317419]}, "properties": {"depth_m": 15.985, "depth_ft": 52.44}}, {"type": "Feature", "geometry": {"type": "Point", "coordinates": [686839.738016359, 2529201.89317419]}, "properties": {"depth_m": 15.983, "depth_ft": 52.44}}, {"type": "Feature", "geometry": {"type": "Point", "coordinates": [684589.738016359, 2532771.89317419]}, "properties": {"depth_m": 15.969, "depth_ft": 52.39}}, {"type": "Feature", "geometry": {"type": "Point", "coordinates": [686179.738016359, 2530071.89317419]}, "properties": {"depth_m": 15.954, "depth_ft": 52.34}}, {"type": "Feature", "geometry": {"type": "Point", "coordinates": [684619.738016359, 2532321.89317419]}, "properties": {"depth_m": 15.915, "depth_ft": 52.21}}, {"type": "Feature", "geometry": {"type": "Point", "coordinates": [686389.738016359, 2529771.89317419]}, "properties": {"depth_m": 15.906, "depth_ft": 52.18}}, {"type": "Feature", "geometry": {"type": "Point", "coordinates": [687559.738016359, 2528271.89317419]}, "properties": {"depth_m": 15.896, "depth_ft": 52.15}}, {"type": "Feature", "geometry": {"type": "Point", "coordinates": [684799.738016359, 2531691.89317419]}, "properties": {"depth_m": 15.882, "depth_ft": 52.11}}, {"type": "Feature", "geometry": {"type": "Point", "coordinates": [684559.738016359, 2531571.89317419]}, "properties": {"depth_m": 15.861, "depth_ft": 52.04}}, {"type": "Feature", "geometry": {"type": "Point", "coordinates": [686869.738016359, 2529201.89317419]}, "properties": {"depth_m": 15.847, "depth_ft": 51.99}}, {"type": "Feature", "geometry": {"type": "Point", "coordinates": [684469.738016359, 2531961.89317419]}, "properties": {"depth_m": 15.828, "depth_ft": 51.93}}, {"type": "Feature", "geometry": {"type": "Point", "coordinates": [687259.738016359, 2528811.89317419]}, "properties": {"depth_m": 15.818, "depth_ft": 51.9}}, {"type": "Feature", "geometry": {"type": "Point", "coordinates": [686569.738016359, 2529591.89317419]}, "properties": {"depth_m": 15.802, "depth_ft": 51.84}}, {"type": "Feature", "geometry": {"type": "Point", "coordinates": [687229.738016359, 2528811.89317419]}, "properties": {"depth_m": 15.767, "depth_ft": 51.73}}, {"type": "Feature", "geometry": {"type": "Point", "coordinates": [684469.738016359, 2531991.89317419]}, "properties": {"depth_m": 15.737, "depth_ft": 51.63}}, {"type": "Feature", "geometry": {"type": "Point", "coordinates": [686209.738016359, 2530011.89317419]}, "properties": {"depth_m": 15.721, "depth_ft": 51.58}}, {"type": "Feature", "geometry": {"type": "Point", "coordinates": [686539.738016359, 2529471.89317419]}, "properties": {"depth_m": 15.701, "depth_ft": 51.51}}, {"type": "Feature", "geometry": {"type": "Point", "coordinates": [688879.738016359, 2523291.89317419]}, "properties": {"depth_m": 15.694, "depth_ft": 51.49}}, {"type": "Feature", "geometry": {"type": "Point", "coordinates": [684829.738016359, 2531661.89317419]}, "properties": {"depth_m": 15.679, "depth_ft": 51.44}}, {"type": "Feature", "geometry": {"type": "Point", "coordinates": [686329.738016359, 2529891.89317419]}, "properties": {"depth_m": 15.667, "depth_ft": 51.4}}, {"type": "Feature", "geometry": {"type": "Point", "coordinates": [689089.738016359, 2522991.89317419]}, "properties": {"depth_m": 15.659, "depth_ft": 51.37}}, {"type": "Feature", "geometry": {"type": "Point", "coordinates": [686569.738016359, 2529531.89317419]}, "properties": {"depth_m": 15.647, "depth_ft": 51.33}}, {"type": "Feature", "geometry": {"type": "Point", "coordinates": [686569.738016359, 2529501.89317419]}, "properties": {"depth_m": 15.64, "depth_ft": 51.31}}, {"type": "Feature", "geometry": {"type": "Point", "coordinates": [690259.738016359, 2520591.89317419]}, "properties": {"depth_m": 15.629, "depth_ft": 51.28}}, {"type": "Feature", "geometry": {"type": "Point", "coordinates": [686089.738016359, 2529801.89317419]}, "properties": {"depth_m": 15.609, "depth_ft": 51.21}}, {"type": "Feature", "geometry": {"type": "Point", "coordinates": [689059.738016359, 2522991.89317419]}, "properties": {"depth_m": 15.589, "depth_ft": 51.15}}, {"type": "Feature", "geometry": {"type": "Point", "coordinates": [685309.738016359, 2531211.89317419]}, "properties": {"depth_m": 15.566, "depth_ft": 51.07}}, {"type": "Feature", "geometry": {"type": "Point", "coordinates": [684499.738016359, 2532471.89317419]}, "properties": {"depth_m": 15.549, "depth_ft": 51.01}}, {"type": "Feature", "geometry": {"type": "Point", "coordinates": [685879.738016359, 2530641.89317419]}, "properties": {"depth_m": 15.539, "depth_ft": 50.98}}, {"type": "Feature", "geometry": {"type": "Point", "coordinates": [685789.738016359, 2530431.89317419]}, "properties": {"depth_m": 15.505, "depth_ft": 50.87}}, {"type": "Feature", "geometry": {"type": "Point", "coordinates": [686869.738016359, 2529381.89317419]}, "properties": {"depth_m": 15.492, "depth_ft": 50.83}}, {"type": "Feature", "geometry": {"type": "Point", "coordinates": [687019.738016359, 2529051.89317419]}, "properties": {"depth_m": 15.476, "depth_ft": 50.78}}, {"type": "Feature", "geometry": {"type": "Point", "coordinates": [688849.738016359, 2525301.89317419]}, "properties": {"depth_m": 15.469, "depth_ft": 50.75}}, {"type": "Feature", "geometry": {"type": "Point", "coordinates": [690259.738016359, 2521101.89317419]}, "properties": {"depth_m": 15.44, "depth_ft": 50.66}}, {"type": "Feature", "geometry": {"type": "Point", "coordinates": [689089.738016359, 2522931.89317419]}, "properties": {"depth_m": 15.436, "depth_ft": 50.64}}, {"type": "Feature", "geometry": {"type": "Point", "coordinates": [687319.738016359, 2529021.89317419]}, "properties": {"depth_m": 15.422, "depth_ft": 50.6}}, {"type": "Feature", "geometry": {"type": "Point", "coordinates": [685429.738016359, 2531121.89317419]}, "properties": {"depth_m": 15.392, "depth_ft": 50.5}}, {"type": "Feature", "geometry": {"type": "Point", "coordinates": [689059.738016359, 2522931.89317419]}, "properties": {"depth_m": 15.364, "depth_ft": 50.41}}, {"type": "Feature", "geometry": {"type": "Point", "coordinates": [686899.738016359, 2529381.89317419]}, "properties": {"depth_m": 15.349, "depth_ft": 50.36}}, {"type": "Feature", "geometry": {"type": "Point", "coordinates": [687349.738016359, 2529021.89317419]}, "properties": {"depth_m": 15.335, "depth_ft": 50.31}}, {"type": "Feature", "geometry": {"type": "Point", "coordinates": [687649.738016359, 2528901.89317419]}, "properties": {"depth_m": 15.327, "depth_ft": 50.28}}, {"type": "Feature", "geometry": {"type": "Point", "coordinates": [684949.738016359, 2531541.89317419]}, "properties": {"depth_m": 15.32, "depth_ft": 50.26}}, {"type": "Feature", "geometry": {"type": "Point", "coordinates": [684709.738016359, 2532441.89317419]}, "properties": {"depth_m": 15.31, "depth_ft": 50.23}}, {"type": "Feature", "geometry": {"type": "Point", "coordinates": [690379.738016359, 2519991.89317419]}, "properties": {"depth_m": 15.286, "depth_ft": 50.15}}, {"type": "Feature", "geometry": {"type": "Point", "coordinates": [685699.738016359, 2530581.89317419]}, "properties": {"depth_m": 15.277, "depth_ft": 50.12}}, {"type": "Feature", "geometry": {"type": "Point", "coordinates": [686029.738016359, 2529891.89317419]}, "properties": {"depth_m": 15.268, "depth_ft": 50.09}}, {"type": "Feature", "geometry": {"type": "Point", "coordinates": [689449.738016359, 2522751.89317419]}, "properties": {"depth_m": 15.241, "depth_ft": 50.0}}, {"type": "Feature", "geometry": {"type": "Point", "coordinates": [688909.738016359, 2523201.89317419]}, "properties": {"depth_m": 15.238, "depth_ft": 49.99}}, {"type": "Feature", "geometry": {"type": "Point", "coordinates": [687109.738016359, 2528991.89317419]}, "properties": {"depth_m": 15.217, "depth_ft": 49.92}}, {"type": "Feature", "geometry": {"type": "Point", "coordinates": [685459.738016359, 2530911.89317419]}, "properties": {"depth_m": 15.195, "depth_ft": 49.85}}, {"type": "Feature", "geometry": {"type": "Point", "coordinates": [686269.738016359, 2529921.89317419]}, "properties": {"depth_m": 15.183, "depth_ft": 49.81}}, {"type": "Feature", "geometry": {"type": "Point", "coordinates": [684619.738016359, 2532201.89317419]}, "properties": {"depth_m": 15.167, "depth_ft": 49.76}}, {"type": "Feature", "geometry": {"type": "Point", "coordinates": [685849.738016359, 2530791.89317419]}, "properties": {"depth_m": 15.154, "depth_ft": 49.72}}, {"type": "Feature", "geometry": {"type": "Point", "coordinates": [689389.738016359, 2522781.89317419]}, "properties": {"depth_m": 15.141, "depth_ft": 49.68}}, {"type": "Feature", "geometry": {"type": "Point", "coordinates": [688489.738016359, 2526681.89317419]}, "properties": {"depth_m": 15.124, "depth_ft": 49.62}}, {"type": "Feature", "geometry": {"type": "Point", "coordinates": [684619.738016359, 2532261.89317419]}, "properties": {"depth_m": 15.104, "depth_ft": 49.55}}, {"type": "Feature", "geometry": {"type": "Point", "coordinates": [684649.738016359, 2531931.89317419]}, "properties": {"depth_m": 15.095, "depth_ft": 49.52}}, {"type": "Feature", "geometry": {"type": "Point", "coordinates": [685129.738016359, 2531121.89317419]}, "properties": {"depth_m": 15.085, "depth_ft": 49.49}}, {"type": "Feature", "geometry": {"type": "Point", "coordinates": [689119.738016359, 2522931.89317419]}, "properties": {"depth_m": 15.066, "depth_ft": 49.43}}, {"type": "Feature", "geometry": {"type": "Point", "coordinates": [686719.738016359, 2529591.89317419]}, "properties": {"depth_m": 15.06, "depth_ft": 49.41}}, {"type": "Feature", "geometry": {"type": "Point", "coordinates": [688789.738016359, 2525391.89317419]}, "properties": {"depth_m": 15.047, "depth_ft": 49.37}}, {"type": "Feature", "geometry": {"type": "Point", "coordinates": [684739.738016359, 2531361.89317419]}, "properties": {"depth_m": 15.043, "depth_ft": 49.35}}, {"type": "Feature", "geometry": {"type": "Point", "coordinates": [684499.738016359, 2531631.89317419]}, "properties": {"depth_m": 15.037, "depth_ft": 49.33}}, {"type": "Feature", "geometry": {"type": "Point", "coordinates": [686569.738016359, 2529471.89317419]}, "properties": {"depth_m": 15.028, "depth_ft": 49.3}}, {"type": "Feature", "geometry": {"type": "Point", "coordinates": [688909.738016359, 2523231.89317419]}, "properties": {"depth_m": 15.011, "depth_ft": 49.25}}, {"type": "Feature", "geometry": {"type": "Point", "coordinates": [688849.738016359, 2523231.89317419]}, "properties": {"depth_m": 15.002, "depth_ft": 49.22}}, {"type": "Feature", "geometry": {"type": "Point", "coordinates": [684589.738016359, 2532801.89317419]}, "properties": {"depth_m": 14.993, "depth_ft": 49.19}}, {"type": "Feature", "geometry": {"type": "Point", "coordinates": [686299.738016359, 2529921.89317419]}, "properties": {"depth_m": 14.987, "depth_ft": 49.17}}, {"type": "Feature", "geometry": {"type": "Point", "coordinates": [685489.738016359, 2530881.89317419]}, "properties": {"depth_m": 14.972, "depth_ft": 49.12}}, {"type": "Feature", "geometry": {"type": "Point", "coordinates": [684799.738016359, 2531781.89317419]}, "properties": {"depth_m": 14.955, "depth_ft": 49.06}}, {"type": "Feature", "geometry": {"type": "Point", "coordinates": [688819.738016359, 2525361.89317419]}, "properties": {"depth_m": 14.933, "depth_ft": 48.99}}, {"type": "Feature", "geometry": {"type": "Point", "coordinates": [690349.738016359, 2520021.89317419]}, "properties": {"depth_m": 14.913, "depth_ft": 48.93}}, {"type": "Feature", "geometry": {"type": "Point", "coordinates": [687199.738016359, 2528931.89317419]}, "properties": {"depth_m": 14.887, "depth_ft": 48.84}}, {"type": "Feature", "geometry": {"type": "Point", "coordinates": [684559.738016359, 2532651.89317419]}, "properties": {"depth_m": 14.863, "depth_ft": 48.76}}, {"type": "Feature", "geometry": {"type": "Point", "coordinates": [687169.738016359, 2528961.89317419]}, "properties": {"depth_m": 14.856, "depth_ft": 48.74}}, {"type": "Feature", "geometry": {"type": "Point", "coordinates": [687559.738016359, 2528721.89317419]}, "properties": {"depth_m": 14.845, "depth_ft": 48.71}}, {"type": "Feature", "geometry": {"type": "Point", "coordinates": [686479.738016359, 2529741.89317419]}, "properties": {"depth_m": 14.83, "depth_ft": 48.65}}, {"type": "Feature", "geometry": {"type": "Point", "coordinates": [686449.738016359, 2529741.89317419]}, "properties": {"depth_m": 14.807, "depth_ft": 48.58}}, {"type": "Feature", "geometry": {"type": "Point", "coordinates": [687589.738016359, 2528961.89317419]}, "properties": {"depth_m": 14.769, "depth_ft": 48.45}}, {"type": "Feature", "geometry": {"type": "Point", "coordinates": [687649.738016359, 2528121.89317419]}, "properties": {"depth_m": 14.758, "depth_ft": 48.42}}, {"type": "Feature", "geometry": {"type": "Point", "coordinates": [685129.738016359, 2530881.89317419]}, "properties": {"depth_m": 14.74, "depth_ft": 48.36}}, {"type": "Feature", "geometry": {"type": "Point", "coordinates": [686989.738016359, 2529051.89317419]}, "properties": {"depth_m": 14.733, "depth_ft": 48.34}}, {"type": "Feature", "geometry": {"type": "Point", "coordinates": [686389.738016359, 2529831.89317419]}, "properties": {"depth_m": 14.721, "depth_ft": 48.3}}, {"type": "Feature", "geometry": {"type": "Point", "coordinates": [687139.738016359, 2529171.89317419]}, "properties": {"depth_m": 14.711, "depth_ft": 48.27}}, {"type": "Feature", "geometry": {"type": "Point", "coordinates": [687619.738016359, 2527581.89317419]}, "properties": {"depth_m": 14.698, "depth_ft": 48.22}}, {"type": "Feature", "geometry": {"type": "Point", "coordinates": [687619.738016359, 2528751.89317419]}, "properties": {"depth_m": 14.68, "depth_ft": 48.16}}, {"type": "Feature", "geometry": {"type": "Point", "coordinates": [687229.738016359, 2529171.89317419]}, "properties": {"depth_m": 14.673, "depth_ft": 48.14}}, {"type": "Feature", "geometry": {"type": "Point", "coordinates": [687709.738016359, 2528361.89317419]}, "properties": {"depth_m": 14.657, "depth_ft": 48.09}}, {"type": "Feature", "geometry": {"type": "Point", "coordinates": [687649.738016359, 2527581.89317419]}, "properties": {"depth_m": 14.646, "depth_ft": 48.05}}, {"type": "Feature", "geometry": {"type": "Point", "coordinates": [684739.738016359, 2531841.89317419]}, "properties": {"depth_m": 14.625, "depth_ft": 47.98}}, {"type": "Feature", "geometry": {"type": "Point", "coordinates": [684889.738016359, 2532981.89317419]}, "properties": {"depth_m": 14.603, "depth_ft": 47.91}}, {"type": "Feature", "geometry": {"type": "Point", "coordinates": [686749.738016359, 2529591.89317419]}, "properties": {"depth_m": 14.593, "depth_ft": 47.88}}, {"type": "Feature", "geometry": {"type": "Point", "coordinates": [688939.738016359, 2523201.89317419]}, "properties": {"depth_m": 14.588, "depth_ft": 47.86}}, {"type": "Feature", "geometry": {"type": "Point", "coordinates": [686329.738016359, 2529921.89317419]}, "properties": {"depth_m": 14.581, "depth_ft": 47.84}}, {"type": "Feature", "geometry": {"type": "Point", "coordinates": [687709.738016359, 2528331.89317419]}, "properties": {"depth_m": 14.566, "depth_ft": 47.79}}, {"type": "Feature", "geometry": {"type": "Point", "coordinates": [685549.738016359, 2530821.89317419]}, "properties": {"depth_m": 14.554, "depth_ft": 47.75}}, {"type": "Feature", "geometry": {"type": "Point", "coordinates": [688849.738016359, 2525271.89317419]}, "properties": {"depth_m": 14.532, "depth_ft": 47.68}}, {"type": "Feature", "geometry": {"type": "Point", "coordinates": [687889.738016359, 2527251.89317419]}, "properties": {"depth_m": 14.52, "depth_ft": 47.64}}, {"type": "Feature", "geometry": {"type": "Point", "coordinates": [686209.738016359, 2530071.89317419]}, "properties": {"depth_m": 14.51, "depth_ft": 47.6}}, {"type": "Feature", "geometry": {"type": "Point", "coordinates": [685369.738016359, 2531181.89317419]}, "properties": {"depth_m": 14.503, "depth_ft": 47.58}}, {"type": "Feature", "geometry": {"type": "Point", "coordinates": [690259.738016359, 2521131.89317419]}, "properties": {"depth_m": 14.483, "depth_ft": 47.52}}, {"type": "Feature", "geometry": {"type": "Point", "coordinates": [688759.738016359, 2525421.89317419]}, "properties": {"depth_m": 14.48, "depth_ft": 47.51}}, {"type": "Feature", "geometry": {"type": "Point", "coordinates": [685549.738016359, 2530791.89317419]}, "properties": {"depth_m": 14.461, "depth_ft": 47.44}}, {"type": "Feature", "geometry": {"type": "Point", "coordinates": [690409.738016359, 2520081.89317419]}, "properties": {"depth_m": 14.447, "depth_ft": 47.4}}, {"type": "Feature", "geometry": {"type": "Point", "coordinates": [686149.738016359, 2530131.89317419]}, "properties": {"depth_m": 14.425, "depth_ft": 47.32}}, {"type": "Feature", "geometry": {"type": "Point", "coordinates": [687259.738016359, 2528781.89317419]}, "properties": {"depth_m": 14.408, "depth_ft": 47.27}}, {"type": "Feature", "geometry": {"type": "Point", "coordinates": [687619.738016359, 2527611.89317419]}, "properties": {"depth_m": 14.395, "depth_ft": 47.23}}, {"type": "Feature", "geometry": {"type": "Point", "coordinates": [686809.738016359, 2529471.89317419]}, "properties": {"depth_m": 14.37, "depth_ft": 47.15}}, {"type": "Feature", "geometry": {"type": "Point", "coordinates": [686269.738016359, 2529951.89317419]}, "properties": {"depth_m": 14.364, "depth_ft": 47.12}}, {"type": "Feature", "geometry": {"type": "Point", "coordinates": [688009.738016359, 2527281.89317419]}, "properties": {"depth_m": 14.351, "depth_ft": 47.08}}, {"type": "Feature", "geometry": {"type": "Point", "coordinates": [687199.738016359, 2529201.89317419]}, "properties": {"depth_m": 14.339, "depth_ft": 47.04}}, {"type": "Feature", "geometry": {"type": "Point", "coordinates": [687409.738016359, 2528601.89317419]}, "properties": {"depth_m": 14.334, "depth_ft": 47.03}}, {"type": "Feature", "geometry": {"type": "Point", "coordinates": [687169.738016359, 2529201.89317419]}, "properties": {"depth_m": 14.313, "depth_ft": 46.96}}, {"type": "Feature", "geometry": {"type": "Point", "coordinates": [684649.738016359, 2532141.89317419]}, "properties": {"depth_m": 14.277, "depth_ft": 46.84}}, {"type": "Feature", "geometry": {"type": "Point", "coordinates": [686359.738016359, 2529561.89317419]}, "properties": {"depth_m": 14.271, "depth_ft": 46.82}}, {"type": "Feature", "geometry": {"type": "Point", "coordinates": [688849.738016359, 2525421.89317419]}, "properties": {"depth_m": 14.263, "depth_ft": 46.79}}, {"type": "Feature", "geometry": {"type": "Point", "coordinates": [690349.738016359, 2520321.89317419]}, "properties": {"depth_m": 14.238, "depth_ft": 46.71}}, {"type": "Feature", "geometry": {"type": "Point", "coordinates": [690619.738016359, 2519781.89317419]}, "properties": {"depth_m": 14.218, "depth_ft": 46.65}}, {"type": "Feature", "geometry": {"type": "Point", "coordinates": [686599.738016359, 2529711.89317419]}, "properties": {"depth_m": 14.198, "depth_ft": 46.58}}, {"type": "Feature", "geometry": {"type": "Point", "coordinates": [687649.738016359, 2527551.89317419]}, "properties": {"depth_m": 14.187, "depth_ft": 46.55}}, {"type": "Feature", "geometry": {"type": "Point", "coordinates": [688159.738016359, 2527281.89317419]}, "properties": {"depth_m": 14.169, "depth_ft": 46.49}}, {"type": "Feature", "geometry": {"type": "Point", "coordinates": [689359.738016359, 2522751.89317419]}, "properties": {"depth_m": 14.157, "depth_ft": 46.45}}, {"type": "Feature", "geometry": {"type": "Point", "coordinates": [687139.738016359, 2528961.89317419]}, "properties": {"depth_m": 14.119, "depth_ft": 46.32}}, {"type": "Feature", "geometry": {"type": "Point", "coordinates": [684649.738016359, 2532021.89317419]}, "properties": {"depth_m": 14.092, "depth_ft": 46.23}}, {"type": "Feature", "geometry": {"type": "Point", "coordinates": [684709.738016359, 2531331.89317419]}, "properties": {"depth_m": 14.072, "depth_ft": 46.17}}, {"type": "Feature", "geometry": {"type": "Point", "coordinates": [688939.738016359, 2523471.89317419]}, "properties": {"depth_m": 14.063, "depth_ft": 46.14}}, {"type": "Feature", "geometry": {"type": "Point", "coordinates": [687649.738016359, 2528931.89317419]}, "properties": {"depth_m": 14.037, "depth_ft": 46.05}}, {"type": "Feature", "geometry": {"type": "Point", "coordinates": [687709.738016359, 2528721.89317419]}, "properties": {"depth_m": 14.03, "depth_ft": 46.03}}, {"type": "Feature", "geometry": {"type": "Point", "coordinates": [687559.738016359, 2528451.89317419]}, "properties": {"depth_m": 14.012, "depth_ft": 45.97}}, {"type": "Feature", "geometry": {"type": "Point", "coordinates": [687319.738016359, 2528751.89317419]}, "properties": {"depth_m": 14.001, "depth_ft": 45.94}}, {"type": "Feature", "geometry": {"type": "Point", "coordinates": [687349.738016359, 2528691.89317419]}, "properties": {"depth_m": 13.998, "depth_ft": 45.93}}, {"type": "Feature", "geometry": {"type": "Point", "coordinates": [684649.738016359, 2532261.89317419]}, "properties": {"depth_m": 13.988, "depth_ft": 45.89}}, {"type": "Feature", "geometry": {"type": "Point", "coordinates": [685459.738016359, 2530881.89317419]}, "properties": {"depth_m": 13.968, "depth_ft": 45.83}}, {"type": "Feature", "geometry": {"type": "Point", "coordinates": [687589.738016359, 2528181.89317419]}, "properties": {"depth_m": 13.961, "depth_ft": 45.8}}, {"type": "Feature", "geometry": {"type": "Point", "coordinates": [685099.738016359, 2530881.89317419]}, "properties": {"depth_m": 13.949, "depth_ft": 45.77}}, {"type": "Feature", "geometry": {"type": "Point", "coordinates": [688009.738016359, 2527311.89317419]}, "properties": {"depth_m": 13.939, "depth_ft": 45.73}}, {"type": "Feature", "geometry": {"type": "Point", "coordinates": [685099.738016359, 2530911.89317419]}, "properties": {"depth_m": 13.924, "depth_ft": 45.68}}, {"type": "Feature", "geometry": {"type": "Point", "coordinates": [690559.738016359, 2519751.89317419]}, "properties": {"depth_m": 13.904, "depth_ft": 45.62}}, {"type": "Feature", "geometry": {"type": "Point", "coordinates": [688879.738016359, 2523141.89317419]}, "properties": {"depth_m": 13.894, "depth_ft": 45.58}}, {"type": "Feature", "geometry": {"type": "Point", "coordinates": [686659.738016359, 2529621.89317419]}, "properties": {"depth_m": 13.884, "depth_ft": 45.55}}, {"type": "Feature", "geometry": {"type": "Point", "coordinates": [685159.738016359, 2530911.89317419]}, "properties": {"depth_m": 13.869, "depth_ft": 45.5}}, {"type": "Feature", "geometry": {"type": "Point", "coordinates": [687529.738016359, 2528991.89317419]}, "properties": {"depth_m": 13.861, "depth_ft": 45.48}}, {"type": "Feature", "geometry": {"type": "Point", "coordinates": [684829.738016359, 2532591.89317419]}, "properties": {"depth_m": 13.846, "depth_ft": 45.43}}, {"type": "Feature", "geometry": {"type": "Point", "coordinates": [685279.738016359, 2530971.89317419]}, "properties": {"depth_m": 13.837, "depth_ft": 45.4}}, {"type": "Feature", "geometry": {"type": "Point", "coordinates": [689029.738016359, 2522931.89317419]}, "properties": {"depth_m": 13.829, "depth_ft": 45.37}}, {"type": "Feature", "geometry": {"type": "Point", "coordinates": [687319.738016359, 2529051.89317419]}, "properties": {"depth_m": 13.824, "depth_ft": 45.35}}, {"type": "Feature", "geometry": {"type": "Point", "coordinates": [690229.738016359, 2521041.89317419]}, "properties": {"depth_m": 13.819, "depth_ft": 45.34}}, {"type": "Feature", "geometry": {"type": "Point", "coordinates": [688039.738016359, 2527251.89317419]}, "properties": {"depth_m": 13.8, "depth_ft": 45.27}}, {"type": "Feature", "geometry": {"type": "Point", "coordinates": [688159.738016359, 2527311.89317419]}, "properties": {"depth_m": 13.787, "depth_ft": 45.23}}, {"type": "Feature", "geometry": {"type": "Point", "coordinates": [691189.738016359, 2518731.89317419]}, "properties": {"depth_m": 13.771, "depth_ft": 45.18}}, {"type": "Feature", "geometry": {"type": "Point", "coordinates": [690439.738016359, 2520051.89317419]}, "properties": {"depth_m": 13.759, "depth_ft": 45.14}}, {"type": "Feature", "geometry": {"type": "Point", "coordinates": [687859.738016359, 2527281.89317419]}, "properties": {"depth_m": 13.755, "depth_ft": 45.13}}, {"type": "Feature", "geometry": {"type": "Point", "coordinates": [688099.738016359, 2527251.89317419]}, "properties": {"depth_m": 13.733, "depth_ft": 45.06}}, {"type": "Feature", "geometry": {"type": "Point", "coordinates": [684439.738016359, 2532141.89317419]}, "properties": {"depth_m": 13.718, "depth_ft": 45.01}}, {"type": "Feature", "geometry": {"type": "Point", "coordinates": [685489.738016359, 2530851.89317419]}, "properties": {"depth_m": 13.712, "depth_ft": 44.99}}, {"type": "Feature", "geometry": {"type": "Point", "coordinates": [687259.738016359, 2529111.89317419]}, "properties": {"depth_m": 13.704, "depth_ft": 44.96}}, {"type": "Feature", "geometry": {"type": "Point", "coordinates": [684439.738016359, 2532231.89317419]}, "properties": {"depth_m": 13.696, "depth_ft": 44.94}}, {"type": "Feature", "geometry": {"type": "Point", "coordinates": [687679.738016359, 2527881.89317419]}, "properties": {"depth_m": 13.683, "depth_ft": 44.89}}, {"type": "Feature", "geometry": {"type": "Point", "coordinates": [690439.738016359, 2520021.89317419]}, "properties": {"depth_m": 13.667, "depth_ft": 44.84}}, {"type": "Feature", "geometry": {"type": "Point", "coordinates": [690589.738016359, 2519601.89317419]}, "properties": {"depth_m": 13.652, "depth_ft": 44.79}}, {"type": "Feature", "geometry": {"type": "Point", "coordinates": [684799.738016359, 2531841.89317419]}, "properties": {"depth_m": 13.637, "depth_ft": 44.74}}, {"type": "Feature", "geometry": {"type": "Point", "coordinates": [685909.738016359, 2530581.89317419]}, "properties": {"depth_m": 13.61, "depth_ft": 44.65}}, {"type": "Feature", "geometry": {"type": "Point", "coordinates": [690439.738016359, 2520081.89317419]}, "properties": {"depth_m": 13.604, "depth_ft": 44.63}}, {"type": "Feature", "geometry": {"type": "Point", "coordinates": [686059.738016359, 2530281.89317419]}, "properties": {"depth_m": 13.581, "depth_ft": 44.56}}, {"type": "Feature", "geometry": {"type": "Point", "coordinates": [685099.738016359, 2531121.89317419]}, "properties": {"depth_m": 13.573, "depth_ft": 44.53}}, {"type": "Feature", "geometry": {"type": "Point", "coordinates": [686449.738016359, 2529771.89317419]}, "properties": {"depth_m": 13.556, "depth_ft": 44.48}}, {"type": "Feature", "geometry": {"type": "Point", "coordinates": [688969.738016359, 2523021.89317419]}, "properties": {"depth_m": 13.544, "depth_ft": 44.44}}, {"type": "Feature", "geometry": {"type": "Point", "coordinates": [686419.738016359, 2529831.89317419]}, "properties": {"depth_m": 13.527, "depth_ft": 44.38}}, {"type": "Feature", "geometry": {"type": "Point", "coordinates": [688129.738016359, 2527251.89317419]}, "properties": {"depth_m": 13.518, "depth_ft": 44.35}}, {"type": "Feature", "geometry": {"type": "Point", "coordinates": [684979.738016359, 2531211.89317419]}, "properties": {"depth_m": 13.507, "depth_ft": 44.32}}, {"type": "Feature", "geometry": {"type": "Point", "coordinates": [688549.738016359, 2526441.89317419]}, "properties": {"depth_m": 13.5, "depth_ft": 44.29}}, {"type": "Feature", "geometry": {"type": "Point", "coordinates": [690619.738016359, 2519601.89317419]}, "properties": {"depth_m": 13.492, "depth_ft": 44.26}}, {"type": "Feature", "geometry": {"type": "Point", "coordinates": [685699.738016359, 2530521.89317419]}, "properties": {"depth_m": 13.475, "depth_ft": 44.21}}, {"type": "Feature", "geometry": {"type": "Point", "coordinates": [686269.738016359, 2529981.89317419]}, "properties": {"depth_m": 13.468, "depth_ft": 44.19}}, {"type": "Feature", "geometry": {"type": "Point", "coordinates": [689149.738016359, 2522871.89317419]}, "properties": {"depth_m": 13.457, "depth_ft": 44.15}}, {"type": "Feature", "geometry": {"type": "Point", "coordinates": [688939.738016359, 2525001.89317419]}, "properties": {"depth_m": 13.449, "depth_ft": 44.12}}, {"type": "Feature", "geometry": {"type": "Point", "coordinates": [688459.738016359, 2526681.89317419]}, "properties": {"depth_m": 13.428, "depth_ft": 44.06}}, {"type": "Feature", "geometry": {"type": "Point", "coordinates": [684739.738016359, 2531271.89317419]}, "properties": {"depth_m": 13.421, "depth_ft": 44.03}}, {"type": "Feature", "geometry": {"type": "Point", "coordinates": [685999.738016359, 2529831.89317419]}, "properties": {"depth_m": 13.4, "depth_ft": 43.96}}, {"type": "Feature", "geometry": {"type": "Point", "coordinates": [688669.738016359, 2525961.89317419]}, "properties": {"depth_m": 13.39, "depth_ft": 43.93}}, {"type": "Feature", "geometry": {"type": "Point", "coordinates": [688909.738016359, 2525001.89317419]}, "properties": {"depth_m": 13.379, "depth_ft": 43.89}}, {"type": "Feature", "geometry": {"type": "Point", "coordinates": [687919.738016359, 2527251.89317419]}, "properties": {"depth_m": 13.37, "depth_ft": 43.86}}, {"type": "Feature", "geometry": {"type": "Point", "coordinates": [684949.738016359, 2531001.89317419]}, "properties": {"depth_m": 13.355, "depth_ft": 43.82}}, {"type": "Feature", "geometry": {"type": "Point", "coordinates": [688939.738016359, 2524971.89317419]}, "properties": {"depth_m": 13.34, "depth_ft": 43.77}}, {"type": "Feature", "geometry": {"type": "Point", "coordinates": [684859.738016359, 2532561.89317419]}, "properties": {"depth_m": 13.333, "depth_ft": 43.74}}, {"type": "Feature", "geometry": {"type": "Point", "coordinates": [685159.738016359, 2530821.89317419]}, "properties": {"depth_m": 13.324, "depth_ft": 43.72}}, {"type": "Feature", "geometry": {"type": "Point", "coordinates": [688549.738016359, 2526681.89317419]}, "properties": {"depth_m": 13.321, "depth_ft": 43.7}}, {"type": "Feature", "geometry": {"type": "Point", "coordinates": [689509.738016359, 2522751.89317419]}, "properties": {"depth_m": 13.31, "depth_ft": 43.67}}, {"type": "Feature", "geometry": {"type": "Point", "coordinates": [685039.738016359, 2530941.89317419]}, "properties": {"depth_m": 13.298, "depth_ft": 43.63}}, {"type": "Feature", "geometry": {"type": "Point", "coordinates": [690349.738016359, 2520561.89317419]}, "properties": {"depth_m": 13.293, "depth_ft": 43.61}}, {"type": "Feature", "geometry": {"type": "Point", "coordinates": [685069.738016359, 2530941.89317419]}, "properties": {"depth_m": 13.285, "depth_ft": 43.58}}, {"type": "Feature", "geometry": {"type": "Point", "coordinates": [689089.738016359, 2523141.89317419]}, "properties": {"depth_m": 13.271, "depth_ft": 43.54}}, {"type": "Feature", "geometry": {"type": "Point", "coordinates": [684739.738016359, 2532471.89317419]}, "properties": {"depth_m": 13.262, "depth_ft": 43.51}}, {"type": "Feature", "geometry": {"type": "Point", "coordinates": [684769.738016359, 2531271.89317419]}, "properties": {"depth_m": 13.257, "depth_ft": 43.5}}, {"type": "Feature", "geometry": {"type": "Point", "coordinates": [687979.738016359, 2527281.89317419]}, "properties": {"depth_m": 13.249, "depth_ft": 43.47}}, {"type": "Feature", "geometry": {"type": "Point", "coordinates": [689509.738016359, 2522691.89317419]}, "properties": {"depth_m": 13.239, "depth_ft": 43.43}}, {"type": "Feature", "geometry": {"type": "Point", "coordinates": [687229.738016359, 2529201.89317419]}, "properties": {"depth_m": 13.231, "depth_ft": 43.41}}, {"type": "Feature", "geometry": {"type": "Point", "coordinates": [690559.738016359, 2519721.89317419]}, "properties": {"depth_m": 13.225, "depth_ft": 43.39}}, {"type": "Feature", "geometry": {"type": "Point", "coordinates": [685369.738016359, 2530911.89317419]}, "properties": {"depth_m": 13.215, "depth_ft": 43.36}}, {"type": "Feature", "geometry": {"type": "Point", "coordinates": [687859.738016359, 2527311.89317419]}, "properties": {"depth_m": 13.202, "depth_ft": 43.31}}, {"type": "Feature", "geometry": {"type": "Point", "coordinates": [690919.738016359, 2519271.89317419]}, "properties": {"depth_m": 13.184, "depth_ft": 43.25}}, {"type": "Feature", "geometry": {"type": "Point", "coordinates": [688969.738016359, 2523201.89317419]}, "properties": {"depth_m": 13.171, "depth_ft": 43.21}}, {"type": "Feature", "geometry": {"type": "Point", "coordinates": [684439.738016359, 2532171.89317419]}, "properties": {"depth_m": 13.157, "depth_ft": 43.17}}, {"type": "Feature", "geometry": {"type": "Point", "coordinates": [690619.738016359, 2519631.89317419]}, "properties": {"depth_m": 13.152, "depth_ft": 43.15}}, {"type": "Feature", "geometry": {"type": "Point", "coordinates": [690589.738016359, 2519661.89317419]}, "properties": {"depth_m": 13.128, "depth_ft": 43.07}}, {"type": "Feature", "geometry": {"type": "Point", "coordinates": [688699.738016359, 2525151.89317419]}, "properties": {"depth_m": 13.123, "depth_ft": 43.05}}, {"type": "Feature", "geometry": {"type": "Point", "coordinates": [688669.738016359, 2525931.89317419]}, "properties": {"depth_m": 13.12, "depth_ft": 43.04}}, {"type": "Feature", "geometry": {"type": "Point", "coordinates": [688819.738016359, 2525151.89317419]}, "properties": {"depth_m": 13.103, "depth_ft": 42.99}}, {"type": "Feature", "geometry": {"type": "Point", "coordinates": [685249.738016359, 2530971.89317419]}, "properties": {"depth_m": 13.082, "depth_ft": 42.92}}, {"type": "Feature", "geometry": {"type": "Point", "coordinates": [686569.738016359, 2529411.89317419]}, "properties": {"depth_m": 13.076, "depth_ft": 42.9}}, {"type": "Feature", "geometry": {"type": "Point", "coordinates": [688549.738016359, 2526591.89317419]}, "properties": {"depth_m": 13.064, "depth_ft": 42.86}}, {"type": "Feature", "geometry": {"type": "Point", "coordinates": [689029.738016359, 2523141.89317419]}, "properties": {"depth_m": 13.056, "depth_ft": 42.83}}, {"type": "Feature", "geometry": {"type": "Point", "coordinates": [689449.738016359, 2522661.89317419]}, "properties": {"depth_m": 13.04, "depth_ft": 42.78}}, {"type": "Feature", "geometry": {"type": "Point", "coordinates": [685069.738016359, 2531031.89317419]}, "properties": {"depth_m": 13.034, "depth_ft": 42.76}}, {"type": "Feature", "geometry": {"type": "Point", "coordinates": [691099.738016359, 2518761.89317419]}, "properties": {"depth_m": 13.028, "depth_ft": 42.74}}, {"type": "Feature", "geometry": {"type": "Point", "coordinates": [689329.738016359, 2522811.89317419]}, "properties": {"depth_m": 13.025, "depth_ft": 42.73}}, {"type": "Feature", "geometry": {"type": "Point", "coordinates": [689539.738016359, 2522721.89317419]}, "properties": {"depth_m": 13.017, "depth_ft": 42.71}}, {"type": "Feature", "geometry": {"type": "Point", "coordinates": [690619.738016359, 2519661.89317419]}, "properties": {"depth_m": 13.01, "depth_ft": 42.68}}, {"type": "Feature", "geometry": {"type": "Point", "coordinates": [687289.738016359, 2529081.89317419]}, "properties": {"depth_m": 12.995, "depth_ft": 42.63}}, {"type": "Feature", "geometry": {"type": "Point", "coordinates": [685189.738016359, 2531331.89317419]}, "properties": {"depth_m": 12.988, "depth_ft": 42.61}}, {"type": "Feature", "geometry": {"type": "Point", "coordinates": [689359.738016359, 2522661.89317419]}, "properties": {"depth_m": 12.979, "depth_ft": 42.58}}, {"type": "Feature", "geometry": {"type": "Point", "coordinates": [687709.738016359, 2528841.89317419]}, "properties": {"depth_m": 12.975, "depth_ft": 42.57}}, {"type": "Feature", "geometry": {"type": "Point", "coordinates": [687709.738016359, 2527611.89317419]}, "properties": {"depth_m": 12.965, "depth_ft": 42.53}}, {"type": "Feature", "geometry": {"type": "Point", "coordinates": [690649.738016359, 2519841.89317419]}, "properties": {"depth_m": 12.957, "depth_ft": 42.51}}, {"type": "Feature", "geometry": {"type": "Point", "coordinates": [684859.738016359, 2533191.89317419]}, "properties": {"depth_m": 12.941, "depth_ft": 42.46}}, {"type": "Feature", "geometry": {"type": "Point", "coordinates": [685459.738016359, 2530851.89317419]}, "properties": {"depth_m": 12.929, "depth_ft": 42.42}}, {"type": "Feature", "geometry": {"type": "Point", "coordinates": [687679.738016359, 2527521.89317419]}, "properties": {"depth_m": 12.92, "depth_ft": 42.39}}, {"type": "Feature", "geometry": {"type": "Point", "coordinates": [688159.738016359, 2527341.89317419]}, "properties": {"depth_m": 12.916, "depth_ft": 42.38}}, {"type": "Feature", "geometry": {"type": "Point", "coordinates": [685789.738016359, 2530371.89317419]}, "properties": {"depth_m": 12.909, "depth_ft": 42.35}}, {"type": "Feature", "geometry": {"type": "Point", "coordinates": [687259.738016359, 2528751.89317419]}, "properties": {"depth_m": 12.897, "depth_ft": 42.31}}, {"type": "Feature", "geometry": {"type": "Point", "coordinates": [688849.738016359, 2525571.89317419]}, "properties": {"depth_m": 12.89, "depth_ft": 42.29}}, {"type": "Feature", "geometry": {"type": "Point", "coordinates": [685519.738016359, 2530821.89317419]}, "properties": {"depth_m": 12.88, "depth_ft": 42.26}}, {"type": "Feature", "geometry": {"type": "Point", "coordinates": [687049.738016359, 2529381.89317419]}, "properties": {"depth_m": 12.87, "depth_ft": 42.22}}, {"type": "Feature", "geometry": {"type": "Point", "coordinates": [688879.738016359, 2525331.89317419]}, "properties": {"depth_m": 12.86, "depth_ft": 42.19}}, {"type": "Feature", "geometry": {"type": "Point", "coordinates": [689569.738016359, 2522631.89317419]}, "properties": {"depth_m": 12.839, "depth_ft": 42.12}}, {"type": "Feature", "geometry": {"type": "Point", "coordinates": [687709.738016359, 2528271.89317419]}, "properties": {"depth_m": 12.823, "depth_ft": 42.07}}, {"type": "Feature", "geometry": {"type": "Point", "coordinates": [686959.738016359, 2529051.89317419]}, "properties": {"depth_m": 12.815, "depth_ft": 42.05}}, {"type": "Feature", "geometry": {"type": "Point", "coordinates": [687799.738016359, 2527371.89317419]}, "properties": {"depth_m": 12.81, "depth_ft": 42.03}}, {"type": "Feature", "geometry": {"type": "Point", "coordinates": [686059.738016359, 2530311.89317419]}, "properties": {"depth_m": 12.806, "depth_ft": 42.01}}, {"type": "Feature", "geometry": {"type": "Point", "coordinates": [687649.738016359, 2528451.89317419]}, "properties": {"depth_m": 12.802, "depth_ft": 42.0}}, {"type": "Feature", "geometry": {"type": "Point", "coordinates": [690889.738016359, 2519331.89317419]}, "properties": {"depth_m": 12.794, "depth_ft": 41.97}}, {"type": "Feature", "geometry": {"type": "Point", "coordinates": [687559.738016359, 2528391.89317419]}, "properties": {"depth_m": 12.784, "depth_ft": 41.94}}, {"type": "Feature", "geometry": {"type": "Point", "coordinates": [684889.738016359, 2531271.89317419]}, "properties": {"depth_m": 12.772, "depth_ft": 41.9}}, {"type": "Feature", "geometry": {"type": "Point", "coordinates": [685909.738016359, 2530641.89317419]}, "properties": {"depth_m": 12.763, "depth_ft": 41.87}}, {"type": "Feature", "geometry": {"type": "Point", "coordinates": [685309.738016359, 2530941.89317419]}, "properties": {"depth_m": 12.759, "depth_ft": 41.86}}, {"type": "Feature", "geometry": {"type": "Point", "coordinates": [686059.738016359, 2530461.89317419]}, "properties": {"depth_m": 12.744, "depth_ft": 41.81}}, {"type": "Feature", "geometry": {"type": "Point", "coordinates": [687919.738016359, 2527041.89317419]}, "properties": {"depth_m": 12.737, "depth_ft": 41.79}}, {"type": "Feature", "geometry": {"type": "Point", "coordinates": [689149.738016359, 2524641.89317419]}, "properties": {"depth_m": 12.727, "depth_ft": 41.76}}, {"type": "Feature", "geometry": {"type": "Point", "coordinates": [690889.738016359, 2519301.89317419]}, "properties": {"depth_m": 12.724, "depth_ft": 41.75}}, {"type": "Feature", "geometry": {"type": "Point", "coordinates": [688969.738016359, 2524971.89317419]}, "properties": {"depth_m": 12.721, "depth_ft": 41.73}}, {"type": "Feature", "geometry": {"type": "Point", "coordinates": [685099.738016359, 2531001.89317419]}, "properties": {"depth_m": 12.711, "depth_ft": 41.7}}, {"type": "Feature", "geometry": {"type": "Point", "coordinates": [689989.738016359, 2521791.89317419]}, "properties": {"depth_m": 12.705, "depth_ft": 41.68}}, {"type": "Feature", "geometry": {"type": "Point", "coordinates": [686029.738016359, 2530371.89317419]}, "properties": {"depth_m": 12.702, "depth_ft": 41.67}}, {"type": "Feature", "geometry": {"type": "Point", "coordinates": [688909.738016359, 2523501.89317419]}, "properties": {"depth_m": 12.694, "depth_ft": 41.65}}, {"type": "Feature", "geometry": {"type": "Point", "coordinates": [690559.738016359, 2519631.89317419]}, "properties": {"depth_m": 12.69, "depth_ft": 41.63}}, {"type": "Feature", "geometry": {"type": "Point", "coordinates": [686659.738016359, 2529291.89317419]}, "properties": {"depth_m": 12.683, "depth_ft": 41.61}}, {"type": "Feature", "geometry": {"type": "Point", "coordinates": [687709.738016359, 2528121.89317419]}, "properties": {"depth_m": 12.674, "depth_ft": 41.58}}, {"type": "Feature", "geometry": {"type": "Point", "coordinates": [684799.738016359, 2531871.89317419]}, "properties": {"depth_m": 12.665, "depth_ft": 41.55}}, {"type": "Feature", "geometry": {"type": "Point", "coordinates": [689479.738016359, 2522661.89317419]}, "properties": {"depth_m": 12.657, "depth_ft": 41.52}}, {"type": "Feature", "geometry": {"type": "Point", "coordinates": [689119.738016359, 2523141.89317419]}, "properties": {"depth_m": 12.638, "depth_ft": 41.46}}, {"type": "Feature", "geometry": {"type": "Point", "coordinates": [687709.738016359, 2528871.89317419]}, "properties": {"depth_m": 12.629, "depth_ft": 41.43}}, {"type": "Feature", "geometry": {"type": "Point", "coordinates": [685999.738016359, 2530491.89317419]}, "properties": {"depth_m": 12.621, "depth_ft": 41.41}}, {"type": "Feature", "geometry": {"type": "Point", "coordinates": [686119.738016359, 2530221.89317419]}, "properties": {"depth_m": 12.616, "depth_ft": 41.39}}, {"type": "Feature", "geometry": {"type": "Point", "coordinates": [689119.738016359, 2524641.89317419]}, "properties": {"depth_m": 12.609, "depth_ft": 41.37}}, {"type": "Feature", "geometry": {"type": "Point", "coordinates": [687769.738016359, 2528691.89317419]}, "properties": {"depth_m": 12.601, "depth_ft": 41.34}}, {"type": "Feature", "geometry": {"type": "Point", "coordinates": [689209.738016359, 2522841.89317419]}, "properties": {"depth_m": 12.597, "depth_ft": 41.33}}, {"type": "Feature", "geometry": {"type": "Point", "coordinates": [690919.738016359, 2519211.89317419]}, "properties": {"depth_m": 12.589, "depth_ft": 41.3}}, {"type": "Feature", "geometry": {"type": "Point", "coordinates": [687139.738016359, 2529231.89317419]}, "properties": {"depth_m": 12.579, "depth_ft": 41.27}}, {"type": "Feature", "geometry": {"type": "Point", "coordinates": [691099.738016359, 2518791.89317419]}, "properties": {"depth_m": 12.564, "depth_ft": 41.22}}, {"type": "Feature", "geometry": {"type": "Point", "coordinates": [685009.738016359, 2530941.89317419]}, "properties": {"depth_m": 12.557, "depth_ft": 41.2}}, {"type": "Feature", "geometry": {"type": "Point", "coordinates": [688999.738016359, 2523231.89317419]}, "properties": {"depth_m": 12.553, "depth_ft": 41.19}}, {"type": "Feature", "geometry": {"type": "Point", "coordinates": [687919.738016359, 2527281.89317419]}, "properties": {"depth_m": 12.536, "depth_ft": 41.13}}, {"type": "Feature", "geometry": {"type": "Point", "coordinates": [685699.738016359, 2530491.89317419]}, "properties": {"depth_m": 12.532, "depth_ft": 41.12}}, {"type": "Feature", "geometry": {"type": "Point", "coordinates": [685039.738016359, 2530911.89317419]}, "properties": {"depth_m": 12.516, "depth_ft": 41.06}}, {"type": "Feature", "geometry": {"type": "Point", "coordinates": [688159.738016359, 2527221.89317419]}, "properties": {"depth_m": 12.511, "depth_ft": 41.05}}, {"type": "Feature", "geometry": {"type": "Point", "coordinates": [684979.738016359, 2531541.89317419]}, "properties": {"depth_m": 12.499, "depth_ft": 41.01}}, {"type": "Feature", "geometry": {"type": "Point", "coordinates": [686539.738016359, 2529771.89317419]}, "properties": {"depth_m": 12.494, "depth_ft": 40.99}}, {"type": "Feature", "geometry": {"type": "Point", "coordinates": [689989.738016359, 2521761.89317419]}, "properties": {"depth_m": 12.478, "depth_ft": 40.94}}, {"type": "Feature", "geometry": {"type": "Point", "coordinates": [684679.738016359, 2532141.89317419]}, "properties": {"depth_m": 12.467, "depth_ft": 40.9}}, {"type": "Feature", "geometry": {"type": "Point", "coordinates": [685519.738016359, 2530761.89317419]}, "properties": {"depth_m": 12.461, "depth_ft": 40.88}}, {"type": "Feature", "geometry": {"type": "Point", "coordinates": [690229.738016359, 2520561.89317419]}, "properties": {"depth_m": 12.455, "depth_ft": 40.86}}, {"type": "Feature", "geometry": {"type": "Point", "coordinates": [685219.738016359, 2530971.89317419]}, "properties": {"depth_m": 12.449, "depth_ft": 40.84}}, {"type": "Feature", "geometry": {"type": "Point", "coordinates": [688879.738016359, 2525001.89317419]}, "properties": {"depth_m": 12.437, "depth_ft": 40.81}}, {"type": "Feature", "geometry": {"type": "Point", "coordinates": [689029.738016359, 2523171.89317419]}, "properties": {"depth_m": 12.42, "depth_ft": 40.75}}, {"type": "Feature", "geometry": {"type": "Point", "coordinates": [684829.738016359, 2531121.89317419]}, "properties": {"depth_m": 12.408, "depth_ft": 40.71}}, {"type": "Feature", "geometry": {"type": "Point", "coordinates": [690739.738016359, 2519601.89317419]}, "properties": {"depth_m": 12.395, "depth_ft": 40.67}}, {"type": "Feature", "geometry": {"type": "Point", "coordinates": [690919.738016359, 2519331.89317419]}, "properties": {"depth_m": 12.39, "depth_ft": 40.65}}, {"type": "Feature", "geometry": {"type": "Point", "coordinates": [688729.738016359, 2525901.89317419]}, "properties": {"depth_m": 12.386, "depth_ft": 40.64}}, {"type": "Feature", "geometry": {"type": "Point", "coordinates": [690379.738016359, 2520171.89317419]}, "properties": {"depth_m": 12.38, "depth_ft": 40.62}}, {"type": "Feature", "geometry": {"type": "Point", "coordinates": [686119.738016359, 2530251.89317419]}, "properties": {"depth_m": 12.373, "depth_ft": 40.6}}, {"type": "Feature", "geometry": {"type": "Point", "coordinates": [685159.738016359, 2530941.89317419]}, "properties": {"depth_m": 12.363, "depth_ft": 40.56}}, {"type": "Feature", "geometry": {"type": "Point", "coordinates": [690169.738016359, 2521761.89317419]}, "properties": {"depth_m": 12.355, "depth_ft": 40.54}}, {"type": "Feature", "geometry": {"type": "Point", "coordinates": [688999.738016359, 2523201.89317419]}, "properties": {"depth_m": 12.352, "depth_ft": 40.52}}, {"type": "Feature", "geometry": {"type": "Point", "coordinates": [686809.738016359, 2529561.89317419]}, "properties": {"depth_m": 12.348, "depth_ft": 40.51}}, {"type": "Feature", "geometry": {"type": "Point", "coordinates": [688909.738016359, 2523111.89317419]}, "properties": {"depth_m": 12.346, "depth_ft": 40.5}}, {"type": "Feature", "geometry": {"type": "Point", "coordinates": [690949.738016359, 2519121.89317419]}, "properties": {"depth_m": 12.342, "depth_ft": 40.49}}, {"type": "Feature", "geometry": {"type": "Point", "coordinates": [686149.738016359, 2530221.89317419]}, "properties": {"depth_m": 12.333, "depth_ft": 40.46}}, {"type": "Feature", "geometry": {"type": "Point", "coordinates": [687379.738016359, 2528631.89317419]}, "properties": {"depth_m": 12.329, "depth_ft": 40.45}}, {"type": "Feature", "geometry": {"type": "Point", "coordinates": [690649.738016359, 2519631.89317419]}, "properties": {"depth_m": 12.324, "depth_ft": 40.43}}, {"type": "Feature", "geometry": {"type": "Point", "coordinates": [684469.738016359, 2532471.89317419]}, "properties": {"depth_m": 12.321, "depth_ft": 40.42}}, {"type": "Feature", "geometry": {"type": "Point", "coordinates": [687919.738016359, 2527011.89317419]}, "properties": {"depth_m": 12.315, "depth_ft": 40.4}}, {"type": "Feature", "geometry": {"type": "Point", "coordinates": [687619.738016359, 2527821.89317419]}, "properties": {"depth_m": 12.311, "depth_ft": 40.39}}, {"type": "Feature", "geometry": {"type": "Point", "coordinates": [685939.738016359, 2530551.89317419]}, "properties": {"depth_m": 12.307, "depth_ft": 40.38}}, {"type": "Feature", "geometry": {"type": "Point", "coordinates": [691129.738016359, 2518821.89317419]}, "properties": {"depth_m": 12.293, "depth_ft": 40.33}}, {"type": "Feature", "geometry": {"type": "Point", "coordinates": [689389.738016359, 2522631.89317419]}, "properties": {"depth_m": 12.279, "depth_ft": 40.28}}, {"type": "Feature", "geometry": {"type": "Point", "coordinates": [687739.738016359, 2527371.89317419]}, "properties": {"depth_m": 12.269, "depth_ft": 40.25}}, {"type": "Feature", "geometry": {"type": "Point", "coordinates": [686569.738016359, 2529771.89317419]}, "properties": {"depth_m": 12.255, "depth_ft": 40.21}}, {"type": "Feature", "geometry": {"type": "Point", "coordinates": [690649.738016359, 2519601.89317419]}, "properties": {"depth_m": 12.249, "depth_ft": 40.19}}, {"type": "Feature", "geometry": {"type": "Point", "coordinates": [688819.738016359, 2525061.89317419]}, "properties": {"depth_m": 12.245, "depth_ft": 40.17}}, {"type": "Feature", "geometry": {"type": "Point", "coordinates": [687709.738016359, 2527971.89317419]}, "properties": {"depth_m": 12.237, "depth_ft": 40.15}}, {"type": "Feature", "geometry": {"type": "Point", "coordinates": [690679.738016359, 2519511.89317419]}, "properties": {"depth_m": 12.226, "depth_ft": 40.11}}, {"type": "Feature", "geometry": {"type": "Point", "coordinates": [688159.738016359, 2527161.89317419]}, "properties": {"depth_m": 12.217, "depth_ft": 40.08}}, {"type": "Feature", "geometry": {"type": "Point", "coordinates": [687619.738016359, 2527941.89317419]}, "properties": {"depth_m": 12.208, "depth_ft": 40.05}}, {"type": "Feature", "geometry": {"type": "Point", "coordinates": [691369.738016359, 2518551.89317419]}, "properties": {"depth_m": 12.201, "depth_ft": 40.03}}, {"type": "Feature", "geometry": {"type": "Point", "coordinates": [687739.738016359, 2527311.89317419]}, "properties": {"depth_m": 12.198, "depth_ft": 40.02}}, {"type": "Feature", "geometry": {"type": "Point", "coordinates": [688039.738016359, 2527041.89317419]}, "properties": {"depth_m": 12.196, "depth_ft": 40.01}}, {"type": "Feature", "geometry": {"type": "Point", "coordinates": [685099.738016359, 2531031.89317419]}, "properties": {"depth_m": 12.19, "depth_ft": 39.99}}, {"type": "Feature", "geometry": {"type": "Point", "coordinates": [687739.738016359, 2527401.89317419]}, "properties": {"depth_m": 12.186, "depth_ft": 39.98}}, {"type": "Feature", "geometry": {"type": "Point", "coordinates": [688759.738016359, 2525901.89317419]}, "properties": {"depth_m": 12.183, "depth_ft": 39.97}}, {"type": "Feature", "geometry": {"type": "Point", "coordinates": [689119.738016359, 2523171.89317419]}, "properties": {"depth_m": 12.173, "depth_ft": 39.94}}, {"type": "Feature", "geometry": {"type": "Point", "coordinates": [688819.738016359, 2525601.89317419]}, "properties": {"depth_m": 12.162, "depth_ft": 39.9}}, {"type": "Feature", "geometry": {"type": "Point", "coordinates": [691159.738016359, 2518821.89317419]}, "properties": {"depth_m": 12.158, "depth_ft": 39.89}}, {"type": "Feature", "geometry": {"type": "Point", "coordinates": [687709.738016359, 2527491.89317419]}, "properties": {"depth_m": 12.149, "depth_ft": 39.86}}, {"type": "Feature", "geometry": {"type": "Point", "coordinates": [691399.738016359, 2518551.89317419]}, "properties": {"depth_m": 12.143, "depth_ft": 39.84}}, {"type": "Feature", "geometry": {"type": "Point", "coordinates": [688609.738016359, 2526171.89317419]}, "properties": {"depth_m": 12.137, "depth_ft": 39.82}}, {"type": "Feature", "geometry": {"type": "Point", "coordinates": [687679.738016359, 2527491.89317419]}, "properties": {"depth_m": 12.132, "depth_ft": 39.8}}, {"type": "Feature", "geometry": {"type": "Point", "coordinates": [688789.738016359, 2525631.89317419]}, "properties": {"depth_m": 12.128, "depth_ft": 39.79}}, {"type": "Feature", "geometry": {"type": "Point", "coordinates": [684709.738016359, 2532021.89317419]}, "properties": {"depth_m": 12.119, "depth_ft": 39.76}}, {"type": "Feature", "geometry": {"type": "Point", "coordinates": [684709.738016359, 2532111.89317419]}, "properties": {"depth_m": 12.112, "depth_ft": 39.74}}, {"type": "Feature", "geometry": {"type": "Point", "coordinates": [685549.738016359, 2530701.89317419]}, "properties": {"depth_m": 12.11, "depth_ft": 39.73}}, {"type": "Feature", "geometry": {"type": "Point", "coordinates": [687589.738016359, 2528421.89317419]}, "properties": {"depth_m": 12.105, "depth_ft": 39.71}}, {"type": "Feature", "geometry": {"type": "Point", "coordinates": [684709.738016359, 2532321.89317419]}, "properties": {"depth_m": 12.097, "depth_ft": 39.69}}, {"type": "Feature", "geometry": {"type": "Point", "coordinates": [689269.738016359, 2522811.89317419]}, "properties": {"depth_m": 12.087, "depth_ft": 39.65}}, {"type": "Feature", "geometry": {"type": "Point", "coordinates": [684829.738016359, 2531151.89317419]}, "properties": {"depth_m": 12.082, "depth_ft": 39.64}}, {"type": "Feature", "geometry": {"type": "Point", "coordinates": [685969.738016359, 2530671.89317419]}, "properties": {"depth_m": 12.08, "depth_ft": 39.63}}, {"type": "Feature", "geometry": {"type": "Point", "coordinates": [685009.738016359, 2531181.89317419]}, "properties": {"depth_m": 12.074, "depth_ft": 39.61}}, {"type": "Feature", "geometry": {"type": "Point", "coordinates": [687919.738016359, 2527071.89317419]}, "properties": {"depth_m": 12.068, "depth_ft": 39.59}}, {"type": "Feature", "geometry": {"type": "Point", "coordinates": [690919.738016359, 2519091.89317419]}, "properties": {"depth_m": 12.06, "depth_ft": 39.57}}, {"type": "Feature", "geometry": {"type": "Point", "coordinates": [687319.738016359, 2528691.89317419]}, "properties": {"depth_m": 12.055, "depth_ft": 39.55}}, {"type": "Feature", "geometry": {"type": "Point", "coordinates": [688729.738016359, 2525361.89317419]}, "properties": {"depth_m": 12.045, "depth_ft": 39.52}}, {"type": "Feature", "geometry": {"type": "Point", "coordinates": [689419.738016359, 2522871.89317419]}, "properties": {"depth_m": 12.041, "depth_ft": 39.51}}, {"type": "Feature", "geometry": {"type": "Point", "coordinates": [685249.738016359, 2531301.89317419]}, "properties": {"depth_m": 12.028, "depth_ft": 39.46}}, {"type": "Feature", "geometry": {"type": "Point", "coordinates": [685939.738016359, 2530671.89317419]}, "properties": {"depth_m": 12.021, "depth_ft": 39.44}}, {"type": "Feature", "geometry": {"type": "Point", "coordinates": [690019.738016359, 2522151.89317419]}, "properties": {"depth_m": 12.01, "depth_ft": 39.4}}, {"type": "Feature", "geometry": {"type": "Point", "coordinates": [688849.738016359, 2524761.89317419]}, "properties": {"depth_m": 12.001, "depth_ft": 39.37}}, {"type": "Feature", "geometry": {"type": "Point", "coordinates": [691339.738016359, 2518581.89317419]}, "properties": {"depth_m": 11.996, "depth_ft": 39.36}}, {"type": "Feature", "geometry": {"type": "Point", "coordinates": [687679.738016359, 2527761.89317419]}, "properties": {"depth_m": 11.993, "depth_ft": 39.35}}, {"type": "Feature", "geometry": {"type": "Point", "coordinates": [684739.738016359, 2532351.89317419]}, "properties": {"depth_m": 11.986, "depth_ft": 39.32}}, {"type": "Feature", "geometry": {"type": "Point", "coordinates": [688159.738016359, 2527131.89317419]}, "properties": {"depth_m": 11.979, "depth_ft": 39.3}}, {"type": "Feature", "geometry": {"type": "Point", "coordinates": [685489.738016359, 2530821.89317419]}, "properties": {"depth_m": 11.973, "depth_ft": 39.28}}, {"type": "Feature", "geometry": {"type": "Point", "coordinates": [689149.738016359, 2523501.89317419]}, "properties": {"depth_m": 11.967, "depth_ft": 39.26}}, {"type": "Feature", "geometry": {"type": "Point", "coordinates": [688879.738016359, 2525571.89317419]}, "properties": {"depth_m": 11.963, "depth_ft": 39.25}}, {"type": "Feature", "geometry": {"type": "Point", "coordinates": [689989.738016359, 2522151.89317419]}, "properties": {"depth_m": 11.956, "depth_ft": 39.23}}, {"type": "Feature", "geometry": {"type": "Point", "coordinates": [688579.738016359, 2526381.89317419]}, "properties": {"depth_m": 11.95, "depth_ft": 39.21}}, {"type": "Feature", "geometry": {"type": "Point", "coordinates": [688849.738016359, 2523141.89317419]}, "properties": {"depth_m": 11.945, "depth_ft": 39.19}}, {"type": "Feature", "geometry": {"type": "Point", "coordinates": [690169.738016359, 2521821.89317419]}, "properties": {"depth_m": 11.937, "depth_ft": 39.16}}, {"type": "Feature", "geometry": {"type": "Point", "coordinates": [687709.738016359, 2528511.89317419]}, "properties": {"depth_m": 11.925, "depth_ft": 39.12}}, {"type": "Feature", "geometry": {"type": "Point", "coordinates": [685699.738016359, 2530971.89317419]}, "properties": {"depth_m": 11.922, "depth_ft": 39.11}}, {"type": "Feature", "geometry": {"type": "Point", "coordinates": [687799.738016359, 2528751.89317419]}, "properties": {"depth_m": 11.918, "depth_ft": 39.1}}, {"type": "Feature", "geometry": {"type": "Point", "coordinates": [689869.738016359, 2522481.89317419]}, "properties": {"depth_m": 11.896, "depth_ft": 39.03}}, {"type": "Feature", "geometry": {"type": "Point", "coordinates": [689149.738016359, 2524341.89317419]}, "properties": {"depth_m": 11.89, "depth_ft": 39.01}}, {"type": "Feature", "geometry": {"type": "Point", "coordinates": [690259.738016359, 2520681.89317419]}, "properties": {"depth_m": 11.885, "depth_ft": 38.99}}, {"type": "Feature", "geometry": {"type": "Point", "coordinates": [685099.738016359, 2531061.89317419]}, "properties": {"depth_m": 11.879, "depth_ft": 38.97}}, {"type": "Feature", "geometry": {"type": "Point", "coordinates": [686899.738016359, 2529081.89317419]}, "properties": {"depth_m": 11.875, "depth_ft": 38.96}}, {"type": "Feature", "geometry": {"type": "Point", "coordinates": [685549.738016359, 2531121.89317419]}, "properties": {"depth_m": 11.868, "depth_ft": 38.94}}, {"type": "Feature", "geometry": {"type": "Point", "coordinates": [688759.738016359, 2525121.89317419]}, "properties": {"depth_m": 11.865, "depth_ft": 38.93}}, {"type": "Feature", "geometry": {"type": "Point", "coordinates": [688519.738016359, 2526381.89317419]}, "properties": {"depth_m": 11.861, "depth_ft": 38.91}}, {"type": "Feature", "geometry": {"type": "Point", "coordinates": [687619.738016359, 2528061.89317419]}, "properties": {"depth_m": 11.849, "depth_ft": 38.88}}, {"type": "Feature", "geometry": {"type": "Point", "coordinates": [688159.738016359, 2527371.89317419]}, "properties": {"depth_m": 11.848, "depth_ft": 38.87}}, {"type": "Feature", "geometry": {"type": "Point", "coordinates": [685669.738016359, 2530551.89317419]}, "properties": {"depth_m": 11.845, "depth_ft": 38.86}}, {"type": "Feature", "geometry": {"type": "Point", "coordinates": [687649.738016359, 2527401.89317419]}, "properties": {"depth_m": 11.843, "depth_ft": 38.85}}, {"type": "Feature", "geometry": {"type": "Point", "coordinates": [690589.738016359, 2519541.89317419]}, "properties": {"depth_m": 11.836, "depth_ft": 38.83}}, {"type": "Feature", "geometry": {"type": "Point", "coordinates": [690289.738016359, 2521161.89317419]}, "properties": {"depth_m": 11.834, "depth_ft": 38.83}}, {"type": "Feature", "geometry": {"type": "Point", "coordinates": [689179.738016359, 2523471.89317419]}, "properties": {"depth_m": 11.829, "depth_ft": 38.81}}, {"type": "Feature", "geometry": {"type": "Point", "coordinates": [690919.738016359, 2519391.89317419]}, "properties": {"depth_m": 11.818, "depth_ft": 38.77}}, {"type": "Feature", "geometry": {"type": "Point", "coordinates": [687589.738016359, 2528001.89317419]}, "properties": {"depth_m": 11.814, "depth_ft": 38.76}}, {"type": "Feature", "geometry": {"type": "Point", "coordinates": [684859.738016359, 2532621.89317419]}, "properties": {"depth_m": 11.81, "depth_ft": 38.75}}, {"type": "Feature", "geometry": {"type": "Point", "coordinates": [690529.738016359, 2519691.89317419]}, "properties": {"depth_m": 11.803, "depth_ft": 38.72}}, {"type": "Feature", "geometry": {"type": "Point", "coordinates": [688489.738016359, 2526711.89317419]}, "properties": {"depth_m": 11.801, "depth_ft": 38.72}}, {"type": "Feature", "geometry": {"type": "Point", "coordinates": [690019.738016359, 2522121.89317419]}, "properties": {"depth_m": 11.794, "depth_ft": 38.69}}, {"type": "Feature", "geometry": {"type": "Point", "coordinates": [687769.738016359, 2527281.89317419]}, "properties": {"depth_m": 11.788, "depth_ft": 38.67}}, {"type": "Feature", "geometry": {"type": "Point", "coordinates": [691099.738016359, 2518971.89317419]}, "properties": {"depth_m": 11.781, "depth_ft": 38.65}}, {"type": "Feature", "geometry": {"type": "Point", "coordinates": [685999.738016359, 2530551.89317419]}, "properties": {"depth_m": 11.777, "depth_ft": 38.64}}, {"type": "Feature", "geometry": {"type": "Point", "coordinates": [691189.738016359, 2518821.89317419]}, "properties": {"depth_m": 11.775, "depth_ft": 38.63}}, {"type": "Feature", "geometry": {"type": "Point", "coordinates": [687169.738016359, 2529231.89317419]}, "properties": {"depth_m": 11.763, "depth_ft": 38.59}}, {"type": "Feature", "geometry": {"type": "Point", "coordinates": [686059.738016359, 2530521.89317419]}, "properties": {"depth_m": 11.755, "depth_ft": 38.57}}, {"type": "Feature", "geometry": {"type": "Point", "coordinates": [690409.738016359, 2519961.89317419]}, "properties": {"depth_m": 11.748, "depth_ft": 38.54}}, {"type": "Feature", "geometry": {"type": "Point", "coordinates": [690649.738016359, 2519871.89317419]}, "properties": {"depth_m": 11.744, "depth_ft": 38.53}}, {"type": "Feature", "geometry": {"type": "Point", "coordinates": [685099.738016359, 2531421.89317419]}, "properties": {"depth_m": 11.736, "depth_ft": 38.51}}, {"type": "Feature", "geometry": {"type": "Point", "coordinates": [684739.738016359, 2532321.89317419]}, "properties": {"depth_m": 11.732, "depth_ft": 38.49}}, {"type": "Feature", "geometry": {"type": "Point", "coordinates": [687649.738016359, 2528061.89317419]}, "properties": {"depth_m": 11.726, "depth_ft": 38.47}}, {"type": "Feature", "geometry": {"type": "Point", "coordinates": [689179.738016359, 2524311.89317419]}, "properties": {"depth_m": 11.725, "depth_ft": 38.47}}, {"type": "Feature", "geometry": {"type": "Point", "coordinates": [689329.738016359, 2522691.89317419]}, "properties": {"depth_m": 11.722, "depth_ft": 38.46}}, {"type": "Feature", "geometry": {"type": "Point", "coordinates": [689059.738016359, 2523921.89317419]}, "properties": {"depth_m": 11.716, "depth_ft": 38.44}}, {"type": "Feature", "geometry": {"type": "Point", "coordinates": [689719.738016359, 2522361.89317419]}, "properties": {"depth_m": 11.711, "depth_ft": 38.42}}, {"type": "Feature", "geometry": {"type": "Point", "coordinates": [689029.738016359, 2523201.89317419]}, "properties": {"depth_m": 11.704, "depth_ft": 38.4}}, {"type": "Feature", "geometry": {"type": "Point", "coordinates": [687679.738016359, 2528061.89317419]}, "properties": {"depth_m": 11.7, "depth_ft": 38.39}}, {"type": "Feature", "geometry": {"type": "Point", "coordinates": [687619.738016359, 2527731.89317419]}, "properties": {"depth_m": 11.696, "depth_ft": 38.37}}, {"type": "Feature", "geometry": {"type": "Point", "coordinates": [689899.738016359, 2522421.89317419]}, "properties": {"depth_m": 11.692, "depth_ft": 38.36}}, {"type": "Feature", "geometry": {"type": "Point", "coordinates": [690199.738016359, 2521401.89317419]}, "properties": {"depth_m": 11.688, "depth_ft": 38.35}}, {"type": "Feature", "geometry": {"type": "Point", "coordinates": [689059.738016359, 2524671.89317419]}, "properties": {"depth_m": 11.685, "depth_ft": 38.34}}, {"type": "Feature", "geometry": {"type": "Point", "coordinates": [687589.738016359, 2527581.89317419]}, "properties": {"depth_m": 11.681, "depth_ft": 38.32}}, {"type": "Feature", "geometry": {"type": "Point", "coordinates": [690049.738016359, 2521641.89317419]}, "properties": {"depth_m": 11.678, "depth_ft": 38.31}}, {"type": "Feature", "geometry": {"type": "Point", "coordinates": [690349.738016359, 2520681.89317419]}, "properties": {"depth_m": 11.671, "depth_ft": 38.29}}, {"type": "Feature", "geometry": {"type": "Point", "coordinates": [690889.738016359, 2519211.89317419]}, "properties": {"depth_m": 11.668, "depth_ft": 38.28}}, {"type": "Feature", "geometry": {"type": "Point", "coordinates": [685939.738016359, 2530731.89317419]}, "properties": {"depth_m": 11.664, "depth_ft": 38.27}}, {"type": "Feature", "geometry": {"type": "Point", "coordinates": [690319.738016359, 2520201.89317419]}, "properties": {"depth_m": 11.658, "depth_ft": 38.25}}, {"type": "Feature", "geometry": {"type": "Point", "coordinates": [688729.738016359, 2525871.89317419]}, "properties": {"depth_m": 11.651, "depth_ft": 38.22}}, {"type": "Feature", "geometry": {"type": "Point", "coordinates": [690349.738016359, 2520081.89317419]}, "properties": {"depth_m": 11.645, "depth_ft": 38.21}}, {"type": "Feature", "geometry": {"type": "Point", "coordinates": [691159.738016359, 2518881.89317419]}, "properties": {"depth_m": 11.64, "depth_ft": 38.19}}, {"type": "Feature", "geometry": {"type": "Point", "coordinates": [691129.738016359, 2518851.89317419]}, "properties": {"depth_m": 11.637, "depth_ft": 38.18}}, {"type": "Feature", "geometry": {"type": "Point", "coordinates": [684709.738016359, 2532231.89317419]}, "properties": {"depth_m": 11.633, "depth_ft": 38.16}}, {"type": "Feature", "geometry": {"type": "Point", "coordinates": [687649.738016359, 2527491.89317419]}, "properties": {"depth_m": 11.614, "depth_ft": 38.1}}, {"type": "Feature", "geometry": {"type": "Point", "coordinates": [686359.738016359, 2529951.89317419]}, "properties": {"depth_m": 11.607, "depth_ft": 38.08}}, {"type": "Feature", "geometry": {"type": "Point", "coordinates": [690349.738016359, 2520711.89317419]}, "properties": {"depth_m": 11.604, "depth_ft": 38.07}}, {"type": "Feature", "geometry": {"type": "Point", "coordinates": [690259.738016359, 2520441.89317419]}, "properties": {"depth_m": 11.594, "depth_ft": 38.04}}, {"type": "Feature", "geometry": {"type": "Point", "coordinates": [687649.738016359, 2527731.89317419]}, "properties": {"depth_m": 11.586, "depth_ft": 38.01}}, {"type": "Feature", "geometry": {"type": "Point", "coordinates": [689089.738016359, 2524641.89317419]}, "properties": {"depth_m": 11.582, "depth_ft": 38.0}}, {"type": "Feature", "geometry": {"type": "Point", "coordinates": [688069.738016359, 2526891.89317419]}, "properties": {"depth_m": 11.574, "depth_ft": 37.97}}, {"type": "Feature", "geometry": {"type": "Point", "coordinates": [691429.738016359, 2518581.89317419]}, "properties": {"depth_m": 11.567, "depth_ft": 37.95}}, {"type": "Feature", "geometry": {"type": "Point", "coordinates": [689989.738016359, 2521731.89317419]}, "properties": {"depth_m": 11.561, "depth_ft": 37.93}}, {"type": "Feature", "geometry": {"type": "Point", "coordinates": [688729.738016359, 2525541.89317419]}, "properties": {"depth_m": 11.556, "depth_ft": 37.91}}, {"type": "Feature", "geometry": {"type": "Point", "coordinates": [687529.738016359, 2528301.89317419]}, "properties": {"depth_m": 11.547, "depth_ft": 37.88}}, {"type": "Feature", "geometry": {"type": "Point", "coordinates": [688039.738016359, 2527101.89317419]}, "properties": {"depth_m": 11.541, "depth_ft": 37.86}}, {"type": "Feature", "geometry": {"type": "Point", "coordinates": [685129.738016359, 2530971.89317419]}, "properties": {"depth_m": 11.535, "depth_ft": 37.84}}, {"type": "Feature", "geometry": {"type": "Point", "coordinates": [691279.738016359, 2518581.89317419]}, "properties": {"depth_m": 11.528, "depth_ft": 37.82}}, {"type": "Feature", "geometry": {"type": "Point", "coordinates": [690679.738016359, 2519541.89317419]}, "properties": {"depth_m": 11.527, "depth_ft": 37.82}}, {"type": "Feature", "geometry": {"type": "Point", "coordinates": [690139.738016359, 2521401.89317419]}, "properties": {"depth_m": 11.513, "depth_ft": 37.77}}, {"type": "Feature", "geometry": {"type": "Point", "coordinates": [687739.738016359, 2527731.89317419]}, "properties": {"depth_m": 11.509, "depth_ft": 37.76}}, {"type": "Feature", "geometry": {"type": "Point", "coordinates": [690229.738016359, 2520921.89317419]}, "properties": {"depth_m": 11.503, "depth_ft": 37.74}}, {"type": "Feature", "geometry": {"type": "Point", "coordinates": [690229.738016359, 2521671.89317419]}, "properties": {"depth_m": 11.497, "depth_ft": 37.72}}, {"type": "Feature", "geometry": {"type": "Point", "coordinates": [690289.738016359, 2521041.89317419]}, "properties": {"depth_m": 11.491, "depth_ft": 37.7}}, {"type": "Feature", "geometry": {"type": "Point", "coordinates": [687619.738016359, 2527431.89317419]}, "properties": {"depth_m": 11.483, "depth_ft": 37.67}}, {"type": "Feature", "geometry": {"type": "Point", "coordinates": [687589.738016359, 2527671.89317419]}, "properties": {"depth_m": 11.476, "depth_ft": 37.65}}, {"type": "Feature", "geometry": {"type": "Point", "coordinates": [687889.738016359, 2527131.89317419]}, "properties": {"depth_m": 11.472, "depth_ft": 37.64}}, {"type": "Feature", "geometry": {"type": "Point", "coordinates": [689209.738016359, 2523081.89317419]}, "properties": {"depth_m": 11.468, "depth_ft": 37.62}}, {"type": "Feature", "geometry": {"type": "Point", "coordinates": [690799.738016359, 2519481.89317419]}, "properties": {"depth_m": 11.463, "depth_ft": 37.61}}, {"type": "Feature", "geometry": {"type": "Point", "coordinates": [687319.738016359, 2529141.89317419]}, "properties": {"depth_m": 11.459, "depth_ft": 37.6}}, {"type": "Feature", "geometry": {"type": "Point", "coordinates": [688969.738016359, 2523441.89317419]}, "properties": {"depth_m": 11.455, "depth_ft": 37.58}}, {"type": "Feature", "geometry": {"type": "Point", "coordinates": [687589.738016359, 2527551.89317419]}, "properties": {"depth_m": 11.448, "depth_ft": 37.56}}, {"type": "Feature", "geometry": {"type": "Point", "coordinates": [686689.738016359, 2529231.89317419]}, "properties": {"depth_m": 11.44, "depth_ft": 37.53}}, {"type": "Feature", "geometry": {"type": "Point", "coordinates": [688219.738016359, 2527251.89317419]}, "properties": {"depth_m": 11.433, "depth_ft": 37.51}}, {"type": "Feature", "geometry": {"type": "Point", "coordinates": [688879.738016359, 2524881.89317419]}, "properties": {"depth_m": 11.417, "depth_ft": 37.46}}, {"type": "Feature", "geometry": {"type": "Point", "coordinates": [687739.738016359, 2527641.89317419]}, "properties": {"depth_m": 11.408, "depth_ft": 37.43}}, {"type": "Feature", "geometry": {"type": "Point", "coordinates": [687979.738016359, 2527071.89317419]}, "properties": {"depth_m": 11.403, "depth_ft": 37.41}}, {"type": "Feature", "geometry": {"type": "Point", "coordinates": [688099.738016359, 2527401.89317419]}, "properties": {"depth_m": 11.398, "depth_ft": 37.39}}, {"type": "Feature", "geometry": {"type": "Point", "coordinates": [687199.738016359, 2528781.89317419]}, "properties": {"depth_m": 11.396, "depth_ft": 37.39}}, {"type": "Feature", "geometry": {"type": "Point", "coordinates": [686239.738016359, 2530101.89317419]}, "properties": {"depth_m": 11.391, "depth_ft": 37.37}}, {"type": "Feature", "geometry": {"type": "Point", "coordinates": [686209.738016359, 2530161.89317419]}, "properties": {"depth_m": 11.385, "depth_ft": 37.35}}, {"type": "Feature", "geometry": {"type": "Point", "coordinates": [688849.738016359, 2525181.89317419]}, "properties": {"depth_m": 11.379, "depth_ft": 37.33}}, {"type": "Feature", "geometry": {"type": "Point", "coordinates": [688699.738016359, 2525121.89317419]}, "properties": {"depth_m": 11.373, "depth_ft": 37.31}}, {"type": "Feature", "geometry": {"type": "Point", "coordinates": [686269.738016359, 2530041.89317419]}, "properties": {"depth_m": 11.37, "depth_ft": 37.3}}, {"type": "Feature", "geometry": {"type": "Point", "coordinates": [688009.738016359, 2527761.89317419]}, "properties": {"depth_m": 11.366, "depth_ft": 37.29}}, {"type": "Feature", "geometry": {"type": "Point", "coordinates": [689929.738016359, 2522211.89317419]}, "properties": {"depth_m": 11.36, "depth_ft": 37.27}}, {"type": "Feature", "geometry": {"type": "Point", "coordinates": [690019.738016359, 2522181.89317419]}, "properties": {"depth_m": 11.357, "depth_ft": 37.26}}, {"type": "Feature", "geometry": {"type": "Point", "coordinates": [689119.738016359, 2523501.89317419]}, "properties": {"depth_m": 11.351, "depth_ft": 37.24}}, {"type": "Feature", "geometry": {"type": "Point", "coordinates": [687709.738016359, 2527311.89317419]}, "properties": {"depth_m": 11.344, "depth_ft": 37.22}}, {"type": "Feature", "geometry": {"type": "Point", "coordinates": [690889.738016359, 2519091.89317419]}, "properties": {"depth_m": 11.336, "depth_ft": 37.19}}, {"type": "Feature", "geometry": {"type": "Point", "coordinates": [689899.738016359, 2522211.89317419]}, "properties": {"depth_m": 11.33, "depth_ft": 37.17}}, {"type": "Feature", "geometry": {"type": "Point", "coordinates": [686809.738016359, 2529141.89317419]}, "properties": {"depth_m": 11.32, "depth_ft": 37.14}}, {"type": "Feature", "geometry": {"type": "Point", "coordinates": [690019.738016359, 2521641.89317419]}, "properties": {"depth_m": 11.312, "depth_ft": 37.11}}, {"type": "Feature", "geometry": {"type": "Point", "coordinates": [686719.738016359, 2529651.89317419]}, "properties": {"depth_m": 11.304, "depth_ft": 37.09}}, {"type": "Feature", "geometry": {"type": "Point", "coordinates": [690229.738016359, 2520861.89317419]}, "properties": {"depth_m": 11.301, "depth_ft": 37.08}}, {"type": "Feature", "geometry": {"type": "Point", "coordinates": [688639.738016359, 2526201.89317419]}, "properties": {"depth_m": 11.294, "depth_ft": 37.05}}, {"type": "Feature", "geometry": {"type": "Point", "coordinates": [691279.738016359, 2518671.89317419]}, "properties": {"depth_m": 11.287, "depth_ft": 37.03}}, {"type": "Feature", "geometry": {"type": "Point", "coordinates": [690109.738016359, 2521671.89317419]}, "properties": {"depth_m": 11.284, "depth_ft": 37.02}}, {"type": "Feature", "geometry": {"type": "Point", "coordinates": [690349.738016359, 2520111.89317419]}, "properties": {"depth_m": 11.277, "depth_ft": 37.0}}, {"type": "Feature", "geometry": {"type": "Point", "coordinates": [690229.738016359, 2520951.89317419]}, "properties": {"depth_m": 11.267, "depth_ft": 36.96}}, {"type": "Feature", "geometry": {"type": "Point", "coordinates": [690439.738016359, 2519871.89317419]}, "properties": {"depth_m": 11.264, "depth_ft": 36.96}}, {"type": "Feature", "geometry": {"type": "Point", "coordinates": [687769.738016359, 2527251.89317419]}, "properties": {"depth_m": 11.26, "depth_ft": 36.94}}, {"type": "Feature", "geometry": {"type": "Point", "coordinates": [684739.738016359, 2532081.89317419]}, "properties": {"depth_m": 11.257, "depth_ft": 36.93}}, {"type": "Feature", "geometry": {"type": "Point", "coordinates": [689269.738016359, 2523051.89317419]}, "properties": {"depth_m": 11.253, "depth_ft": 36.92}}, {"type": "Feature", "geometry": {"type": "Point", "coordinates": [687829.738016359, 2528691.89317419]}, "properties": {"depth_m": 11.248, "depth_ft": 36.9}}, {"type": "Feature", "geometry": {"type": "Point", "coordinates": [690979.738016359, 2519271.89317419]}, "properties": {"depth_m": 11.245, "depth_ft": 36.89}}, {"type": "Feature", "geometry": {"type": "Point", "coordinates": [687889.738016359, 2527011.89317419]}, "properties": {"depth_m": 11.239, "depth_ft": 36.87}}, {"type": "Feature", "geometry": {"type": "Point", "coordinates": [687919.738016359, 2527491.89317419]}, "properties": {"depth_m": 11.237, "depth_ft": 36.87}}, {"type": "Feature", "geometry": {"type": "Point", "coordinates": [690769.738016359, 2519511.89317419]}, "properties": {"depth_m": 11.233, "depth_ft": 36.86}}, {"type": "Feature", "geometry": {"type": "Point", "coordinates": [691099.738016359, 2518881.89317419]}, "properties": {"depth_m": 11.225, "depth_ft": 36.83}}, {"type": "Feature", "geometry": {"type": "Point", "coordinates": [691249.738016359, 2518821.89317419]}, "properties": {"depth_m": 11.22, "depth_ft": 36.81}}, {"type": "Feature", "geometry": {"type": "Point", "coordinates": [687889.738016359, 2527401.89317419]}, "properties": {"depth_m": 11.217, "depth_ft": 36.8}}, {"type": "Feature", "geometry": {"type": "Point", "coordinates": [688999.738016359, 2523351.89317419]}, "properties": {"depth_m": 11.216, "depth_ft": 36.8}}, {"type": "Feature", "geometry": {"type": "Point", "coordinates": [690769.738016359, 2519391.89317419]}, "properties": {"depth_m": 11.21, "depth_ft": 36.78}}, {"type": "Feature", "geometry": {"type": "Point", "coordinates": [690169.738016359, 2521071.89317419]}, "properties": {"depth_m": 11.196, "depth_ft": 36.73}}, {"type": "Feature", "geometry": {"type": "Point", "coordinates": [684769.738016359, 2531241.89317419]}, "properties": {"depth_m": 11.191, "depth_ft": 36.72}}, {"type": "Feature", "geometry": {"type": "Point", "coordinates": [690829.738016359, 2519241.89317419]}, "properties": {"depth_m": 11.187, "depth_ft": 36.7}}, {"type": "Feature", "geometry": {"type": "Point", "coordinates": [690709.738016359, 2519451.89317419]}, "properties": {"depth_m": 11.182, "depth_ft": 36.69}}, {"type": "Feature", "geometry": {"type": "Point", "coordinates": [688009.738016359, 2527641.89317419]}, "properties": {"depth_m": 11.179, "depth_ft": 36.68}}, {"type": "Feature", "geometry": {"type": "Point", "coordinates": [686089.738016359, 2530521.89317419]}, "properties": {"depth_m": 11.173, "depth_ft": 36.66}}, {"type": "Feature", "geometry": {"type": "Point", "coordinates": [688879.738016359, 2523111.89317419]}, "properties": {"depth_m": 11.17, "depth_ft": 36.65}}, {"type": "Feature", "geometry": {"type": "Point", "coordinates": [691309.738016359, 2518671.89317419]}, "properties": {"depth_m": 11.161, "depth_ft": 36.62}}, {"type": "Feature", "geometry": {"type": "Point", "coordinates": [688909.738016359, 2523531.89317419]}, "properties": {"depth_m": 11.153, "depth_ft": 36.59}}, {"type": "Feature", "geometry": {"type": "Point", "coordinates": [684739.738016359, 2531211.89317419]}, "properties": {"depth_m": 11.149, "depth_ft": 36.58}}, {"type": "Feature", "geometry": {"type": "Point", "coordinates": [685219.738016359, 2530851.89317419]}, "properties": {"depth_m": 11.142, "depth_ft": 36.55}}, {"type": "Feature", "geometry": {"type": "Point", "coordinates": [686389.738016359, 2529921.89317419]}, "properties": {"depth_m": 11.138, "depth_ft": 36.54}}, {"type": "Feature", "geometry": {"type": "Point", "coordinates": [688789.738016359, 2525211.89317419]}, "properties": {"depth_m": 11.132, "depth_ft": 36.52}}, {"type": "Feature", "geometry": {"type": "Point", "coordinates": [685939.738016359, 2530011.89317419]}, "properties": {"depth_m": 11.12, "depth_ft": 36.48}}, {"type": "Feature", "geometry": {"type": "Point", "coordinates": [689209.738016359, 2524371.89317419]}, "properties": {"depth_m": 11.115, "depth_ft": 36.47}}, {"type": "Feature", "geometry": {"type": "Point", "coordinates": [688819.738016359, 2524791.89317419]}, "properties": {"depth_m": 11.11, "depth_ft": 36.45}}, {"type": "Feature", "geometry": {"type": "Point", "coordinates": [690709.738016359, 2519421.89317419]}, "properties": {"depth_m": 11.104, "depth_ft": 36.43}}, {"type": "Feature", "geometry": {"type": "Point", "coordinates": [688819.738016359, 2524851.89317419]}, "properties": {"depth_m": 11.097, "depth_ft": 36.41}}, {"type": "Feature", "geometry": {"type": "Point", "coordinates": [691129.738016359, 2518701.89317419]}, "properties": {"depth_m": 11.095, "depth_ft": 36.4}}, {"type": "Feature", "geometry": {"type": "Point", "coordinates": [691039.738016359, 2519211.89317419]}, "properties": {"depth_m": 11.087, "depth_ft": 36.37}}, {"type": "Feature", "geometry": {"type": "Point", "coordinates": [687409.738016359, 2529081.89317419]}, "properties": {"depth_m": 11.084, "depth_ft": 36.36}}, {"type": "Feature", "geometry": {"type": "Point", "coordinates": [690619.738016359, 2519481.89317419]}, "properties": {"depth_m": 11.078, "depth_ft": 36.35}}, {"type": "Feature", "geometry": {"type": "Point", "coordinates": [688639.738016359, 2525991.89317419]}, "properties": {"depth_m": 11.074, "depth_ft": 36.33}}, {"type": "Feature", "geometry": {"type": "Point", "coordinates": [690889.738016359, 2519151.89317419]}, "properties": {"depth_m": 11.07, "depth_ft": 36.32}}, {"type": "Feature", "geometry": {"type": "Point", "coordinates": [687799.738016359, 2527161.89317419]}, "properties": {"depth_m": 11.064, "depth_ft": 36.3}}, {"type": "Feature", "geometry": {"type": "Point", "coordinates": [688099.738016359, 2526891.89317419]}, "properties": {"depth_m": 11.057, "depth_ft": 36.28}}, {"type": "Feature", "geometry": {"type": "Point", "coordinates": [688639.738016359, 2526231.89317419]}, "properties": {"depth_m": 11.049, "depth_ft": 36.25}}, {"type": "Feature", "geometry": {"type": "Point", "coordinates": [690019.738016359, 2522091.89317419]}, "properties": {"depth_m": 11.044, "depth_ft": 36.23}}, {"type": "Feature", "geometry": {"type": "Point", "coordinates": [686089.738016359, 2530371.89317419]}, "properties": {"depth_m": 11.04, "depth_ft": 36.22}}, {"type": "Feature", "geometry": {"type": "Point", "coordinates": [687139.738016359, 2528901.89317419]}, "properties": {"depth_m": 11.032, "depth_ft": 36.2}}, {"type": "Feature", "geometry": {"type": "Point", "coordinates": [688699.738016359, 2525091.89317419]}, "properties": {"depth_m": 11.023, "depth_ft": 36.17}}, {"type": "Feature", "geometry": {"type": "Point", "coordinates": [691039.738016359, 2519121.89317419]}, "properties": {"depth_m": 11.021, "depth_ft": 36.16}}, {"type": "Feature", "geometry": {"type": "Point", "coordinates": [691189.738016359, 2518911.89317419]}, "properties": {"depth_m": 11.009, "depth_ft": 36.12}}, {"type": "Feature", "geometry": {"type": "Point", "coordinates": [685129.738016359, 2531001.89317419]}, "properties": {"depth_m": 11.006, "depth_ft": 36.11}}, {"type": "Feature", "geometry": {"type": "Point", "coordinates": [689929.738016359, 2522361.89317419]}, "properties": {"depth_m": 11.001, "depth_ft": 36.09}}, {"type": "Feature", "geometry": {"type": "Point", "coordinates": [688249.738016359, 2527071.89317419]}, "properties": {"depth_m": 10.998, "depth_ft": 36.08}}, {"type": "Feature", "geometry": {"type": "Point", "coordinates": [686119.738016359, 2530371.89317419]}, "properties": {"depth_m": 10.993, "depth_ft": 36.06}}, {"type": "Feature", "geometry": {"type": "Point", "coordinates": [685069.738016359, 2531091.89317419]}, "properties": {"depth_m": 10.985, "depth_ft": 36.04}}, {"type": "Feature", "geometry": {"type": "Point", "coordinates": [689119.738016359, 2523441.89317419]}, "properties": {"depth_m": 10.982, "depth_ft": 36.03}}, {"type": "Feature", "geometry": {"type": "Point", "coordinates": [690289.738016359, 2520861.89317419]}, "properties": {"depth_m": 10.978, "depth_ft": 36.02}}, {"type": "Feature", "geometry": {"type": "Point", "coordinates": [687919.738016359, 2527371.89317419]}, "properties": {"depth_m": 10.975, "depth_ft": 36.01}}, {"type": "Feature", "geometry": {"type": "Point", "coordinates": [689449.738016359, 2522871.89317419]}, "properties": {"depth_m": 10.967, "depth_ft": 35.98}}, {"type": "Feature", "geometry": {"type": "Point", "coordinates": [689029.738016359, 2523471.89317419]}, "properties": {"depth_m": 10.963, "depth_ft": 35.97}}, {"type": "Feature", "geometry": {"type": "Point", "coordinates": [688909.738016359, 2524821.89317419]}, "properties": {"depth_m": 10.954, "depth_ft": 35.94}}, {"type": "Feature", "geometry": {"type": "Point", "coordinates": [688279.738016359, 2527131.89317419]}, "properties": {"depth_m": 10.946, "depth_ft": 35.91}}, {"type": "Feature", "geometry": {"type": "Point", "coordinates": [688429.738016359, 2526861.89317419]}, "properties": {"depth_m": 10.941, "depth_ft": 35.9}}, {"type": "Feature", "geometry": {"type": "Point", "coordinates": [690439.738016359, 2519961.89317419]}, "properties": {"depth_m": 10.937, "depth_ft": 35.88}}, {"type": "Feature", "geometry": {"type": "Point", "coordinates": [690019.738016359, 2522061.89317419]}, "properties": {"depth_m": 10.933, "depth_ft": 35.87}}, {"type": "Feature", "geometry": {"type": "Point", "coordinates": [688579.738016359, 2526621.89317419]}, "properties": {"depth_m": 10.928, "depth_ft": 35.85}}, {"type": "Feature", "geometry": {"type": "Point", "coordinates": [690229.738016359, 2521641.89317419]}, "properties": {"depth_m": 10.924, "depth_ft": 35.84}}, {"type": "Feature", "geometry": {"type": "Point", "coordinates": [691039.738016359, 2518911.89317419]}, "properties": {"depth_m": 10.917, "depth_ft": 35.82}}, {"type": "Feature", "geometry": {"type": "Point", "coordinates": [685669.738016359, 2531031.89317419]}, "properties": {"depth_m": 10.912, "depth_ft": 35.8}}, {"type": "Feature", "geometry": {"type": "Point", "coordinates": [690139.738016359, 2521701.89317419]}, "properties": {"depth_m": 10.907, "depth_ft": 35.79}}, {"type": "Feature", "geometry": {"type": "Point", "coordinates": [684739.738016359, 2532201.89317419]}, "properties": {"depth_m": 10.895, "depth_ft": 35.74}}, {"type": "Feature", "geometry": {"type": "Point", "coordinates": [690529.738016359, 2519901.89317419]}, "properties": {"depth_m": 10.89, "depth_ft": 35.73}}, {"type": "Feature", "geometry": {"type": "Point", "coordinates": [688969.738016359, 2523771.89317419]}, "properties": {"depth_m": 10.885, "depth_ft": 35.71}}, {"type": "Feature", "geometry": {"type": "Point", "coordinates": [688219.738016359, 2527071.89317419]}, "properties": {"depth_m": 10.881, "depth_ft": 35.7}}, {"type": "Feature", "geometry": {"type": "Point", "coordinates": [689929.738016359, 2522241.89317419]}, "properties": {"depth_m": 10.872, "depth_ft": 35.67}}, {"type": "Feature", "geometry": {"type": "Point", "coordinates": [689299.738016359, 2522721.89317419]}, "properties": {"depth_m": 10.869, "depth_ft": 35.66}}, {"type": "Feature", "geometry": {"type": "Point", "coordinates": [690829.738016359, 2519361.89317419]}, "properties": {"depth_m": 10.863, "depth_ft": 35.64}}, {"type": "Feature", "geometry": {"type": "Point", "coordinates": [687259.738016359, 2528721.89317419]}, "properties": {"depth_m": 10.852, "depth_ft": 35.61}}, {"type": "Feature", "geometry": {"type": "Point", "coordinates": [687139.738016359, 2529261.89317419]}, "properties": {"depth_m": 10.848, "depth_ft": 35.59}}, {"type": "Feature", "geometry": {"type": "Point", "coordinates": [689899.738016359, 2522241.89317419]}, "properties": {"depth_m": 10.841, "depth_ft": 35.57}}, {"type": "Feature", "geometry": {"type": "Point", "coordinates": [691369.738016359, 2518671.89317419]}, "properties": {"depth_m": 10.83, "depth_ft": 35.53}}, {"type": "Feature", "geometry": {"type": "Point", "coordinates": [689119.738016359, 2523201.89317419]}, "properties": {"depth_m": 10.82, "depth_ft": 35.5}}, {"type": "Feature", "geometry": {"type": "Point", "coordinates": [690379.738016359, 2520441.89317419]}, "properties": {"depth_m": 10.814, "depth_ft": 35.48}}, {"type": "Feature", "geometry": {"type": "Point", "coordinates": [689839.738016359, 2522391.89317419]}, "properties": {"depth_m": 10.808, "depth_ft": 35.46}}, {"type": "Feature", "geometry": {"type": "Point", "coordinates": [686179.738016359, 2530251.89317419]}, "properties": {"depth_m": 10.804, "depth_ft": 35.45}}, {"type": "Feature", "geometry": {"type": "Point", "coordinates": [690169.738016359, 2520921.89317419]}, "properties": {"depth_m": 10.802, "depth_ft": 35.44}}, {"type": "Feature", "geometry": {"type": "Point", "coordinates": [688939.738016359, 2524851.89317419]}, "properties": {"depth_m": 10.797, "depth_ft": 35.42}}, {"type": "Feature", "geometry": {"type": "Point", "coordinates": [689059.738016359, 2523981.89317419]}, "properties": {"depth_m": 10.788, "depth_ft": 35.39}}, {"type": "Feature", "geometry": {"type": "Point", "coordinates": [685609.738016359, 2531091.89317419]}, "properties": {"depth_m": 10.785, "depth_ft": 35.38}}, {"type": "Feature", "geometry": {"type": "Point", "coordinates": [684529.738016359, 2532621.89317419]}, "properties": {"depth_m": 10.782, "depth_ft": 35.37}}, {"type": "Feature", "geometry": {"type": "Point", "coordinates": [690589.738016359, 2519901.89317419]}, "properties": {"depth_m": 10.773, "depth_ft": 35.34}}, {"type": "Feature", "geometry": {"type": "Point", "coordinates": [688069.738016359, 2526951.89317419]}, "properties": {"depth_m": 10.765, "depth_ft": 35.32}}, {"type": "Feature", "geometry": {"type": "Point", "coordinates": [689809.738016359, 2522421.89317419]}, "properties": {"depth_m": 10.759, "depth_ft": 35.3}}, {"type": "Feature", "geometry": {"type": "Point", "coordinates": [689539.738016359, 2522781.89317419]}, "properties": {"depth_m": 10.755, "depth_ft": 35.29}}, {"type": "Feature", "geometry": {"type": "Point", "coordinates": [690709.738016359, 2519391.89317419]}, "properties": {"depth_m": 10.746, "depth_ft": 35.26}}, {"type": "Feature", "geometry": {"type": "Point", "coordinates": [690289.738016359, 2520231.89317419]}, "properties": {"depth_m": 10.742, "depth_ft": 35.24}}, {"type": "Feature", "geometry": {"type": "Point", "coordinates": [690109.738016359, 2521791.89317419]}, "properties": {"depth_m": 10.736, "depth_ft": 35.22}}, {"type": "Feature", "geometry": {"type": "Point", "coordinates": [690229.738016359, 2520681.89317419]}, "properties": {"depth_m": 10.734, "depth_ft": 35.21}}, {"type": "Feature", "geometry": {"type": "Point", "coordinates": [684919.738016359, 2531631.89317419]}, "properties": {"depth_m": 10.73, "depth_ft": 35.2}}, {"type": "Feature", "geometry": {"type": "Point", "coordinates": [687079.738016359, 2528931.89317419]}, "properties": {"depth_m": 10.721, "depth_ft": 35.17}}, {"type": "Feature", "geometry": {"type": "Point", "coordinates": [688849.738016359, 2523531.89317419]}, "properties": {"depth_m": 10.718, "depth_ft": 35.16}}, {"type": "Feature", "geometry": {"type": "Point", "coordinates": [691399.738016359, 2518641.89317419]}, "properties": {"depth_m": 10.713, "depth_ft": 35.15}}, {"type": "Feature", "geometry": {"type": "Point", "coordinates": [689629.738016359, 2522631.89317419]}, "properties": {"depth_m": 10.706, "depth_ft": 35.13}}, {"type": "Feature", "geometry": {"type": "Point", "coordinates": [686869.738016359, 2529531.89317419]}, "properties": {"depth_m": 10.698, "depth_ft": 35.1}}, {"type": "Feature", "geometry": {"type": "Point", "coordinates": [690679.738016359, 2519691.89317419]}, "properties": {"depth_m": 10.694, "depth_ft": 35.09}}, {"type": "Feature", "geometry": {"type": "Point", "coordinates": [688039.738016359, 2527641.89317419]}, "properties": {"depth_m": 10.69, "depth_ft": 35.07}}, {"type": "Feature", "geometry": {"type": "Point", "coordinates": [687529.738016359, 2528241.89317419]}, "properties": {"depth_m": 10.687, "depth_ft": 35.06}}, {"type": "Feature", "geometry": {"type": "Point", "coordinates": [685999.738016359, 2530641.89317419]}, "properties": {"depth_m": 10.683, "depth_ft": 35.05}}, {"type": "Feature", "geometry": {"type": "Point", "coordinates": [684769.738016359, 2532441.89317419]}, "properties": {"depth_m": 10.677, "depth_ft": 35.03}}, {"type": "Feature", "geometry": {"type": "Point", "coordinates": [691099.738016359, 2518911.89317419]}, "properties": {"depth_m": 10.673, "depth_ft": 35.02}}, {"type": "Feature", "geometry": {"type": "Point", "coordinates": [688999.738016359, 2523441.89317419]}, "properties": {"depth_m": 10.665, "depth_ft": 34.99}}, {"type": "Feature", "geometry": {"type": "Point", "coordinates": [687709.738016359, 2527251.89317419]}, "properties": {"depth_m": 10.655, "depth_ft": 34.96}}, {"type": "Feature", "geometry": {"type": "Point", "coordinates": [687739.738016359, 2527911.89317419]}, "properties": {"depth_m": 10.649, "depth_ft": 34.94}}, {"type": "Feature", "geometry": {"type": "Point", "coordinates": [686179.738016359, 2530341.89317419]}, "properties": {"depth_m": 10.645, "depth_ft": 34.92}}, {"type": "Feature", "geometry": {"type": "Point", "coordinates": [687949.738016359, 2527341.89317419]}, "properties": {"depth_m": 10.642, "depth_ft": 34.91}}, {"type": "Feature", "geometry": {"type": "Point", "coordinates": [687799.738016359, 2528781.89317419]}, "properties": {"depth_m": 10.636, "depth_ft": 34.9}}, {"type": "Feature", "geometry": {"type": "Point", "coordinates": [690499.738016359, 2519631.89317419]}, "properties": {"depth_m": 10.63, "depth_ft": 34.88}}, {"type": "Feature", "geometry": {"type": "Point", "coordinates": [691069.738016359, 2519151.89317419]}, "properties": {"depth_m": 10.628, "depth_ft": 34.87}}, {"type": "Feature", "geometry": {"type": "Point", "coordinates": [689599.738016359, 2522901.89317419]}, "properties": {"depth_m": 10.623, "depth_ft": 34.85}}, {"type": "Feature", "geometry": {"type": "Point", "coordinates": [690169.738016359, 2521641.89317419]}, "properties": {"depth_m": 10.618, "depth_ft": 34.84}}, {"type": "Feature", "geometry": {"type": "Point", "coordinates": [689599.738016359, 2522541.89317419]}, "properties": {"depth_m": 10.61, "depth_ft": 34.81}}, {"type": "Feature", "geometry": {"type": "Point", "coordinates": [688939.738016359, 2524701.89317419]}, "properties": {"depth_m": 10.605, "depth_ft": 34.79}}, {"type": "Feature", "geometry": {"type": "Point", "coordinates": [689749.738016359, 2522421.89317419]}, "properties": {"depth_m": 10.596, "depth_ft": 34.77}}, {"type": "Feature", "geometry": {"type": "Point", "coordinates": [685219.738016359, 2530941.89317419]}, "properties": {"depth_m": 10.59, "depth_ft": 34.75}}, {"type": "Feature", "geometry": {"type": "Point", "coordinates": [689749.738016359, 2522331.89317419]}, "properties": {"depth_m": 10.581, "depth_ft": 34.71}}, {"type": "Feature", "geometry": {"type": "Point", "coordinates": [691369.738016359, 2518731.89317419]}, "properties": {"depth_m": 10.575, "depth_ft": 34.69}}, {"type": "Feature", "geometry": {"type": "Point", "coordinates": [690679.738016359, 2519451.89317419]}, "properties": {"depth_m": 10.565, "depth_ft": 34.66}}, {"type": "Feature", "geometry": {"type": "Point", "coordinates": [690379.738016359, 2520531.89317419]}, "properties": {"depth_m": 10.56, "depth_ft": 34.65}}, {"type": "Feature", "geometry": {"type": "Point", "coordinates": [689989.738016359, 2521701.89317419]}, "properties": {"depth_m": 10.554, "depth_ft": 34.62}}, {"type": "Feature", "geometry": {"type": "Point", "coordinates": [688939.738016359, 2524881.89317419]}, "properties": {"depth_m": 10.552, "depth_ft": 34.62}}, {"type": "Feature", "geometry": {"type": "Point", "coordinates": [688549.738016359, 2526201.89317419]}, "properties": {"depth_m": 10.547, "depth_ft": 34.6}}, {"type": "Feature", "geometry": {"type": "Point", "coordinates": [688639.738016359, 2526411.89317419]}, "properties": {"depth_m": 10.539, "depth_ft": 34.58}}, {"type": "Feature", "geometry": {"type": "Point", "coordinates": [684439.738016359, 2532321.89317419]}, "properties": {"depth_m": 10.532, "depth_ft": 34.55}}, {"type": "Feature", "geometry": {"type": "Point", "coordinates": [688819.738016359, 2524731.89317419]}, "properties": {"depth_m": 10.526, "depth_ft": 34.53}}, {"type": "Feature", "geometry": {"type": "Point", "coordinates": [689629.738016359, 2522661.89317419]}, "properties": {"depth_m": 10.519, "depth_ft": 34.51}}, {"type": "Feature", "geometry": {"type": "Point", "coordinates": [688639.738016359, 2526021.89317419]}, "properties": {"depth_m": 10.512, "depth_ft": 34.49}}, {"type": "Feature", "geometry": {"type": "Point", "coordinates": [688909.738016359, 2524911.89317419]}, "properties": {"depth_m": 10.504, "depth_ft": 34.46}}, {"type": "Feature", "geometry": {"type": "Point", "coordinates": [688729.738016359, 2525331.89317419]}, "properties": {"depth_m": 10.499, "depth_ft": 34.45}}, {"type": "Feature", "geometry": {"type": "Point", "coordinates": [689089.738016359, 2524701.89317419]}, "properties": {"depth_m": 10.493, "depth_ft": 34.43}}, {"type": "Feature", "geometry": {"type": "Point", "coordinates": [691399.738016359, 2518701.89317419]}, "properties": {"depth_m": 10.487, "depth_ft": 34.41}}, {"type": "Feature", "geometry": {"type": "Point", "coordinates": [687679.738016359, 2528931.89317419]}, "properties": {"depth_m": 10.481, "depth_ft": 34.39}}, {"type": "Feature", "geometry": {"type": "Point", "coordinates": [691129.738016359, 2518971.89317419]}, "properties": {"depth_m": 10.475, "depth_ft": 34.37}}, {"type": "Feature", "geometry": {"type": "Point", "coordinates": [686209.738016359, 2530191.89317419]}, "properties": {"depth_m": 10.468, "depth_ft": 34.34}}, {"type": "Feature", "geometry": {"type": "Point", "coordinates": [690109.738016359, 2522031.89317419]}, "properties": {"depth_m": 10.463, "depth_ft": 34.33}}, {"type": "Feature", "geometry": {"type": "Point", "coordinates": [688849.738016359, 2525841.89317419]}, "properties": {"depth_m": 10.458, "depth_ft": 34.31}}, {"type": "Feature", "geometry": {"type": "Point", "coordinates": [691489.738016359, 2518701.89317419]}, "properties": {"depth_m": 10.454, "depth_ft": 34.3}}, {"type": "Feature", "geometry": {"type": "Point", "coordinates": [689299.738016359, 2522961.89317419]}, "properties": {"depth_m": 10.451, "depth_ft": 34.29}}, {"type": "Feature", "geometry": {"type": "Point", "coordinates": [690079.738016359, 2522031.89317419]}, "properties": {"depth_m": 10.445, "depth_ft": 34.27}}, {"type": "Feature", "geometry": {"type": "Point", "coordinates": [689029.738016359, 2524071.89317419]}, "properties": {"depth_m": 10.439, "depth_ft": 34.25}}, {"type": "Feature", "geometry": {"type": "Point", "coordinates": [688069.738016359, 2526981.89317419]}, "properties": {"depth_m": 10.435, "depth_ft": 34.23}}, {"type": "Feature", "geometry": {"type": "Point", "coordinates": [689569.738016359, 2522541.89317419]}, "properties": {"depth_m": 10.431, "depth_ft": 34.22}}, {"type": "Feature", "geometry": {"type": "Point", "coordinates": [689719.738016359, 2522331.89317419]}, "properties": {"depth_m": 10.427, "depth_ft": 34.21}}, {"type": "Feature", "geometry": {"type": "Point", "coordinates": [687679.738016359, 2527311.89317419]}, "properties": {"depth_m": 10.422, "depth_ft": 34.19}}, {"type": "Feature", "geometry": {"type": "Point", "coordinates": [689689.738016359, 2522421.89317419]}, "properties": {"depth_m": 10.41, "depth_ft": 34.15}}, {"type": "Feature", "geometry": {"type": "Point", "coordinates": [690439.738016359, 2520471.89317419]}, "properties": {"depth_m": 10.407, "depth_ft": 34.14}}, {"type": "Feature", "geometry": {"type": "Point", "coordinates": [689869.738016359, 2522151.89317419]}, "properties": {"depth_m": 10.403, "depth_ft": 34.13}}, {"type": "Feature", "geometry": {"type": "Point", "coordinates": [688069.738016359, 2527131.89317419]}, "properties": {"depth_m": 10.4, "depth_ft": 34.12}}, {"type": "Feature", "geometry": {"type": "Point", "coordinates": [688219.738016359, 2527161.89317419]}, "properties": {"depth_m": 10.398, "depth_ft": 34.11}}, {"type": "Feature", "geometry": {"type": "Point", "coordinates": [689629.738016359, 2522541.89317419]}, "properties": {"depth_m": 10.392, "depth_ft": 34.09}}, {"type": "Feature", "geometry": {"type": "Point", "coordinates": [686629.738016359, 2529771.89317419]}, "properties": {"depth_m": 10.381, "depth_ft": 34.06}}, {"type": "Feature", "geometry": {"type": "Point", "coordinates": [689629.738016359, 2522691.89317419]}, "properties": {"depth_m": 10.377, "depth_ft": 34.05}}, {"type": "Feature", "geometry": {"type": "Point", "coordinates": [687349.738016359, 2528631.89317419]}, "properties": {"depth_m": 10.372, "depth_ft": 34.03}}, {"type": "Feature", "geometry": {"type": "Point", "coordinates": [688669.738016359, 2526351.89317419]}, "properties": {"depth_m": 10.368, "depth_ft": 34.02}}, {"type": "Feature", "geometry": {"type": "Point", "coordinates": [691249.738016359, 2518971.89317419]}, "properties": {"depth_m": 10.365, "depth_ft": 34.0}}, {"type": "Feature", "geometry": {"type": "Point", "coordinates": [691279.738016359, 2518821.89317419]}, "properties": {"depth_m": 10.361, "depth_ft": 33.99}}, {"type": "Feature", "geometry": {"type": "Point", "coordinates": [690019.738016359, 2521851.89317419]}, "properties": {"depth_m": 10.355, "depth_ft": 33.97}}, {"type": "Feature", "geometry": {"type": "Point", "coordinates": [686479.738016359, 2529861.89317419]}, "properties": {"depth_m": 10.351, "depth_ft": 33.96}}, {"type": "Feature", "geometry": {"type": "Point", "coordinates": [690499.738016359, 2520081.89317419]}, "properties": {"depth_m": 10.348, "depth_ft": 33.95}}, {"type": "Feature", "geometry": {"type": "Point", "coordinates": [691459.738016359, 2518701.89317419]}, "properties": {"depth_m": 10.339, "depth_ft": 33.92}}, {"type": "Feature", "geometry": {"type": "Point", "coordinates": [688099.738016359, 2527071.89317419]}, "properties": {"depth_m": 10.336, "depth_ft": 33.91}}, {"type": "Feature", "geometry": {"type": "Point", "coordinates": [689509.738016359, 2522541.89317419]}, "properties": {"depth_m": 10.328, "depth_ft": 33.89}}, {"type": "Feature", "geometry": {"type": "Point", "coordinates": [689299.738016359, 2523111.89317419]}, "properties": {"depth_m": 10.323, "depth_ft": 33.87}}, {"type": "Feature", "geometry": {"type": "Point", "coordinates": [686989.738016359, 2528991.89317419]}, "properties": {"depth_m": 10.317, "depth_ft": 33.85}}, {"type": "Feature", "geometry": {"type": "Point", "coordinates": [687829.738016359, 2527461.89317419]}, "properties": {"depth_m": 10.309, "depth_ft": 33.82}}, {"type": "Feature", "geometry": {"type": "Point", "coordinates": [689299.738016359, 2523141.89317419]}, "properties": {"depth_m": 10.299, "depth_ft": 33.79}}, {"type": "Feature", "geometry": {"type": "Point", "coordinates": [684919.738016359, 2532861.89317419]}, "properties": {"depth_m": 10.293, "depth_ft": 33.77}}, {"type": "Feature", "geometry": {"type": "Point", "coordinates": [689449.738016359, 2522571.89317419]}, "properties": {"depth_m": 10.287, "depth_ft": 33.75}}, {"type": "Feature", "geometry": {"type": "Point", "coordinates": [688309.738016359, 2527071.89317419]}, "properties": {"depth_m": 10.279, "depth_ft": 33.72}}, {"type": "Feature", "geometry": {"type": "Point", "coordinates": [685369.738016359, 2530851.89317419]}, "properties": {"depth_m": 10.277, "depth_ft": 33.72}}, {"type": "Feature", "geometry": {"type": "Point", "coordinates": [685009.738016359, 2531541.89317419]}, "properties": {"depth_m": 10.275, "depth_ft": 33.71}}, {"type": "Feature", "geometry": {"type": "Point", "coordinates": [689269.738016359, 2522751.89317419]}, "properties": {"depth_m": 10.272, "depth_ft": 33.7}}, {"type": "Feature", "geometry": {"type": "Point", "coordinates": [684739.738016359, 2532141.89317419]}, "properties": {"depth_m": 10.265, "depth_ft": 33.68}}, {"type": "Feature", "geometry": {"type": "Point", "coordinates": [688219.738016359, 2527311.89317419]}, "properties": {"depth_m": 10.264, "depth_ft": 33.67}}, {"type": "Feature", "geometry": {"type": "Point", "coordinates": [689089.738016359, 2524611.89317419]}, "properties": {"depth_m": 10.259, "depth_ft": 33.66}}, {"type": "Feature", "geometry": {"type": "Point", "coordinates": [688399.738016359, 2526861.89317419]}, "properties": {"depth_m": 10.255, "depth_ft": 33.64}}, {"type": "Feature", "geometry": {"type": "Point", "coordinates": [690679.738016359, 2519781.89317419]}, "properties": {"depth_m": 10.248, "depth_ft": 33.62}}, {"type": "Feature", "geometry": {"type": "Point", "coordinates": [689299.738016359, 2522991.89317419]}, "properties": {"depth_m": 10.244, "depth_ft": 33.61}}, {"type": "Feature", "geometry": {"type": "Point", "coordinates": [689149.738016359, 2524251.89317419]}, "properties": {"depth_m": 10.237, "depth_ft": 33.58}}, {"type": "Feature", "geometry": {"type": "Point", "coordinates": [688189.738016359, 2527071.89317419]}, "properties": {"depth_m": 10.235, "depth_ft": 33.58}}, {"type": "Feature", "geometry": {"type": "Point", "coordinates": [689269.738016359, 2523201.89317419]}, "properties": {"depth_m": 10.23, "depth_ft": 33.56}}, {"type": "Feature", "geometry": {"type": "Point", "coordinates": [684919.738016359, 2532981.89317419]}, "properties": {"depth_m": 10.224, "depth_ft": 33.54}}, {"type": "Feature", "geometry": {"type": "Point", "coordinates": [690319.738016359, 2520771.89317419]}, "properties": {"depth_m": 10.22, "depth_ft": 33.53}}, {"type": "Feature", "geometry": {"type": "Point", "coordinates": [687769.738016359, 2527221.89317419]}, "properties": {"depth_m": 10.21, "depth_ft": 33.5}}, {"type": "Feature", "geometry": {"type": "Point", "coordinates": [688999.738016359, 2523741.89317419]}, "properties": {"depth_m": 10.205, "depth_ft": 33.48}}, {"type": "Feature", "geometry": {"type": "Point", "coordinates": [689239.738016359, 2523231.89317419]}, "properties": {"depth_m": 10.2, "depth_ft": 33.46}}, {"type": "Feature", "geometry": {"type": "Point", "coordinates": [686059.738016359, 2530611.89317419]}, "properties": {"depth_m": 10.191, "depth_ft": 33.44}}, {"type": "Feature", "geometry": {"type": "Point", "coordinates": [690139.738016359, 2521851.89317419]}, "properties": {"depth_m": 10.186, "depth_ft": 33.42}}, {"type": "Feature", "geometry": {"type": "Point", "coordinates": [689929.738016359, 2522271.89317419]}, "properties": {"depth_m": 10.178, "depth_ft": 33.39}}, {"type": "Feature", "geometry": {"type": "Point", "coordinates": [690319.738016359, 2521101.89317419]}, "properties": {"depth_m": 10.174, "depth_ft": 33.38}}, {"type": "Feature", "geometry": {"type": "Point", "coordinates": [689449.738016359, 2523111.89317419]}, "properties": {"depth_m": 10.169, "depth_ft": 33.36}}, {"type": "Feature", "geometry": {"type": "Point", "coordinates": [684769.738016359, 2532171.89317419]}, "properties": {"depth_m": 10.162, "depth_ft": 33.34}}, {"type": "Feature", "geometry": {"type": "Point", "coordinates": [689149.738016359, 2523171.89317419]}, "properties": {"depth_m": 10.148, "depth_ft": 33.29}}, {"type": "Feature", "geometry": {"type": "Point", "coordinates": [689179.738016359, 2524521.89317419]}, "properties": {"depth_m": 10.134, "depth_ft": 33.25}}, {"type": "Feature", "geometry": {"type": "Point", "coordinates": [688939.738016359, 2524821.89317419]}, "properties": {"depth_m": 10.128, "depth_ft": 33.23}}, {"type": "Feature", "geometry": {"type": "Point", "coordinates": [689179.738016359, 2524401.89317419]}, "properties": {"depth_m": 10.126, "depth_ft": 33.22}}, {"type": "Feature", "geometry": {"type": "Point", "coordinates": [689209.738016359, 2523441.89317419]}, "properties": {"depth_m": 10.116, "depth_ft": 33.19}}, {"type": "Feature", "geometry": {"type": "Point", "coordinates": [689719.738016359, 2522541.89317419]}, "properties": {"depth_m": 10.108, "depth_ft": 33.16}}, {"type": "Feature", "geometry": {"type": "Point", "coordinates": [687739.738016359, 2527971.89317419]}, "properties": {"depth_m": 10.104, "depth_ft": 33.15}}, {"type": "Feature", "geometry": {"type": "Point", "coordinates": [685669.738016359, 2530521.89317419]}, "properties": {"depth_m": 10.099, "depth_ft": 33.13}}, {"type": "Feature", "geometry": {"type": "Point", "coordinates": [684979.738016359, 2531091.89317419]}, "properties": {"depth_m": 10.083, "depth_ft": 33.08}}, {"type": "Feature", "geometry": {"type": "Point", "coordinates": [688909.738016359, 2525511.89317419]}, "properties": {"depth_m": 10.079, "depth_ft": 33.07}}, {"type": "Feature", "geometry": {"type": "Point", "coordinates": [688879.738016359, 2523561.89317419]}, "properties": {"depth_m": 10.072, "depth_ft": 33.04}}, {"type": "Feature", "geometry": {"type": "Point", "coordinates": [684859.738016359, 2531181.89317419]}, "properties": {"depth_m": 10.067, "depth_ft": 33.03}}, {"type": "Feature", "geometry": {"type": "Point", "coordinates": [689179.738016359, 2523231.89317419]}, "properties": {"depth_m": 10.061, "depth_ft": 33.01}}, {"type": "Feature", "geometry": {"type": "Point", "coordinates": [684799.738016359, 2531211.89317419]}, "properties": {"depth_m": 10.057, "depth_ft": 33.0}}, {"type": "Feature", "geometry": {"type": "Point", "coordinates": [689059.738016359, 2523351.89317419]}, "properties": {"depth_m": 10.054, "depth_ft": 32.98}}, {"type": "Feature", "geometry": {"type": "Point", "coordinates": [688129.738016359, 2526981.89317419]}, "properties": {"depth_m": 10.049, "depth_ft": 32.97}}, {"type": "Feature", "geometry": {"type": "Point", "coordinates": [689419.738016359, 2523081.89317419]}, "properties": {"depth_m": 10.044, "depth_ft": 32.95}}, {"type": "Feature", "geometry": {"type": "Point", "coordinates": [689869.738016359, 2522121.89317419]}, "properties": {"depth_m": 10.04, "depth_ft": 32.94}}, {"type": "Feature", "geometry": {"type": "Point", "coordinates": [685969.738016359, 2530611.89317419]}, "properties": {"depth_m": 10.037, "depth_ft": 32.93}}, {"type": "Feature", "geometry": {"type": "Point", "coordinates": [686989.738016359, 2529441.89317419]}, "properties": {"depth_m": 10.034, "depth_ft": 32.92}}, {"type": "Feature", "geometry": {"type": "Point", "coordinates": [688369.738016359, 2526681.89317419]}, "properties": {"depth_m": 10.03, "depth_ft": 32.91}}, {"type": "Feature", "geometry": {"type": "Point", "coordinates": [688759.738016359, 2525661.89317419]}, "properties": {"depth_m": 10.026, "depth_ft": 32.89}}, {"type": "Feature", "geometry": {"type": "Point", "coordinates": [690439.738016359, 2520201.89317419]}, "properties": {"depth_m": 10.022, "depth_ft": 32.88}}, {"type": "Feature", "geometry": {"type": "Point", "coordinates": [688009.738016359, 2527611.89317419]}, "properties": {"depth_m": 10.019, "depth_ft": 32.87}}, {"type": "Feature", "geometry": {"type": "Point", "coordinates": [688999.738016359, 2524761.89317419]}, "properties": {"depth_m": 10.013, "depth_ft": 32.85}}, {"type": "Feature", "geometry": {"type": "Point", "coordinates": [685999.738016359, 2530731.89317419]}, "properties": {"depth_m": 10.007, "depth_ft": 32.83}}, {"type": "Feature", "geometry": {"type": "Point", "coordinates": [691249.738016359, 2518941.89317419]}, "properties": {"depth_m": 10.005, "depth_ft": 32.83}}, {"type": "Feature", "geometry": {"type": "Point", "coordinates": [690259.738016359, 2520801.89317419]}, "properties": {"depth_m": 10.0, "depth_ft": 32.81}}, {"type": "Feature", "geometry": {"type": "Point", "coordinates": [688849.738016359, 2524911.89317419]}, "properties": {"depth_m": 9.995, "depth_ft": 32.79}}, {"type": "Feature", "geometry": {"type": "Point", "coordinates": [687109.738016359, 2529351.89317419]}, "properties": {"depth_m": 9.992, "depth_ft": 32.78}}, {"type": "Feature", "geometry": {"type": "Point", "coordinates": [690829.738016359, 2519541.89317419]}, "properties": {"depth_m": 9.983, "depth_ft": 32.75}}, {"type": "Feature", "geometry": {"type": "Point", "coordinates": [690349.738016359, 2520771.89317419]}, "properties": {"depth_m": 9.976, "depth_ft": 32.73}}, {"type": "Feature", "geometry": {"type": "Point", "coordinates": [689359.738016359, 2522931.89317419]}, "properties": {"depth_m": 9.971, "depth_ft": 32.71}}, {"type": "Feature", "geometry": {"type": "Point", "coordinates": [690229.738016359, 2520441.89317419]}, "properties": {"depth_m": 9.965, "depth_ft": 32.69}}, {"type": "Feature", "geometry": {"type": "Point", "coordinates": [689059.738016359, 2524041.89317419]}, "properties": {"depth_m": 9.957, "depth_ft": 32.67}}, {"type": "Feature", "geometry": {"type": "Point", "coordinates": [690289.738016359, 2520801.89317419]}, "properties": {"depth_m": 9.949, "depth_ft": 32.64}}, {"type": "Feature", "geometry": {"type": "Point", "coordinates": [688669.738016359, 2525841.89317419]}, "properties": {"depth_m": 9.944, "depth_ft": 32.63}}, {"type": "Feature", "geometry": {"type": "Point", "coordinates": [689509.738016359, 2522991.89317419]}, "properties": {"depth_m": 9.938, "depth_ft": 32.61}}, {"type": "Feature", "geometry": {"type": "Point", "coordinates": [689509.738016359, 2523021.89317419]}, "properties": {"depth_m": 9.933, "depth_ft": 32.59}}, {"type": "Feature", "geometry": {"type": "Point", "coordinates": [687589.738016359, 2527731.89317419]}, "properties": {"depth_m": 9.929, "depth_ft": 32.58}}, {"type": "Feature", "geometry": {"type": "Point", "coordinates": [689269.738016359, 2523231.89317419]}, "properties": {"depth_m": 9.925, "depth_ft": 32.56}}, {"type": "Feature", "geometry": {"type": "Point", "coordinates": [688099.738016359, 2526951.89317419]}, "properties": {"depth_m": 9.923, "depth_ft": 32.56}}, {"type": "Feature", "geometry": {"type": "Point", "coordinates": [687799.738016359, 2527461.89317419]}, "properties": {"depth_m": 9.912, "depth_ft": 32.52}}, {"type": "Feature", "geometry": {"type": "Point", "coordinates": [686299.738016359, 2530041.89317419]}, "properties": {"depth_m": 9.907, "depth_ft": 32.5}}, {"type": "Feature", "geometry": {"type": "Point", "coordinates": [687679.738016359, 2527281.89317419]}, "properties": {"depth_m": 9.902, "depth_ft": 32.49}}, {"type": "Feature", "geometry": {"type": "Point", "coordinates": [689479.738016359, 2522481.89317419]}, "properties": {"depth_m": 9.894, "depth_ft": 32.46}}, {"type": "Feature", "geometry": {"type": "Point", "coordinates": [685369.738016359, 2531211.89317419]}, "properties": {"depth_m": 9.891, "depth_ft": 32.45}}, {"type": "Feature", "geometry": {"type": "Point", "coordinates": [688159.738016359, 2526981.89317419]}, "properties": {"depth_m": 9.884, "depth_ft": 32.43}}, {"type": "Feature", "geometry": {"type": "Point", "coordinates": [688999.738016359, 2524671.89317419]}, "properties": {"depth_m": 9.877, "depth_ft": 32.41}}, {"type": "Feature", "geometry": {"type": "Point", "coordinates": [687769.738016359, 2527731.89317419]}, "properties": {"depth_m": 9.873, "depth_ft": 32.39}}, {"type": "Feature", "geometry": {"type": "Point", "coordinates": [688129.738016359, 2526801.89317419]}, "properties": {"depth_m": 9.868, "depth_ft": 32.37}}, {"type": "Feature", "geometry": {"type": "Point", "coordinates": [687739.738016359, 2528391.89317419]}, "properties": {"depth_m": 9.858, "depth_ft": 32.34}}, {"type": "Feature", "geometry": {"type": "Point", "coordinates": [689299.738016359, 2523201.89317419]}, "properties": {"depth_m": 9.849, "depth_ft": 32.31}}, {"type": "Feature", "geometry": {"type": "Point", "coordinates": [687139.738016359, 2529291.89317419]}, "properties": {"depth_m": 9.845, "depth_ft": 32.3}}, {"type": "Feature", "geometry": {"type": "Point", "coordinates": [686119.738016359, 2530521.89317419]}, "properties": {"depth_m": 9.84, "depth_ft": 32.28}}, {"type": "Feature", "geometry": {"type": "Point", "coordinates": [689779.738016359, 2522511.89317419]}, "properties": {"depth_m": 9.834, "depth_ft": 32.26}}, {"type": "Feature", "geometry": {"type": "Point", "coordinates": [691309.738016359, 2518821.89317419]}, "properties": {"depth_m": 9.82, "depth_ft": 32.22}}, {"type": "Feature", "geometry": {"type": "Point", "coordinates": [691429.738016359, 2518641.89317419]}, "properties": {"depth_m": 9.814, "depth_ft": 32.2}}, {"type": "Feature", "geometry": {"type": "Point", "coordinates": [684889.738016359, 2531181.89317419]}, "properties": {"depth_m": 9.81, "depth_ft": 32.18}}, {"type": "Feature", "geometry": {"type": "Point", "coordinates": [689179.738016359, 2523351.89317419]}, "properties": {"depth_m": 9.8, "depth_ft": 32.15}}, {"type": "Feature", "geometry": {"type": "Point", "coordinates": [688969.738016359, 2523651.89317419]}, "properties": {"depth_m": 9.794, "depth_ft": 32.13}}, {"type": "Feature", "geometry": {"type": "Point", "coordinates": [690109.738016359, 2521371.89317419]}, "properties": {"depth_m": 9.788, "depth_ft": 32.11}}, {"type": "Feature", "geometry": {"type": "Point", "coordinates": [689209.738016359, 2523561.89317419]}, "properties": {"depth_m": 9.785, "depth_ft": 32.1}}, {"type": "Feature", "geometry": {"type": "Point", "coordinates": [689359.738016359, 2523141.89317419]}, "properties": {"depth_m": 9.779, "depth_ft": 32.08}}, {"type": "Feature", "geometry": {"type": "Point", "coordinates": [690019.738016359, 2521911.89317419]}, "properties": {"depth_m": 9.776, "depth_ft": 32.07}}, {"type": "Feature", "geometry": {"type": "Point", "coordinates": [688669.738016359, 2526441.89317419]}, "properties": {"depth_m": 9.773, "depth_ft": 32.06}}, {"type": "Feature", "geometry": {"type": "Point", "coordinates": [688909.738016359, 2523651.89317419]}, "properties": {"depth_m": 9.766, "depth_ft": 32.04}}, {"type": "Feature", "geometry": {"type": "Point", "coordinates": [691069.738016359, 2518821.89317419]}, "properties": {"depth_m": 9.758, "depth_ft": 32.01}}, {"type": "Feature", "geometry": {"type": "Point", "coordinates": [687739.738016359, 2528061.89317419]}, "properties": {"depth_m": 9.754, "depth_ft": 32.0}}, {"type": "Feature", "geometry": {"type": "Point", "coordinates": [689929.738016359, 2522301.89317419]}, "properties": {"depth_m": 9.75, "depth_ft": 31.99}}, {"type": "Feature", "geometry": {"type": "Point", "coordinates": [688819.738016359, 2525661.89317419]}, "properties": {"depth_m": 9.74, "depth_ft": 31.95}}, {"type": "Feature", "geometry": {"type": "Point", "coordinates": [688819.738016359, 2525751.89317419]}, "properties": {"depth_m": 9.735, "depth_ft": 31.94}}, {"type": "Feature", "geometry": {"type": "Point", "coordinates": [686359.738016359, 2530011.89317419]}, "properties": {"depth_m": 9.733, "depth_ft": 31.93}}, {"type": "Feature", "geometry": {"type": "Point", "coordinates": [688939.738016359, 2523681.89317419]}, "properties": {"depth_m": 9.725, "depth_ft": 31.91}}, {"type": "Feature", "geometry": {"type": "Point", "coordinates": [688159.738016359, 2527071.89317419]}, "properties": {"depth_m": 9.718, "depth_ft": 31.88}}, {"type": "Feature", "geometry": {"type": "Point", "coordinates": [686239.738016359, 2530161.89317419]}, "properties": {"depth_m": 9.712, "depth_ft": 31.86}}, {"type": "Feature", "geometry": {"type": "Point", "coordinates": [684889.738016359, 2531781.89317419]}, "properties": {"depth_m": 9.706, "depth_ft": 31.84}}, {"type": "Feature", "geometry": {"type": "Point", "coordinates": [689449.738016359, 2523141.89317419]}, "properties": {"depth_m": 9.702, "depth_ft": 31.83}}, {"type": "Feature", "geometry": {"type": "Point", "coordinates": [690019.738016359, 2521971.89317419]}, "properties": {"depth_m": 9.699, "depth_ft": 31.82}}, {"type": "Feature", "geometry": {"type": "Point", "coordinates": [689029.738016359, 2524011.89317419]}, "properties": {"depth_m": 9.687, "depth_ft": 31.78}}, {"type": "Feature", "geometry": {"type": "Point", "coordinates": [690439.738016359, 2520411.89317419]}, "properties": {"depth_m": 9.683, "depth_ft": 31.77}}, {"type": "Feature", "geometry": {"type": "Point", "coordinates": [684439.738016359, 2531871.89317419]}, "properties": {"depth_m": 9.678, "depth_ft": 31.75}}, {"type": "Feature", "geometry": {"type": "Point", "coordinates": [690019.738016359, 2521581.89317419]}, "properties": {"depth_m": 9.673, "depth_ft": 31.73}}, {"type": "Feature", "geometry": {"type": "Point", "coordinates": [689539.738016359, 2522541.89317419]}, "properties": {"depth_m": 9.668, "depth_ft": 31.72}}, {"type": "Feature", "geometry": {"type": "Point", "coordinates": [688909.738016359, 2525481.89317419]}, "properties": {"depth_m": 9.666, "depth_ft": 31.71}}, {"type": "Feature", "geometry": {"type": "Point", "coordinates": [686449.738016359, 2529921.89317419]}, "properties": {"depth_m": 9.661, "depth_ft": 31.7}}, {"type": "Feature", "geometry": {"type": "Point", "coordinates": [690409.738016359, 2519841.89317419]}, "properties": {"depth_m": 9.652, "depth_ft": 31.67}}, {"type": "Feature", "geometry": {"type": "Point", "coordinates": [688789.738016359, 2523231.89317419]}, "properties": {"depth_m": 9.648, "depth_ft": 31.65}}, {"type": "Feature", "geometry": {"type": "Point", "coordinates": [688099.738016359, 2526771.89317419]}, "properties": {"depth_m": 9.643, "depth_ft": 31.64}}, {"type": "Feature", "geometry": {"type": "Point", "coordinates": [687769.738016359, 2527701.89317419]}, "properties": {"depth_m": 9.64, "depth_ft": 31.63}}, {"type": "Feature", "geometry": {"type": "Point", "coordinates": [689149.738016359, 2523231.89317419]}, "properties": {"depth_m": 9.635, "depth_ft": 31.61}}, {"type": "Feature", "geometry": {"type": "Point", "coordinates": [687949.738016359, 2527671.89317419]}, "properties": {"depth_m": 9.63, "depth_ft": 31.59}}, {"type": "Feature", "geometry": {"type": "Point", "coordinates": [689119.738016359, 2523531.89317419]}, "properties": {"depth_m": 9.627, "depth_ft": 31.58}}, {"type": "Feature", "geometry": {"type": "Point", "coordinates": [687319.738016359, 2529171.89317419]}, "properties": {"depth_m": 9.618, "depth_ft": 31.56}}, {"type": "Feature", "geometry": {"type": "Point", "coordinates": [689989.738016359, 2521911.89317419]}, "properties": {"depth_m": 9.613, "depth_ft": 31.54}}, {"type": "Feature", "geometry": {"type": "Point", "coordinates": [686719.738016359, 2529681.89317419]}, "properties": {"depth_m": 9.605, "depth_ft": 31.51}}, {"type": "Feature", "geometry": {"type": "Point", "coordinates": [690379.738016359, 2520741.89317419]}, "properties": {"depth_m": 9.599, "depth_ft": 31.49}}, {"type": "Feature", "geometry": {"type": "Point", "coordinates": [688639.738016359, 2526291.89317419]}, "properties": {"depth_m": 9.592, "depth_ft": 31.47}}, {"type": "Feature", "geometry": {"type": "Point", "coordinates": [690139.738016359, 2522061.89317419]}, "properties": {"depth_m": 9.588, "depth_ft": 31.46}}, {"type": "Feature", "geometry": {"type": "Point", "coordinates": [689959.738016359, 2522211.89317419]}, "properties": {"depth_m": 9.581, "depth_ft": 31.43}}, {"type": "Feature", "geometry": {"type": "Point", "coordinates": [689089.738016359, 2523321.89317419]}, "properties": {"depth_m": 9.572, "depth_ft": 31.4}}, {"type": "Feature", "geometry": {"type": "Point", "coordinates": [690289.738016359, 2520261.89317419]}, "properties": {"depth_m": 9.557, "depth_ft": 31.35}}, {"type": "Feature", "geometry": {"type": "Point", "coordinates": [689959.738016359, 2521911.89317419]}, "properties": {"depth_m": 9.552, "depth_ft": 31.34}}, {"type": "Feature", "geometry": {"type": "Point", "coordinates": [688009.738016359, 2527791.89317419]}, "properties": {"depth_m": 9.543, "depth_ft": 31.31}}, {"type": "Feature", "geometry": {"type": "Point", "coordinates": [688849.738016359, 2525721.89317419]}, "properties": {"depth_m": 9.538, "depth_ft": 31.29}}, {"type": "Feature", "geometry": {"type": "Point", "coordinates": [688729.738016359, 2525511.89317419]}, "properties": {"depth_m": 9.531, "depth_ft": 31.27}}, {"type": "Feature", "geometry": {"type": "Point", "coordinates": [688159.738016359, 2527011.89317419]}, "properties": {"depth_m": 9.523, "depth_ft": 31.24}}, {"type": "Feature", "geometry": {"type": "Point", "coordinates": [689029.738016359, 2524101.89317419]}, "properties": {"depth_m": 9.516, "depth_ft": 31.22}}, {"type": "Feature", "geometry": {"type": "Point", "coordinates": [690889.738016359, 2519451.89317419]}, "properties": {"depth_m": 9.51, "depth_ft": 31.2}}, {"type": "Feature", "geometry": {"type": "Point", "coordinates": [689479.738016359, 2522871.89317419]}, "properties": {"depth_m": 9.506, "depth_ft": 31.19}}, {"type": "Feature", "geometry": {"type": "Point", "coordinates": [690289.738016359, 2520321.89317419]}, "properties": {"depth_m": 9.499, "depth_ft": 31.16}}, {"type": "Feature", "geometry": {"type": "Point", "coordinates": [691069.738016359, 2519211.89317419]}, "properties": {"depth_m": 9.492, "depth_ft": 31.14}}, {"type": "Feature", "geometry": {"type": "Point", "coordinates": [690499.738016359, 2520141.89317419]}, "properties": {"depth_m": 9.485, "depth_ft": 31.12}}, {"type": "Feature", "geometry": {"type": "Point", "coordinates": [690289.738016359, 2521011.89317419]}, "properties": {"depth_m": 9.475, "depth_ft": 31.08}}, {"type": "Feature", "geometry": {"type": "Point", "coordinates": [688939.738016359, 2525061.89317419]}, "properties": {"depth_m": 9.47, "depth_ft": 31.07}}, {"type": "Feature", "geometry": {"type": "Point", "coordinates": [689119.738016359, 2523231.89317419]}, "properties": {"depth_m": 9.464, "depth_ft": 31.05}}, {"type": "Feature", "geometry": {"type": "Point", "coordinates": [687739.738016359, 2528091.89317419]}, "properties": {"depth_m": 9.462, "depth_ft": 31.04}}, {"type": "Feature", "geometry": {"type": "Point", "coordinates": [687769.738016359, 2527671.89317419]}, "properties": {"depth_m": 9.458, "depth_ft": 31.03}}, {"type": "Feature", "geometry": {"type": "Point", "coordinates": [688789.738016359, 2524851.89317419]}, "properties": {"depth_m": 9.453, "depth_ft": 31.02}}, {"type": "Feature", "geometry": {"type": "Point", "coordinates": [690739.738016359, 2519331.89317419]}, "properties": {"depth_m": 9.442, "depth_ft": 30.98}}, {"type": "Feature", "geometry": {"type": "Point", "coordinates": [689179.738016359, 2523141.89317419]}, "properties": {"depth_m": 9.433, "depth_ft": 30.95}}, {"type": "Feature", "geometry": {"type": "Point", "coordinates": [689149.738016359, 2523201.89317419]}, "properties": {"depth_m": 9.425, "depth_ft": 30.92}}, {"type": "Feature", "geometry": {"type": "Point", "coordinates": [684649.738016359, 2531421.89317419]}, "properties": {"depth_m": 9.418, "depth_ft": 30.9}}, {"type": "Feature", "geometry": {"type": "Point", "coordinates": [690319.738016359, 2521071.89317419]}, "properties": {"depth_m": 9.405, "depth_ft": 30.86}}, {"type": "Feature", "geometry": {"type": "Point", "coordinates": [686179.738016359, 2530401.89317419]}, "properties": {"depth_m": 9.398, "depth_ft": 30.83}}, {"type": "Feature", "geometry": {"type": "Point", "coordinates": [689179.738016359, 2523201.89317419]}, "properties": {"depth_m": 9.387, "depth_ft": 30.8}}, {"type": "Feature", "geometry": {"type": "Point", "coordinates": [689869.738016359, 2522271.89317419]}, "properties": {"depth_m": 9.378, "depth_ft": 30.77}}, {"type": "Feature", "geometry": {"type": "Point", "coordinates": [691429.738016359, 2518791.89317419]}, "properties": {"depth_m": 9.373, "depth_ft": 30.75}}, {"type": "Feature", "geometry": {"type": "Point", "coordinates": [690079.738016359, 2521491.89317419]}, "properties": {"depth_m": 9.368, "depth_ft": 30.74}}, {"type": "Feature", "geometry": {"type": "Point", "coordinates": [690289.738016359, 2520171.89317419]}, "properties": {"depth_m": 9.363, "depth_ft": 30.72}}, {"type": "Feature", "geometry": {"type": "Point", "coordinates": [689989.738016359, 2522241.89317419]}, "properties": {"depth_m": 9.359, "depth_ft": 30.7}}, {"type": "Feature", "geometry": {"type": "Point", "coordinates": [689119.738016359, 2524491.89317419]}, "properties": {"depth_m": 9.355, "depth_ft": 30.69}}, {"type": "Feature", "geometry": {"type": "Point", "coordinates": [687229.738016359, 2529231.89317419]}, "properties": {"depth_m": 9.353, "depth_ft": 30.68}}, {"type": "Feature", "geometry": {"type": "Point", "coordinates": [688729.738016359, 2525841.89317419]}, "properties": {"depth_m": 9.348, "depth_ft": 30.67}}, {"type": "Feature", "geometry": {"type": "Point", "coordinates": [690229.738016359, 2521251.89317419]}, "properties": {"depth_m": 9.344, "depth_ft": 30.65}}, {"type": "Feature", "geometry": {"type": "Point", "coordinates": [684919.738016359, 2531151.89317419]}, "properties": {"depth_m": 9.334, "depth_ft": 30.62}}, {"type": "Feature", "geometry": {"type": "Point", "coordinates": [690259.738016359, 2521251.89317419]}, "properties": {"depth_m": 9.325, "depth_ft": 30.59}}, {"type": "Feature", "geometry": {"type": "Point", "coordinates": [690319.738016359, 2520111.89317419]}, "properties": {"depth_m": 9.32, "depth_ft": 30.58}}, {"type": "Feature", "geometry": {"type": "Point", "coordinates": [691249.738016359, 2519031.89317419]}, "properties": {"depth_m": 9.317, "depth_ft": 30.57}}, {"type": "Feature", "geometry": {"type": "Point", "coordinates": [688699.738016359, 2525451.89317419]}, "properties": {"depth_m": 9.312, "depth_ft": 30.55}}, {"type": "Feature", "geometry": {"type": "Point", "coordinates": [689719.738016359, 2522481.89317419]}, "properties": {"depth_m": 9.302, "depth_ft": 30.52}}, {"type": "Feature", "geometry": {"type": "Point", "coordinates": [690319.738016359, 2520951.89317419]}, "properties": {"depth_m": 9.294, "depth_ft": 30.49}}, {"type": "Feature", "geometry": {"type": "Point", "coordinates": [684889.738016359, 2532651.89317419]}, "properties": {"depth_m": 9.291, "depth_ft": 30.48}}, {"type": "Feature", "geometry": {"type": "Point", "coordinates": [690469.738016359, 2520471.89317419]}, "properties": {"depth_m": 9.286, "depth_ft": 30.46}}, {"type": "Feature", "geometry": {"type": "Point", "coordinates": [689569.738016359, 2522511.89317419]}, "properties": {"depth_m": 9.271, "depth_ft": 30.42}}, {"type": "Feature", "geometry": {"type": "Point", "coordinates": [687949.738016359, 2527371.89317419]}, "properties": {"depth_m": 9.265, "depth_ft": 30.4}}, {"type": "Feature", "geometry": {"type": "Point", "coordinates": [685309.738016359, 2531271.89317419]}, "properties": {"depth_m": 9.261, "depth_ft": 30.39}}, {"type": "Feature", "geometry": {"type": "Point", "coordinates": [684799.738016359, 2532291.89317419]}, "properties": {"depth_m": 9.261, "depth_ft": 30.38}}, {"type": "Feature", "geometry": {"type": "Point", "coordinates": [690259.738016359, 2521701.89317419]}, "properties": {"depth_m": 9.257, "depth_ft": 30.37}}, {"type": "Feature", "geometry": {"type": "Point", "coordinates": [687949.738016359, 2527551.89317419]}, "properties": {"depth_m": 9.25, "depth_ft": 30.35}}, {"type": "Feature", "geometry": {"type": "Point", "coordinates": [688939.738016359, 2525481.89317419]}, "properties": {"depth_m": 9.242, "depth_ft": 30.32}}, {"type": "Feature", "geometry": {"type": "Point", "coordinates": [687949.738016359, 2527701.89317419]}, "properties": {"depth_m": 9.236, "depth_ft": 30.3}}, {"type": "Feature", "geometry": {"type": "Point", "coordinates": [688909.738016359, 2525301.89317419]}, "properties": {"depth_m": 9.234, "depth_ft": 30.29}}, {"type": "Feature", "geometry": {"type": "Point", "coordinates": [684919.738016359, 2532921.89317419]}, "properties": {"depth_m": 9.227, "depth_ft": 30.27}}, {"type": "Feature", "geometry": {"type": "Point", "coordinates": [690049.738016359, 2521971.89317419]}, "properties": {"depth_m": 9.22, "depth_ft": 30.25}}, {"type": "Feature", "geometry": {"type": "Point", "coordinates": [689959.738016359, 2521881.89317419]}, "properties": {"depth_m": 9.212, "depth_ft": 30.22}}, {"type": "Feature", "geometry": {"type": "Point", "coordinates": [690139.738016359, 2522091.89317419]}, "properties": {"depth_m": 9.205, "depth_ft": 30.2}}, {"type": "Feature", "geometry": {"type": "Point", "coordinates": [688429.738016359, 2526711.89317419]}, "properties": {"depth_m": 9.2, "depth_ft": 30.18}}, {"type": "Feature", "geometry": {"type": "Point", "coordinates": [688369.738016359, 2526711.89317419]}, "properties": {"depth_m": 9.191, "depth_ft": 30.16}}, {"type": "Feature", "geometry": {"type": "Point", "coordinates": [686239.738016359, 2530251.89317419]}, "properties": {"depth_m": 9.186, "depth_ft": 30.14}}, {"type": "Feature", "geometry": {"type": "Point", "coordinates": [690469.738016359, 2520321.89317419]}, "properties": {"depth_m": 9.182, "depth_ft": 30.13}}, {"type": "Feature", "geometry": {"type": "Point", "coordinates": [689299.738016359, 2523231.89317419]}, "properties": {"depth_m": 9.173, "depth_ft": 30.1}}, {"type": "Feature", "geometry": {"type": "Point", "coordinates": [688579.738016359, 2526141.89317419]}, "properties": {"depth_m": 9.167, "depth_ft": 30.07}}, {"type": "Feature", "geometry": {"type": "Point", "coordinates": [687739.738016359, 2528541.89317419]}, "properties": {"depth_m": 9.161, "depth_ft": 30.06}}, {"type": "Feature", "geometry": {"type": "Point", "coordinates": [689929.738016359, 2521941.89317419]}, "properties": {"depth_m": 9.156, "depth_ft": 30.04}}, {"type": "Feature", "geometry": {"type": "Point", "coordinates": [689179.738016359, 2523171.89317419]}, "properties": {"depth_m": 9.149, "depth_ft": 30.02}}, {"type": "Feature", "geometry": {"type": "Point", "coordinates": [690469.738016359, 2520351.89317419]}, "properties": {"depth_m": 9.145, "depth_ft": 30.0}}, {"type": "Feature", "geometry": {"type": "Point", "coordinates": [687739.738016359, 2528181.89317419]}, "properties": {"depth_m": 9.136, "depth_ft": 29.97}}, {"type": "Feature", "geometry": {"type": "Point", "coordinates": [684949.738016359, 2531121.89317419]}, "properties": {"depth_m": 9.129, "depth_ft": 29.95}}, {"type": "Feature", "geometry": {"type": "Point", "coordinates": [688579.738016359, 2526681.89317419]}, "properties": {"depth_m": 9.118, "depth_ft": 29.91}}, {"type": "Feature", "geometry": {"type": "Point", "coordinates": [689119.738016359, 2524101.89317419]}, "properties": {"depth_m": 9.114, "depth_ft": 29.9}}, {"type": "Feature", "geometry": {"type": "Point", "coordinates": [688669.738016359, 2525211.89317419]}, "properties": {"depth_m": 9.107, "depth_ft": 29.88}}, {"type": "Feature", "geometry": {"type": "Point", "coordinates": [687859.738016359, 2527581.89317419]}, "properties": {"depth_m": 9.104, "depth_ft": 29.87}}, {"type": "Feature", "geometry": {"type": "Point", "coordinates": [688999.738016359, 2523531.89317419]}, "properties": {"depth_m": 9.097, "depth_ft": 29.85}}, {"type": "Feature", "geometry": {"type": "Point", "coordinates": [686629.738016359, 2529801.89317419]}, "properties": {"depth_m": 9.087, "depth_ft": 29.81}}, {"type": "Feature", "geometry": {"type": "Point", "coordinates": [691309.738016359, 2518851.89317419]}, "properties": {"depth_m": 9.077, "depth_ft": 29.78}}, {"type": "Feature", "geometry": {"type": "Point", "coordinates": [687739.738016359, 2528571.89317419]}, "properties": {"depth_m": 9.072, "depth_ft": 29.76}}, {"type": "Feature", "geometry": {"type": "Point", "coordinates": [688459.738016359, 2526531.89317419]}, "properties": {"depth_m": 9.064, "depth_ft": 29.74}}, {"type": "Feature", "geometry": {"type": "Point", "coordinates": [687739.738016359, 2528271.89317419]}, "properties": {"depth_m": 9.06, "depth_ft": 29.72}}, {"type": "Feature", "geometry": {"type": "Point", "coordinates": [689209.738016359, 2523411.89317419]}, "properties": {"depth_m": 9.05, "depth_ft": 29.69}}, {"type": "Feature", "geometry": {"type": "Point", "coordinates": [687499.738016359, 2528391.89317419]}, "properties": {"depth_m": 9.043, "depth_ft": 29.67}}, {"type": "Feature", "geometry": {"type": "Point", "coordinates": [690139.738016359, 2521551.89317419]}, "properties": {"depth_m": 9.039, "depth_ft": 29.66}}, {"type": "Feature", "geometry": {"type": "Point", "coordinates": [689059.738016359, 2523561.89317419]}, "properties": {"depth_m": 9.031, "depth_ft": 29.63}}, {"type": "Feature", "geometry": {"type": "Point", "coordinates": [688399.738016359, 2526711.89317419]}, "properties": {"depth_m": 9.029, "depth_ft": 29.62}}, {"type": "Feature", "geometry": {"type": "Point", "coordinates": [690379.738016359, 2520381.89317419]}, "properties": {"depth_m": 9.023, "depth_ft": 29.6}}, {"type": "Feature", "geometry": {"type": "Point", "coordinates": [689359.738016359, 2523171.89317419]}, "properties": {"depth_m": 9.018, "depth_ft": 29.59}}, {"type": "Feature", "geometry": {"type": "Point", "coordinates": [688789.738016359, 2525721.89317419]}, "properties": {"depth_m": 9.013, "depth_ft": 29.57}}, {"type": "Feature", "geometry": {"type": "Point", "coordinates": [689209.738016359, 2522781.89317419]}, "properties": {"depth_m": 9.008, "depth_ft": 29.55}}, {"type": "Feature", "geometry": {"type": "Point", "coordinates": [690139.738016359, 2521191.89317419]}, "properties": {"depth_m": 9.004, "depth_ft": 29.54}}, {"type": "Feature", "geometry": {"type": "Point", "coordinates": [689029.738016359, 2523531.89317419]}, "properties": {"depth_m": 8.997, "depth_ft": 29.52}}, {"type": "Feature", "geometry": {"type": "Point", "coordinates": [689089.738016359, 2523381.89317419]}, "properties": {"depth_m": 8.992, "depth_ft": 29.5}}, {"type": "Feature", "geometry": {"type": "Point", "coordinates": [689959.738016359, 2521851.89317419]}, "properties": {"depth_m": 8.99, "depth_ft": 29.49}}, {"type": "Feature", "geometry": {"type": "Point", "coordinates": [691219.738016359, 2518611.89317419]}, "properties": {"depth_m": 8.985, "depth_ft": 29.48}}, {"type": "Feature", "geometry": {"type": "Point", "coordinates": [691519.738016359, 2518731.89317419]}, "properties": {"depth_m": 8.981, "depth_ft": 29.47}}, {"type": "Feature", "geometry": {"type": "Point", "coordinates": [687529.738016359, 2529051.89317419]}, "properties": {"depth_m": 8.974, "depth_ft": 29.44}}, {"type": "Feature", "geometry": {"type": "Point", "coordinates": [689029.738016359, 2525001.89317419]}, "properties": {"depth_m": 8.97, "depth_ft": 29.43}}, {"type": "Feature", "geometry": {"type": "Point", "coordinates": [689239.738016359, 2523561.89317419]}, "properties": {"depth_m": 8.963, "depth_ft": 29.41}}, {"type": "Feature", "geometry": {"type": "Point", "coordinates": [687799.738016359, 2527551.89317419]}, "properties": {"depth_m": 8.961, "depth_ft": 29.4}}, {"type": "Feature", "geometry": {"type": "Point", "coordinates": [689119.738016359, 2523951.89317419]}, "properties": {"depth_m": 8.957, "depth_ft": 29.39}}, {"type": "Feature", "geometry": {"type": "Point", "coordinates": [688309.738016359, 2527161.89317419]}, "properties": {"depth_m": 8.953, "depth_ft": 29.37}}, {"type": "Feature", "geometry": {"type": "Point", "coordinates": [688999.738016359, 2524821.89317419]}, "properties": {"depth_m": 8.948, "depth_ft": 29.36}}, {"type": "Feature", "geometry": {"type": "Point", "coordinates": [689239.738016359, 2523381.89317419]}, "properties": {"depth_m": 8.942, "depth_ft": 29.34}}, {"type": "Feature", "geometry": {"type": "Point", "coordinates": [688909.738016359, 2525451.89317419]}, "properties": {"depth_m": 8.937, "depth_ft": 29.32}}, {"type": "Feature", "geometry": {"type": "Point", "coordinates": [689119.738016359, 2523381.89317419]}, "properties": {"depth_m": 8.932, "depth_ft": 29.3}}, {"type": "Feature", "geometry": {"type": "Point", "coordinates": [690139.738016359, 2521221.89317419]}, "properties": {"depth_m": 8.921, "depth_ft": 29.27}}, {"type": "Feature", "geometry": {"type": "Point", "coordinates": [689659.738016359, 2522541.89317419]}, "properties": {"depth_m": 8.915, "depth_ft": 29.25}}, {"type": "Feature", "geometry": {"type": "Point", "coordinates": [690619.738016359, 2519931.89317419]}, "properties": {"depth_m": 8.909, "depth_ft": 29.23}}, {"type": "Feature", "geometry": {"type": "Point", "coordinates": [691279.738016359, 2518491.89317419]}, "properties": {"depth_m": 8.907, "depth_ft": 29.22}}, {"type": "Feature", "geometry": {"type": "Point", "coordinates": [690049.738016359, 2521521.89317419]}, "properties": {"depth_m": 8.904, "depth_ft": 29.21}}, {"type": "Feature", "geometry": {"type": "Point", "coordinates": [689629.738016359, 2522841.89317419]}, "properties": {"depth_m": 8.901, "depth_ft": 29.2}}, {"type": "Feature", "geometry": {"type": "Point", "coordinates": [688249.738016359, 2527251.89317419]}, "properties": {"depth_m": 8.894, "depth_ft": 29.18}}, {"type": "Feature", "geometry": {"type": "Point", "coordinates": [688159.738016359, 2526891.89317419]}, "properties": {"depth_m": 8.884, "depth_ft": 29.15}}, {"type": "Feature", "geometry": {"type": "Point", "coordinates": [688969.738016359, 2523831.89317419]}, "properties": {"depth_m": 8.881, "depth_ft": 29.14}}, {"type": "Feature", "geometry": {"type": "Point", "coordinates": [690139.738016359, 2520951.89317419]}, "properties": {"depth_m": 8.876, "depth_ft": 29.12}}, {"type": "Feature", "geometry": {"type": "Point", "coordinates": [691369.738016359, 2518791.89317419]}, "properties": {"depth_m": 8.869, "depth_ft": 29.1}}, {"type": "Feature", "geometry": {"type": "Point", "coordinates": [689149.738016359, 2522811.89317419]}, "properties": {"depth_m": 8.867, "depth_ft": 29.09}}, {"type": "Feature", "geometry": {"type": "Point", "coordinates": [686209.738016359, 2530341.89317419]}, "properties": {"depth_m": 8.862, "depth_ft": 29.08}}, {"type": "Feature", "geometry": {"type": "Point", "coordinates": [688639.738016359, 2526501.89317419]}, "properties": {"depth_m": 8.847, "depth_ft": 29.03}}, {"type": "Feature", "geometry": {"type": "Point", "coordinates": [687799.738016359, 2527581.89317419]}, "properties": {"depth_m": 8.839, "depth_ft": 29.0}}, {"type": "Feature", "geometry": {"type": "Point", "coordinates": [686299.738016359, 2530071.89317419]}, "properties": {"depth_m": 8.83, "depth_ft": 28.97}}, {"type": "Feature", "geometry": {"type": "Point", "coordinates": [684499.738016359, 2532561.89317419]}, "properties": {"depth_m": 8.823, "depth_ft": 28.95}}, {"type": "Feature", "geometry": {"type": "Point", "coordinates": [688309.738016359, 2526681.89317419]}, "properties": {"depth_m": 8.816, "depth_ft": 28.92}}, {"type": "Feature", "geometry": {"type": "Point", "coordinates": [689059.738016359, 2524611.89317419]}, "properties": {"depth_m": 8.81, "depth_ft": 28.91}}, {"type": "Feature", "geometry": {"type": "Point", "coordinates": [689749.738016359, 2522271.89317419]}, "properties": {"depth_m": 8.807, "depth_ft": 28.89}}, {"type": "Feature", "geometry": {"type": "Point", "coordinates": [688939.738016359, 2524671.89317419]}, "properties": {"depth_m": 8.803, "depth_ft": 28.88}}, {"type": "Feature", "geometry": {"type": "Point", "coordinates": [684619.738016359, 2531391.89317419]}, "properties": {"depth_m": 8.793, "depth_ft": 28.85}}, {"type": "Feature", "geometry": {"type": "Point", "coordinates": [689599.738016359, 2522841.89317419]}, "properties": {"depth_m": 8.789, "depth_ft": 28.84}}, {"type": "Feature", "geometry": {"type": "Point", "coordinates": [688729.738016359, 2524941.89317419]}, "properties": {"depth_m": 8.778, "depth_ft": 28.8}}, {"type": "Feature", "geometry": {"type": "Point", "coordinates": [689089.738016359, 2523411.89317419]}, "properties": {"depth_m": 8.762, "depth_ft": 28.75}}, {"type": "Feature", "geometry": {"type": "Point", "coordinates": [689209.738016359, 2524221.89317419]}, "properties": {"depth_m": 8.758, "depth_ft": 28.73}}, {"type": "Feature", "geometry": {"type": "Point", "coordinates": [688909.738016359, 2525091.89317419]}, "properties": {"depth_m": 8.753, "depth_ft": 28.72}}, {"type": "Feature", "geometry": {"type": "Point", "coordinates": [684589.738016359, 2531421.89317419]}, "properties": {"depth_m": 8.748, "depth_ft": 28.7}}, {"type": "Feature", "geometry": {"type": "Point", "coordinates": [688069.738016359, 2526771.89317419]}, "properties": {"depth_m": 8.743, "depth_ft": 28.69}}, {"type": "Feature", "geometry": {"type": "Point", "coordinates": [690319.738016359, 2521041.89317419]}, "properties": {"depth_m": 8.726, "depth_ft": 28.63}}, {"type": "Feature", "geometry": {"type": "Point", "coordinates": [688459.738016359, 2526891.89317419]}, "properties": {"depth_m": 8.723, "depth_ft": 28.62}}, {"type": "Feature", "geometry": {"type": "Point", "coordinates": [689929.738016359, 2521911.89317419]}, "properties": {"depth_m": 8.715, "depth_ft": 28.59}}, {"type": "Feature", "geometry": {"type": "Point", "coordinates": [689119.738016359, 2523981.89317419]}, "properties": {"depth_m": 8.705, "depth_ft": 28.56}}, {"type": "Feature", "geometry": {"type": "Point", "coordinates": [689089.738016359, 2524011.89317419]}, "properties": {"depth_m": 8.701, "depth_ft": 28.55}}, {"type": "Feature", "geometry": {"type": "Point", "coordinates": [690319.738016359, 2520831.89317419]}, "properties": {"depth_m": 8.695, "depth_ft": 28.53}}, {"type": "Feature", "geometry": {"type": "Point", "coordinates": [689089.738016359, 2524041.89317419]}, "properties": {"depth_m": 8.689, "depth_ft": 28.51}}, {"type": "Feature", "geometry": {"type": "Point", "coordinates": [689119.738016359, 2523861.89317419]}, "properties": {"depth_m": 8.686, "depth_ft": 28.5}}, {"type": "Feature", "geometry": {"type": "Point", "coordinates": [689839.738016359, 2522091.89317419]}, "properties": {"depth_m": 8.68, "depth_ft": 28.48}}, {"type": "Feature", "geometry": {"type": "Point", "coordinates": [685339.738016359, 2531241.89317419]}, "properties": {"depth_m": 8.675, "depth_ft": 28.46}}, {"type": "Feature", "geometry": {"type": "Point", "coordinates": [687949.738016359, 2527791.89317419]}, "properties": {"depth_m": 8.673, "depth_ft": 28.46}}, {"type": "Feature", "geometry": {"type": "Point", "coordinates": [690409.738016359, 2520591.89317419]}, "properties": {"depth_m": 8.669, "depth_ft": 28.44}}, {"type": "Feature", "geometry": {"type": "Point", "coordinates": [686659.738016359, 2529771.89317419]}, "properties": {"depth_m": 8.664, "depth_ft": 28.43}}, {"type": "Feature", "geometry": {"type": "Point", "coordinates": [689569.738016359, 2523021.89317419]}, "properties": {"depth_m": 8.658, "depth_ft": 28.41}}, {"type": "Feature", "geometry": {"type": "Point", "coordinates": [689119.738016359, 2524551.89317419]}, "properties": {"depth_m": 8.651, "depth_ft": 28.38}}, {"type": "Feature", "geometry": {"type": "Point", "coordinates": [687859.738016359, 2527011.89317419]}, "properties": {"depth_m": 8.643, "depth_ft": 28.35}}, {"type": "Feature", "geometry": {"type": "Point", "coordinates": [688789.738016359, 2523201.89317419]}, "properties": {"depth_m": 8.628, "depth_ft": 28.31}}, {"type": "Feature", "geometry": {"type": "Point", "coordinates": [689539.738016359, 2522481.89317419]}, "properties": {"depth_m": 8.621, "depth_ft": 28.28}}, {"type": "Feature", "geometry": {"type": "Point", "coordinates": [685909.738016359, 2529711.89317419]}, "properties": {"depth_m": 8.614, "depth_ft": 28.26}}, {"type": "Feature", "geometry": {"type": "Point", "coordinates": [684919.738016359, 2531751.89317419]}, "properties": {"depth_m": 8.606, "depth_ft": 28.24}}, {"type": "Feature", "geometry": {"type": "Point", "coordinates": [688939.738016359, 2525631.89317419]}, "properties": {"depth_m": 8.596, "depth_ft": 28.2}}, {"type": "Feature", "geometry": {"type": "Point", "coordinates": [689209.738016359, 2523621.89317419]}, "properties": {"depth_m": 8.585, "depth_ft": 28.17}}, {"type": "Feature", "geometry": {"type": "Point", "coordinates": [684889.738016359, 2532681.89317419]}, "properties": {"depth_m": 8.578, "depth_ft": 28.14}}, {"type": "Feature", "geometry": {"type": "Point", "coordinates": [689119.738016359, 2523891.89317419]}, "properties": {"depth_m": 8.574, "depth_ft": 28.13}}, {"type": "Feature", "geometry": {"type": "Point", "coordinates": [689059.738016359, 2524941.89317419]}, "properties": {"depth_m": 8.561, "depth_ft": 28.09}}, {"type": "Feature", "geometry": {"type": "Point", "coordinates": [690139.738016359, 2521251.89317419]}, "properties": {"depth_m": 8.557, "depth_ft": 28.07}}, {"type": "Feature", "geometry": {"type": "Point", "coordinates": [689119.738016359, 2523681.89317419]}, "properties": {"depth_m": 8.542, "depth_ft": 28.02}}, {"type": "Feature", "geometry": {"type": "Point", "coordinates": [688399.738016359, 2526561.89317419]}, "properties": {"depth_m": 8.539, "depth_ft": 28.02}}, {"type": "Feature", "geometry": {"type": "Point", "coordinates": [688669.738016359, 2526411.89317419]}, "properties": {"depth_m": 8.533, "depth_ft": 28.0}}, {"type": "Feature", "geometry": {"type": "Point", "coordinates": [687979.738016359, 2527581.89317419]}, "properties": {"depth_m": 8.531, "depth_ft": 27.99}}, {"type": "Feature", "geometry": {"type": "Point", "coordinates": [688669.738016359, 2525541.89317419]}, "properties": {"depth_m": 8.526, "depth_ft": 27.97}}, {"type": "Feature", "geometry": {"type": "Point", "coordinates": [688999.738016359, 2525031.89317419]}, "properties": {"depth_m": 8.515, "depth_ft": 27.94}}, {"type": "Feature", "geometry": {"type": "Point", "coordinates": [688039.738016359, 2527791.89317419]}, "properties": {"depth_m": 8.507, "depth_ft": 27.91}}, {"type": "Feature", "geometry": {"type": "Point", "coordinates": [689149.738016359, 2523711.89317419]}, "properties": {"depth_m": 8.502, "depth_ft": 27.9}}, {"type": "Feature", "geometry": {"type": "Point", "coordinates": [686269.738016359, 2530131.89317419]}, "properties": {"depth_m": 8.5, "depth_ft": 27.89}}, {"type": "Feature", "geometry": {"type": "Point", "coordinates": [689179.738016359, 2524101.89317419]}, "properties": {"depth_m": 8.496, "depth_ft": 27.87}}, {"type": "Feature", "geometry": {"type": "Point", "coordinates": [689689.738016359, 2522451.89317419]}, "properties": {"depth_m": 8.491, "depth_ft": 27.86}}, {"type": "Feature", "geometry": {"type": "Point", "coordinates": [688789.738016359, 2525751.89317419]}, "properties": {"depth_m": 8.485, "depth_ft": 27.84}}, {"type": "Feature", "geometry": {"type": "Point", "coordinates": [690319.738016359, 2521311.89317419]}, "properties": {"depth_m": 8.48, "depth_ft": 27.82}}, {"type": "Feature", "geometry": {"type": "Point", "coordinates": [686299.738016359, 2530221.89317419]}, "properties": {"depth_m": 8.476, "depth_ft": 27.81}}, {"type": "Feature", "geometry": {"type": "Point", "coordinates": [690469.738016359, 2519631.89317419]}, "properties": {"depth_m": 8.474, "depth_ft": 27.8}}, {"type": "Feature", "geometry": {"type": "Point", "coordinates": [689809.738016359, 2522211.89317419]}, "properties": {"depth_m": 8.465, "depth_ft": 27.77}}, {"type": "Feature", "geometry": {"type": "Point", "coordinates": [687349.738016359, 2529171.89317419]}, "properties": {"depth_m": 8.46, "depth_ft": 27.75}}, {"type": "Feature", "geometry": {"type": "Point", "coordinates": [689119.738016359, 2523561.89317419]}, "properties": {"depth_m": 8.456, "depth_ft": 27.74}}, {"type": "Feature", "geometry": {"type": "Point", "coordinates": [689239.738016359, 2523441.89317419]}, "properties": {"depth_m": 8.452, "depth_ft": 27.73}}, {"type": "Feature", "geometry": {"type": "Point", "coordinates": [689509.738016359, 2522451.89317419]}, "properties": {"depth_m": 8.448, "depth_ft": 27.72}}, {"type": "Feature", "geometry": {"type": "Point", "coordinates": [690439.738016359, 2520561.89317419]}, "properties": {"depth_m": 8.444, "depth_ft": 27.7}}, {"type": "Feature", "geometry": {"type": "Point", "coordinates": [688339.738016359, 2526591.89317419]}, "properties": {"depth_m": 8.436, "depth_ft": 27.68}}, {"type": "Feature", "geometry": {"type": "Point", "coordinates": [688249.738016359, 2527281.89317419]}, "properties": {"depth_m": 8.43, "depth_ft": 27.66}}, {"type": "Feature", "geometry": {"type": "Point", "coordinates": [687949.738016359, 2527821.89317419]}, "properties": {"depth_m": 8.425, "depth_ft": 27.64}}, {"type": "Feature", "geometry": {"type": "Point", "coordinates": [689479.738016359, 2523171.89317419]}, "properties": {"depth_m": 8.421, "depth_ft": 27.63}}, {"type": "Feature", "geometry": {"type": "Point", "coordinates": [689089.738016359, 2524131.89317419]}, "properties": {"depth_m": 8.415, "depth_ft": 27.61}}, {"type": "Feature", "geometry": {"type": "Point", "coordinates": [687259.738016359, 2529231.89317419]}, "properties": {"depth_m": 8.41, "depth_ft": 27.59}}, {"type": "Feature", "geometry": {"type": "Point", "coordinates": [688009.738016359, 2526831.89317419]}, "properties": {"depth_m": 8.403, "depth_ft": 27.57}}, {"type": "Feature", "geometry": {"type": "Point", "coordinates": [688519.738016359, 2526321.89317419]}, "properties": {"depth_m": 8.395, "depth_ft": 27.54}}, {"type": "Feature", "geometry": {"type": "Point", "coordinates": [690529.738016359, 2520111.89317419]}, "properties": {"depth_m": 8.391, "depth_ft": 27.53}}, {"type": "Feature", "geometry": {"type": "Point", "coordinates": [690169.738016359, 2521881.89317419]}, "properties": {"depth_m": 8.387, "depth_ft": 27.52}}, {"type": "Feature", "geometry": {"type": "Point", "coordinates": [688459.738016359, 2526501.89317419]}, "properties": {"depth_m": 8.383, "depth_ft": 27.5}}, {"type": "Feature", "geometry": {"type": "Point", "coordinates": [689389.738016359, 2523201.89317419]}, "properties": {"depth_m": 8.372, "depth_ft": 27.47}}, {"type": "Feature", "geometry": {"type": "Point", "coordinates": [687319.738016359, 2529201.89317419]}, "properties": {"depth_m": 8.364, "depth_ft": 27.44}}, {"type": "Feature", "geometry": {"type": "Point", "coordinates": [688669.738016359, 2526111.89317419]}, "properties": {"depth_m": 8.356, "depth_ft": 27.42}}, {"type": "Feature", "geometry": {"type": "Point", "coordinates": [690139.738016359, 2521131.89317419]}, "properties": {"depth_m": 8.343, "depth_ft": 27.37}}, {"type": "Feature", "geometry": {"type": "Point", "coordinates": [688909.738016359, 2525271.89317419]}, "properties": {"depth_m": 8.33, "depth_ft": 27.33}}, {"type": "Feature", "geometry": {"type": "Point", "coordinates": [691339.738016359, 2518851.89317419]}, "properties": {"depth_m": 8.326, "depth_ft": 27.32}}, {"type": "Feature", "geometry": {"type": "Point", "coordinates": [688099.738016359, 2527521.89317419]}, "properties": {"depth_m": 8.319, "depth_ft": 27.29}}, {"type": "Feature", "geometry": {"type": "Point", "coordinates": [688639.738016359, 2525751.89317419]}, "properties": {"depth_m": 8.31, "depth_ft": 27.26}}, {"type": "Feature", "geometry": {"type": "Point", "coordinates": [690319.738016359, 2521401.89317419]}, "properties": {"depth_m": 8.305, "depth_ft": 27.25}}, {"type": "Feature", "geometry": {"type": "Point", "coordinates": [686689.738016359, 2529741.89317419]}, "properties": {"depth_m": 8.302, "depth_ft": 27.24}}, {"type": "Feature", "geometry": {"type": "Point", "coordinates": [688639.738016359, 2526141.89317419]}, "properties": {"depth_m": 8.293, "depth_ft": 27.21}}, {"type": "Feature", "geometry": {"type": "Point", "coordinates": [690289.738016359, 2521221.89317419]}, "properties": {"depth_m": 8.288, "depth_ft": 27.19}}, {"type": "Feature", "geometry": {"type": "Point", "coordinates": [691279.738016359, 2518911.89317419]}, "properties": {"depth_m": 8.28, "depth_ft": 27.16}}, {"type": "Feature", "geometry": {"type": "Point", "coordinates": [690049.738016359, 2522211.89317419]}, "properties": {"depth_m": 8.274, "depth_ft": 27.15}}, {"type": "Feature", "geometry": {"type": "Point", "coordinates": [688789.738016359, 2523411.89317419]}, "properties": {"depth_m": 8.269, "depth_ft": 27.13}}, {"type": "Feature", "geometry": {"type": "Point", "coordinates": [689119.738016359, 2523831.89317419]}, "properties": {"depth_m": 8.26, "depth_ft": 27.1}}, {"type": "Feature", "geometry": {"type": "Point", "coordinates": [685189.738016359, 2531361.89317419]}, "properties": {"depth_m": 8.257, "depth_ft": 27.09}}, {"type": "Feature", "geometry": {"type": "Point", "coordinates": [690079.738016359, 2521311.89317419]}, "properties": {"depth_m": 8.252, "depth_ft": 27.08}}, {"type": "Feature", "geometry": {"type": "Point", "coordinates": [689389.738016359, 2522961.89317419]}, "properties": {"depth_m": 8.24, "depth_ft": 27.03}}, {"type": "Feature", "geometry": {"type": "Point", "coordinates": [686539.738016359, 2529861.89317419]}, "properties": {"depth_m": 8.237, "depth_ft": 27.03}}, {"type": "Feature", "geometry": {"type": "Point", "coordinates": [690079.738016359, 2521551.89317419]}, "properties": {"depth_m": 8.23, "depth_ft": 27.0}}, {"type": "Feature", "geometry": {"type": "Point", "coordinates": [688669.738016359, 2526051.89317419]}, "properties": {"depth_m": 8.224, "depth_ft": 26.98}}, {"type": "Feature", "geometry": {"type": "Point", "coordinates": [684379.738016359, 2532081.89317419]}, "properties": {"depth_m": 8.22, "depth_ft": 26.97}}, {"type": "Feature", "geometry": {"type": "Point", "coordinates": [689509.738016359, 2522421.89317419]}, "properties": {"depth_m": 8.213, "depth_ft": 26.95}}, {"type": "Feature", "geometry": {"type": "Point", "coordinates": [689179.738016359, 2524701.89317419]}, "properties": {"depth_m": 8.206, "depth_ft": 26.92}}, {"type": "Feature", "geometry": {"type": "Point", "coordinates": [685519.738016359, 2530611.89317419]}, "properties": {"depth_m": 8.202, "depth_ft": 26.91}}, {"type": "Feature", "geometry": {"type": "Point", "coordinates": [688009.738016359, 2527431.89317419]}, "properties": {"depth_m": 8.197, "depth_ft": 26.89}}, {"type": "Feature", "geometry": {"type": "Point", "coordinates": [684499.738016359, 2532651.89317419]}, "properties": {"depth_m": 8.19, "depth_ft": 26.87}}, {"type": "Feature", "geometry": {"type": "Point", "coordinates": [688909.738016359, 2525781.89317419]}, "properties": {"depth_m": 8.179, "depth_ft": 26.83}}, {"type": "Feature", "geometry": {"type": "Point", "coordinates": [688579.738016359, 2526501.89317419]}, "properties": {"depth_m": 8.165, "depth_ft": 26.79}}, {"type": "Feature", "geometry": {"type": "Point", "coordinates": [689929.738016359, 2521761.89317419]}, "properties": {"depth_m": 8.157, "depth_ft": 26.76}}, {"type": "Feature", "geometry": {"type": "Point", "coordinates": [688669.738016359, 2525721.89317419]}, "properties": {"depth_m": 8.148, "depth_ft": 26.73}}, {"type": "Feature", "geometry": {"type": "Point", "coordinates": [684379.738016359, 2532111.89317419]}, "properties": {"depth_m": 8.133, "depth_ft": 26.68}}, {"type": "Feature", "geometry": {"type": "Point", "coordinates": [685939.738016359, 2529981.89317419]}, "properties": {"depth_m": 8.126, "depth_ft": 26.66}}, {"type": "Feature", "geometry": {"type": "Point", "coordinates": [689419.738016359, 2522481.89317419]}, "properties": {"depth_m": 8.11, "depth_ft": 26.61}}, {"type": "Feature", "geometry": {"type": "Point", "coordinates": [690139.738016359, 2520861.89317419]}, "properties": {"depth_m": 8.105, "depth_ft": 26.59}}, {"type": "Feature", "geometry": {"type": "Point", "coordinates": [688489.738016359, 2526831.89317419]}, "properties": {"depth_m": 8.094, "depth_ft": 26.56}}, {"type": "Feature", "geometry": {"type": "Point", "coordinates": [688699.738016359, 2525241.89317419]}, "properties": {"depth_m": 8.091, "depth_ft": 26.54}}, {"type": "Feature", "geometry": {"type": "Point", "coordinates": [689809.738016359, 2522571.89317419]}, "properties": {"depth_m": 8.087, "depth_ft": 26.53}}, {"type": "Feature", "geometry": {"type": "Point", "coordinates": [685879.738016359, 2530101.89317419]}, "properties": {"depth_m": 8.083, "depth_ft": 26.52}}, {"type": "Feature", "geometry": {"type": "Point", "coordinates": [688789.738016359, 2526231.89317419]}, "properties": {"depth_m": 8.078, "depth_ft": 26.5}}, {"type": "Feature", "geometry": {"type": "Point", "coordinates": [689119.738016359, 2524041.89317419]}, "properties": {"depth_m": 8.07, "depth_ft": 26.48}}, {"type": "Feature", "geometry": {"type": "Point", "coordinates": [689269.738016359, 2522721.89317419]}, "properties": {"depth_m": 8.064, "depth_ft": 26.46}}, {"type": "Feature", "geometry": {"type": "Point", "coordinates": [690049.738016359, 2521431.89317419]}, "properties": {"depth_m": 8.059, "depth_ft": 26.44}}, {"type": "Feature", "geometry": {"type": "Point", "coordinates": [688519.738016359, 2526231.89317419]}, "properties": {"depth_m": 8.054, "depth_ft": 26.42}}, {"type": "Feature", "geometry": {"type": "Point", "coordinates": [689059.738016359, 2525001.89317419]}, "properties": {"depth_m": 8.048, "depth_ft": 26.41}}, {"type": "Feature", "geometry": {"type": "Point", "coordinates": [687409.738016359, 2529111.89317419]}, "properties": {"depth_m": 8.046, "depth_ft": 26.4}}, {"type": "Feature", "geometry": {"type": "Point", "coordinates": [689329.738016359, 2523321.89317419]}, "properties": {"depth_m": 8.04, "depth_ft": 26.38}}, {"type": "Feature", "geometry": {"type": "Point", "coordinates": [689749.738016359, 2522631.89317419]}, "properties": {"depth_m": 8.037, "depth_ft": 26.37}}, {"type": "Feature", "geometry": {"type": "Point", "coordinates": [687589.738016359, 2527461.89317419]}, "properties": {"depth_m": 8.031, "depth_ft": 26.35}}, {"type": "Feature", "geometry": {"type": "Point", "coordinates": [688909.738016359, 2525931.89317419]}, "properties": {"depth_m": 8.027, "depth_ft": 26.34}}, {"type": "Feature", "geometry": {"type": "Point", "coordinates": [689149.738016359, 2523951.89317419]}, "properties": {"depth_m": 8.023, "depth_ft": 26.32}}, {"type": "Feature", "geometry": {"type": "Point", "coordinates": [689179.738016359, 2524731.89317419]}, "properties": {"depth_m": 8.022, "depth_ft": 26.32}}, {"type": "Feature", "geometry": {"type": "Point", "coordinates": [686719.738016359, 2529171.89317419]}, "properties": {"depth_m": 8.017, "depth_ft": 26.3}}, {"type": "Feature", "geometry": {"type": "Point", "coordinates": [688429.738016359, 2526471.89317419]}, "properties": {"depth_m": 8.013, "depth_ft": 26.29}}, {"type": "Feature", "geometry": {"type": "Point", "coordinates": [689509.738016359, 2523081.89317419]}, "properties": {"depth_m": 7.999, "depth_ft": 26.24}}, {"type": "Feature", "geometry": {"type": "Point", "coordinates": [689989.738016359, 2521551.89317419]}, "properties": {"depth_m": 7.989, "depth_ft": 26.21}}, {"type": "Feature", "geometry": {"type": "Point", "coordinates": [685879.738016359, 2529711.89317419]}, "properties": {"depth_m": 7.986, "depth_ft": 26.2}}, {"type": "Feature", "geometry": {"type": "Point", "coordinates": [686389.738016359, 2530041.89317419]}, "properties": {"depth_m": 7.977, "depth_ft": 26.17}}, {"type": "Feature", "geometry": {"type": "Point", "coordinates": [688489.738016359, 2526801.89317419]}, "properties": {"depth_m": 7.97, "depth_ft": 26.15}}, {"type": "Feature", "geometry": {"type": "Point", "coordinates": [690259.738016359, 2521551.89317419]}, "properties": {"depth_m": 7.962, "depth_ft": 26.12}}, {"type": "Feature", "geometry": {"type": "Point", "coordinates": [684409.738016359, 2531901.89317419]}, "properties": {"depth_m": 7.956, "depth_ft": 26.1}}, {"type": "Feature", "geometry": {"type": "Point", "coordinates": [688639.738016359, 2525601.89317419]}, "properties": {"depth_m": 7.951, "depth_ft": 26.09}}, {"type": "Feature", "geometry": {"type": "Point", "coordinates": [689389.738016359, 2523021.89317419]}, "properties": {"depth_m": 7.939, "depth_ft": 26.05}}, {"type": "Feature", "geometry": {"type": "Point", "coordinates": [690319.738016359, 2521281.89317419]}, "properties": {"depth_m": 7.933, "depth_ft": 26.03}}, {"type": "Feature", "geometry": {"type": "Point", "coordinates": [688369.738016359, 2526591.89317419]}, "properties": {"depth_m": 7.928, "depth_ft": 26.01}}, {"type": "Feature", "geometry": {"type": "Point", "coordinates": [689149.738016359, 2524731.89317419]}, "properties": {"depth_m": 7.92, "depth_ft": 25.99}}, {"type": "Feature", "geometry": {"type": "Point", "coordinates": [689059.738016359, 2523861.89317419]}, "properties": {"depth_m": 7.915, "depth_ft": 25.97}}, {"type": "Feature", "geometry": {"type": "Point", "coordinates": [689479.738016359, 2523201.89317419]}, "properties": {"depth_m": 7.901, "depth_ft": 25.92}}, {"type": "Feature", "geometry": {"type": "Point", "coordinates": [688339.738016359, 2526981.89317419]}, "properties": {"depth_m": 7.897, "depth_ft": 25.91}}, {"type": "Feature", "geometry": {"type": "Point", "coordinates": [685939.738016359, 2530791.89317419]}, "properties": {"depth_m": 7.892, "depth_ft": 25.89}}, {"type": "Feature", "geometry": {"type": "Point", "coordinates": [688309.738016359, 2526561.89317419]}, "properties": {"depth_m": 7.883, "depth_ft": 25.86}}, {"type": "Feature", "geometry": {"type": "Point", "coordinates": [687799.738016359, 2527701.89317419]}, "properties": {"depth_m": 7.875, "depth_ft": 25.84}}, {"type": "Feature", "geometry": {"type": "Point", "coordinates": [690199.738016359, 2520621.89317419]}, "properties": {"depth_m": 7.872, "depth_ft": 25.83}}, {"type": "Feature", "geometry": {"type": "Point", "coordinates": [688939.738016359, 2523591.89317419]}, "properties": {"depth_m": 7.864, "depth_ft": 25.8}}, {"type": "Feature", "geometry": {"type": "Point", "coordinates": [687799.738016359, 2527821.89317419]}, "properties": {"depth_m": 7.86, "depth_ft": 25.79}}, {"type": "Feature", "geometry": {"type": "Point", "coordinates": [688909.738016359, 2523741.89317419]}, "properties": {"depth_m": 7.852, "depth_ft": 25.76}}, {"type": "Feature", "geometry": {"type": "Point", "coordinates": [688669.738016359, 2525451.89317419]}, "properties": {"depth_m": 7.841, "depth_ft": 25.72}}, {"type": "Feature", "geometry": {"type": "Point", "coordinates": [686899.738016359, 2529021.89317419]}, "properties": {"depth_m": 7.837, "depth_ft": 25.71}}, {"type": "Feature", "geometry": {"type": "Point", "coordinates": [688789.738016359, 2525781.89317419]}, "properties": {"depth_m": 7.83, "depth_ft": 25.69}}, {"type": "Feature", "geometry": {"type": "Point", "coordinates": [690199.738016359, 2520681.89317419]}, "properties": {"depth_m": 7.825, "depth_ft": 25.67}}, {"type": "Feature", "geometry": {"type": "Point", "coordinates": [689569.738016359, 2523051.89317419]}, "properties": {"depth_m": 7.822, "depth_ft": 25.66}}, {"type": "Feature", "geometry": {"type": "Point", "coordinates": [684949.738016359, 2531691.89317419]}, "properties": {"depth_m": 7.808, "depth_ft": 25.62}}, {"type": "Feature", "geometry": {"type": "Point", "coordinates": [687589.738016359, 2527761.89317419]}, "properties": {"depth_m": 7.799, "depth_ft": 25.59}}, {"type": "Feature", "geometry": {"type": "Point", "coordinates": [688999.738016359, 2525481.89317419]}, "properties": {"depth_m": 7.795, "depth_ft": 25.57}}, {"type": "Feature", "geometry": {"type": "Point", "coordinates": [689269.738016359, 2523531.89317419]}, "properties": {"depth_m": 7.791, "depth_ft": 25.56}}, {"type": "Feature", "geometry": {"type": "Point", "coordinates": [689029.738016359, 2524611.89317419]}, "properties": {"depth_m": 7.785, "depth_ft": 25.54}}, {"type": "Feature", "geometry": {"type": "Point", "coordinates": [689179.738016359, 2523831.89317419]}, "properties": {"depth_m": 7.777, "depth_ft": 25.52}}, {"type": "Feature", "geometry": {"type": "Point", "coordinates": [690649.738016359, 2519421.89317419]}, "properties": {"depth_m": 7.771, "depth_ft": 25.5}}, {"type": "Feature", "geometry": {"type": "Point", "coordinates": [689089.738016359, 2524851.89317419]}, "properties": {"depth_m": 7.766, "depth_ft": 25.48}}, {"type": "Feature", "geometry": {"type": "Point", "coordinates": [688759.738016359, 2526231.89317419]}, "properties": {"depth_m": 7.758, "depth_ft": 25.45}}, {"type": "Feature", "geometry": {"type": "Point", "coordinates": [688279.738016359, 2526651.89317419]}, "properties": {"depth_m": 7.755, "depth_ft": 25.44}}, {"type": "Feature", "geometry": {"type": "Point", "coordinates": [691189.738016359, 2519061.89317419]}, "properties": {"depth_m": 7.744, "depth_ft": 25.41}}, {"type": "Feature", "geometry": {"type": "Point", "coordinates": [689839.738016359, 2522271.89317419]}, "properties": {"depth_m": 7.738, "depth_ft": 25.39}}, {"type": "Feature", "geometry": {"type": "Point", "coordinates": [687169.738016359, 2528781.89317419]}, "properties": {"depth_m": 7.733, "depth_ft": 25.37}}, {"type": "Feature", "geometry": {"type": "Point", "coordinates": [689389.738016359, 2523831.89317419]}, "properties": {"depth_m": 7.727, "depth_ft": 25.35}}, {"type": "Feature", "geometry": {"type": "Point", "coordinates": [691039.738016359, 2518821.89317419]}, "properties": {"depth_m": 7.721, "depth_ft": 25.33}}, {"type": "Feature", "geometry": {"type": "Point", "coordinates": [689389.738016359, 2524041.89317419]}, "properties": {"depth_m": 7.715, "depth_ft": 25.31}}, {"type": "Feature", "geometry": {"type": "Point", "coordinates": [686479.738016359, 2529411.89317419]}, "properties": {"depth_m": 7.706, "depth_ft": 25.28}}, {"type": "Feature", "geometry": {"type": "Point", "coordinates": [685489.738016359, 2530641.89317419]}, "properties": {"depth_m": 7.701, "depth_ft": 25.26}}, {"type": "Feature", "geometry": {"type": "Point", "coordinates": [689059.738016359, 2524791.89317419]}, "properties": {"depth_m": 7.694, "depth_ft": 25.24}}, {"type": "Feature", "geometry": {"type": "Point", "coordinates": [686359.738016359, 2529501.89317419]}, "properties": {"depth_m": 7.69, "depth_ft": 25.23}}, {"type": "Feature", "geometry": {"type": "Point", "coordinates": [690289.738016359, 2520141.89317419]}, "properties": {"depth_m": 7.678, "depth_ft": 25.19}}, {"type": "Feature", "geometry": {"type": "Point", "coordinates": [690769.738016359, 2519211.89317419]}, "properties": {"depth_m": 7.671, "depth_ft": 25.17}}, {"type": "Feature", "geometry": {"type": "Point", "coordinates": [689239.738016359, 2523621.89317419]}, "properties": {"depth_m": 7.664, "depth_ft": 25.15}}, {"type": "Feature", "geometry": {"type": "Point", "coordinates": [689209.738016359, 2524071.89317419]}, "properties": {"depth_m": 7.658, "depth_ft": 25.12}}, {"type": "Feature", "geometry": {"type": "Point", "coordinates": [685939.738016359, 2529651.89317419]}, "properties": {"depth_m": 7.652, "depth_ft": 25.1}}, {"type": "Feature", "geometry": {"type": "Point", "coordinates": [688699.738016359, 2526231.89317419]}, "properties": {"depth_m": 7.646, "depth_ft": 25.08}}, {"type": "Feature", "geometry": {"type": "Point", "coordinates": [689269.738016359, 2523501.89317419]}, "properties": {"depth_m": 7.64, "depth_ft": 25.07}}, {"type": "Feature", "geometry": {"type": "Point", "coordinates": [687979.738016359, 2527851.89317419]}, "properties": {"depth_m": 7.63, "depth_ft": 25.03}}, {"type": "Feature", "geometry": {"type": "Point", "coordinates": [687199.738016359, 2529261.89317419]}, "properties": {"depth_m": 7.62, "depth_ft": 25.0}}, {"type": "Feature", "geometry": {"type": "Point", "coordinates": [688579.738016359, 2526111.89317419]}, "properties": {"depth_m": 7.614, "depth_ft": 24.98}}, {"type": "Feature", "geometry": {"type": "Point", "coordinates": [689689.738016359, 2522301.89317419]}, "properties": {"depth_m": 7.61, "depth_ft": 24.97}}, {"type": "Feature", "geometry": {"type": "Point", "coordinates": [689659.738016359, 2522781.89317419]}, "properties": {"depth_m": 7.603, "depth_ft": 24.95}}, {"type": "Feature", "geometry": {"type": "Point", "coordinates": [690499.738016359, 2520291.89317419]}, "properties": {"depth_m": 7.598, "depth_ft": 24.93}}, {"type": "Feature", "geometry": {"type": "Point", "coordinates": [689179.738016359, 2524041.89317419]}, "properties": {"depth_m": 7.591, "depth_ft": 24.91}}, {"type": "Feature", "geometry": {"type": "Point", "coordinates": [689419.738016359, 2524041.89317419]}, "properties": {"depth_m": 7.586, "depth_ft": 24.89}}, {"type": "Feature", "geometry": {"type": "Point", "coordinates": [690229.738016359, 2521791.89317419]}, "properties": {"depth_m": 7.578, "depth_ft": 24.86}}, {"type": "Feature", "geometry": {"type": "Point", "coordinates": [690079.738016359, 2521281.89317419]}, "properties": {"depth_m": 7.573, "depth_ft": 24.85}}, {"type": "Feature", "geometry": {"type": "Point", "coordinates": [689359.738016359, 2522961.89317419]}, "properties": {"depth_m": 7.566, "depth_ft": 24.82}}, {"type": "Feature", "geometry": {"type": "Point", "coordinates": [689569.738016359, 2522391.89317419]}, "properties": {"depth_m": 7.559, "depth_ft": 24.8}}, {"type": "Feature", "geometry": {"type": "Point", "coordinates": [687919.738016359, 2527881.89317419]}, "properties": {"depth_m": 7.557, "depth_ft": 24.79}}, {"type": "Feature", "geometry": {"type": "Point", "coordinates": [690199.738016359, 2521521.89317419]}, "properties": {"depth_m": 7.55, "depth_ft": 24.77}}, {"type": "Feature", "geometry": {"type": "Point", "coordinates": [691339.738016359, 2518881.89317419]}, "properties": {"depth_m": 7.545, "depth_ft": 24.75}}, {"type": "Feature", "geometry": {"type": "Point", "coordinates": [686689.738016359, 2529171.89317419]}, "properties": {"depth_m": 7.535, "depth_ft": 24.72}}, {"type": "Feature", "geometry": {"type": "Point", "coordinates": [691279.738016359, 2518971.89317419]}, "properties": {"depth_m": 7.53, "depth_ft": 24.71}}, {"type": "Feature", "geometry": {"type": "Point", "coordinates": [689179.738016359, 2524791.89317419]}, "properties": {"depth_m": 7.526, "depth_ft": 24.69}}, {"type": "Feature", "geometry": {"type": "Point", "coordinates": [689119.738016359, 2523621.89317419]}, "properties": {"depth_m": 7.515, "depth_ft": 24.66}}, {"type": "Feature", "geometry": {"type": "Point", "coordinates": [689059.738016359, 2523711.89317419]}, "properties": {"depth_m": 7.498, "depth_ft": 24.6}}, {"type": "Feature", "geometry": {"type": "Point", "coordinates": [690529.738016359, 2520141.89317419]}, "properties": {"depth_m": 7.491, "depth_ft": 24.58}}, {"type": "Feature", "geometry": {"type": "Point", "coordinates": [689389.738016359, 2523861.89317419]}, "properties": {"depth_m": 7.485, "depth_ft": 24.56}}, {"type": "Feature", "geometry": {"type": "Point", "coordinates": [685489.738016359, 2530701.89317419]}, "properties": {"depth_m": 7.48, "depth_ft": 24.54}}, {"type": "Feature", "geometry": {"type": "Point", "coordinates": [688789.738016359, 2523171.89317419]}, "properties": {"depth_m": 7.476, "depth_ft": 24.53}}, {"type": "Feature", "geometry": {"type": "Point", "coordinates": [684379.738016359, 2532021.89317419]}, "properties": {"depth_m": 7.467, "depth_ft": 24.5}}, {"type": "Feature", "geometry": {"type": "Point", "coordinates": [690169.738016359, 2522061.89317419]}, "properties": {"depth_m": 7.463, "depth_ft": 24.49}}, {"type": "Feature", "geometry": {"type": "Point", "coordinates": [690439.738016359, 2520651.89317419]}, "properties": {"depth_m": 7.456, "depth_ft": 24.46}}, {"type": "Feature", "geometry": {"type": "Point", "coordinates": [689269.738016359, 2523411.89317419]}, "properties": {"depth_m": 7.45, "depth_ft": 24.44}}, {"type": "Feature", "geometry": {"type": "Point", "coordinates": [686539.738016359, 2529891.89317419]}, "properties": {"depth_m": 7.446, "depth_ft": 24.43}}, {"type": "Feature", "geometry": {"type": "Point", "coordinates": [687769.738016359, 2527131.89317419]}, "properties": {"depth_m": 7.441, "depth_ft": 24.41}}, {"type": "Feature", "geometry": {"type": "Point", "coordinates": [690109.738016359, 2522121.89317419]}, "properties": {"depth_m": 7.432, "depth_ft": 24.38}}, {"type": "Feature", "geometry": {"type": "Point", "coordinates": [689029.738016359, 2525421.89317419]}, "properties": {"depth_m": 7.427, "depth_ft": 24.37}}, {"type": "Feature", "geometry": {"type": "Point", "coordinates": [684439.738016359, 2531661.89317419]}, "properties": {"depth_m": 7.422, "depth_ft": 24.35}}, {"type": "Feature", "geometry": {"type": "Point", "coordinates": [684439.738016359, 2531631.89317419]}, "properties": {"depth_m": 7.41, "depth_ft": 24.31}}, {"type": "Feature", "geometry": {"type": "Point", "coordinates": [689719.738016359, 2522241.89317419]}, "properties": {"depth_m": 7.407, "depth_ft": 24.3}}, {"type": "Feature", "geometry": {"type": "Point", "coordinates": [688369.738016359, 2526891.89317419]}, "properties": {"depth_m": 7.405, "depth_ft": 24.29}}, {"type": "Feature", "geometry": {"type": "Point", "coordinates": [685309.738016359, 2530791.89317419]}, "properties": {"depth_m": 7.396, "depth_ft": 24.26}}, {"type": "Feature", "geometry": {"type": "Point", "coordinates": [687919.738016359, 2527821.89317419]}, "properties": {"depth_m": 7.391, "depth_ft": 24.25}}, {"type": "Feature", "geometry": {"type": "Point", "coordinates": [686899.738016359, 2529561.89317419]}, "properties": {"depth_m": 7.386, "depth_ft": 24.23}}, {"type": "Feature", "geometry": {"type": "Point", "coordinates": [687979.738016359, 2526861.89317419]}, "properties": {"depth_m": 7.378, "depth_ft": 24.21}}, {"type": "Feature", "geometry": {"type": "Point", "coordinates": [688399.738016359, 2526741.89317419]}, "properties": {"depth_m": 7.373, "depth_ft": 24.19}}, {"type": "Feature", "geometry": {"type": "Point", "coordinates": [688639.738016359, 2526381.89317419]}, "properties": {"depth_m": 7.369, "depth_ft": 24.18}}, {"type": "Feature", "geometry": {"type": "Point", "coordinates": [688159.738016359, 2526711.89317419]}, "properties": {"depth_m": 7.364, "depth_ft": 24.16}}, {"type": "Feature", "geometry": {"type": "Point", "coordinates": [690469.738016359, 2520231.89317419]}, "properties": {"depth_m": 7.357, "depth_ft": 24.14}}, {"type": "Feature", "geometry": {"type": "Point", "coordinates": [689569.738016359, 2522361.89317419]}, "properties": {"depth_m": 7.351, "depth_ft": 24.12}}, {"type": "Feature", "geometry": {"type": "Point", "coordinates": [686299.738016359, 2530281.89317419]}, "properties": {"depth_m": 7.346, "depth_ft": 24.1}}, {"type": "Feature", "geometry": {"type": "Point", "coordinates": [686419.738016359, 2530041.89317419]}, "properties": {"depth_m": 7.341, "depth_ft": 24.09}}, {"type": "Feature", "geometry": {"type": "Point", "coordinates": [688849.738016359, 2523741.89317419]}, "properties": {"depth_m": 7.337, "depth_ft": 24.07}}, {"type": "Feature", "geometry": {"type": "Point", "coordinates": [690349.738016359, 2522031.89317419]}, "properties": {"depth_m": 7.328, "depth_ft": 24.04}}, {"type": "Feature", "geometry": {"type": "Point", "coordinates": [689509.738016359, 2523201.89317419]}, "properties": {"depth_m": 7.318, "depth_ft": 24.01}}, {"type": "Feature", "geometry": {"type": "Point", "coordinates": [685789.738016359, 2530221.89317419]}, "properties": {"depth_m": 7.314, "depth_ft": 24.0}}, {"type": "Feature", "geometry": {"type": "Point", "coordinates": [689359.738016359, 2523861.89317419]}, "properties": {"depth_m": 7.31, "depth_ft": 23.98}}, {"type": "Feature", "geometry": {"type": "Point", "coordinates": [689299.738016359, 2524071.89317419]}, "properties": {"depth_m": 7.296, "depth_ft": 23.94}}, {"type": "Feature", "geometry": {"type": "Point", "coordinates": [688069.738016359, 2527581.89317419]}, "properties": {"depth_m": 7.286, "depth_ft": 23.91}}, {"type": "Feature", "geometry": {"type": "Point", "coordinates": [688639.738016359, 2523621.89317419]}, "properties": {"depth_m": 7.28, "depth_ft": 23.89}}, {"type": "Feature", "geometry": {"type": "Point", "coordinates": [687949.738016359, 2527881.89317419]}, "properties": {"depth_m": 7.276, "depth_ft": 23.87}}, {"type": "Feature", "geometry": {"type": "Point", "coordinates": [689239.738016359, 2524401.89317419]}, "properties": {"depth_m": 7.264, "depth_ft": 23.83}}, {"type": "Feature", "geometry": {"type": "Point", "coordinates": [688249.738016359, 2526921.89317419]}, "properties": {"depth_m": 7.262, "depth_ft": 23.82}}, {"type": "Feature", "geometry": {"type": "Point", "coordinates": [688969.738016359, 2525631.89317419]}, "properties": {"depth_m": 7.256, "depth_ft": 23.8}}, {"type": "Feature", "geometry": {"type": "Point", "coordinates": [688489.738016359, 2527431.89317419]}, "properties": {"depth_m": 7.252, "depth_ft": 23.79}}, {"type": "Feature", "geometry": {"type": "Point", "coordinates": [691159.738016359, 2519091.89317419]}, "properties": {"depth_m": 7.246, "depth_ft": 23.77}}, {"type": "Feature", "geometry": {"type": "Point", "coordinates": [689029.738016359, 2524131.89317419]}, "properties": {"depth_m": 7.236, "depth_ft": 23.74}}, {"type": "Feature", "geometry": {"type": "Point", "coordinates": [689389.738016359, 2523291.89317419]}, "properties": {"depth_m": 7.23, "depth_ft": 23.72}}, {"type": "Feature", "geometry": {"type": "Point", "coordinates": [689539.738016359, 2522871.89317419]}, "properties": {"depth_m": 7.225, "depth_ft": 23.71}}, {"type": "Feature", "geometry": {"type": "Point", "coordinates": [689359.738016359, 2523801.89317419]}, "properties": {"depth_m": 7.221, "depth_ft": 23.69}}, {"type": "Feature", "geometry": {"type": "Point", "coordinates": [690499.738016359, 2520261.89317419]}, "properties": {"depth_m": 7.214, "depth_ft": 23.67}}, {"type": "Feature", "geometry": {"type": "Point", "coordinates": [688669.738016359, 2525061.89317419]}, "properties": {"depth_m": 7.21, "depth_ft": 23.66}}, {"type": "Feature", "geometry": {"type": "Point", "coordinates": [686329.738016359, 2530191.89317419]}, "properties": {"depth_m": 7.205, "depth_ft": 23.64}}, {"type": "Feature", "geometry": {"type": "Point", "coordinates": [688909.738016359, 2523801.89317419]}, "properties": {"depth_m": 7.201, "depth_ft": 23.63}}, {"type": "Feature", "geometry": {"type": "Point", "coordinates": [688609.738016359, 2525751.89317419]}, "properties": {"depth_m": 7.198, "depth_ft": 23.62}}, {"type": "Feature", "geometry": {"type": "Point", "coordinates": [690109.738016359, 2520981.89317419]}, "properties": {"depth_m": 7.194, "depth_ft": 23.6}}, {"type": "Feature", "geometry": {"type": "Point", "coordinates": [689179.738016359, 2522781.89317419]}, "properties": {"depth_m": 7.186, "depth_ft": 23.58}}, {"type": "Feature", "geometry": {"type": "Point", "coordinates": [689329.738016359, 2522241.89317419]}, "properties": {"depth_m": 7.181, "depth_ft": 23.56}}, {"type": "Feature", "geometry": {"type": "Point", "coordinates": [688969.738016359, 2525121.89317419]}, "properties": {"depth_m": 7.178, "depth_ft": 23.55}}, {"type": "Feature", "geometry": {"type": "Point", "coordinates": [684529.738016359, 2531481.89317419]}, "properties": {"depth_m": 7.165, "depth_ft": 23.51}}, {"type": "Feature", "geometry": {"type": "Point", "coordinates": [689209.738016359, 2524761.89317419]}, "properties": {"depth_m": 7.147, "depth_ft": 23.45}}, {"type": "Feature", "geometry": {"type": "Point", "coordinates": [688309.738016359, 2528211.89317419]}, "properties": {"depth_m": 7.14, "depth_ft": 23.43}}, {"type": "Feature", "geometry": {"type": "Point", "coordinates": [690109.738016359, 2521101.89317419]}, "properties": {"depth_m": 7.133, "depth_ft": 23.4}}, {"type": "Feature", "geometry": {"type": "Point", "coordinates": [689419.738016359, 2523291.89317419]}, "properties": {"depth_m": 7.126, "depth_ft": 23.38}}, {"type": "Feature", "geometry": {"type": "Point", "coordinates": [688969.738016359, 2525091.89317419]}, "properties": {"depth_m": 7.122, "depth_ft": 23.37}}, {"type": "Feature", "geometry": {"type": "Point", "coordinates": [689839.738016359, 2522061.89317419]}, "properties": {"depth_m": 7.114, "depth_ft": 23.34}}, {"type": "Feature", "geometry": {"type": "Point", "coordinates": [687769.738016359, 2527101.89317419]}, "properties": {"depth_m": 7.106, "depth_ft": 23.31}}, {"type": "Feature", "geometry": {"type": "Point", "coordinates": [689179.738016359, 2524011.89317419]}, "properties": {"depth_m": 7.1, "depth_ft": 23.29}}, {"type": "Feature", "geometry": {"type": "Point", "coordinates": [690319.738016359, 2522001.89317419]}, "properties": {"depth_m": 7.09, "depth_ft": 23.26}}, {"type": "Feature", "geometry": {"type": "Point", "coordinates": [689209.738016359, 2524701.89317419]}, "properties": {"depth_m": 7.084, "depth_ft": 23.24}}, {"type": "Feature", "geometry": {"type": "Point", "coordinates": [689419.738016359, 2523321.89317419]}, "properties": {"depth_m": 7.08, "depth_ft": 23.23}}, {"type": "Feature", "geometry": {"type": "Point", "coordinates": [685309.738016359, 2530821.89317419]}, "properties": {"depth_m": 7.075, "depth_ft": 23.21}}, {"type": "Feature", "geometry": {"type": "Point", "coordinates": [689569.738016359, 2523081.89317419]}, "properties": {"depth_m": 7.065, "depth_ft": 23.18}}, {"type": "Feature", "geometry": {"type": "Point", "coordinates": [688339.738016359, 2526831.89317419]}, "properties": {"depth_m": 7.064, "depth_ft": 23.18}}, {"type": "Feature", "geometry": {"type": "Point", "coordinates": [689209.738016359, 2524431.89317419]}, "properties": {"depth_m": 7.057, "depth_ft": 23.15}}, {"type": "Feature", "geometry": {"type": "Point", "coordinates": [690649.738016359, 2519391.89317419]}, "properties": {"depth_m": 7.052, "depth_ft": 23.14}}, {"type": "Feature", "geometry": {"type": "Point", "coordinates": [690349.738016359, 2522001.89317419]}, "properties": {"depth_m": 7.044, "depth_ft": 23.11}}, {"type": "Feature", "geometry": {"type": "Point", "coordinates": [688609.738016359, 2523651.89317419]}, "properties": {"depth_m": 7.038, "depth_ft": 23.09}}, {"type": "Feature", "geometry": {"type": "Point", "coordinates": [689539.738016359, 2523201.89317419]}, "properties": {"depth_m": 7.033, "depth_ft": 23.07}}, {"type": "Feature", "geometry": {"type": "Point", "coordinates": [689059.738016359, 2525031.89317419]}, "properties": {"depth_m": 7.029, "depth_ft": 23.06}}, {"type": "Feature", "geometry": {"type": "Point", "coordinates": [689719.738016359, 2522811.89317419]}, "properties": {"depth_m": 7.025, "depth_ft": 23.05}}, {"type": "Feature", "geometry": {"type": "Point", "coordinates": [687829.738016359, 2527671.89317419]}, "properties": {"depth_m": 7.016, "depth_ft": 23.02}}, {"type": "Feature", "geometry": {"type": "Point", "coordinates": [691039.738016359, 2519271.89317419]}, "properties": {"depth_m": 7.004, "depth_ft": 22.98}}, {"type": "Feature", "geometry": {"type": "Point", "coordinates": [689869.738016359, 2522541.89317419]}, "properties": {"depth_m": 6.989, "depth_ft": 22.93}}, {"type": "Feature", "geometry": {"type": "Point", "coordinates": [685459.738016359, 2530371.89317419]}, "properties": {"depth_m": 6.984, "depth_ft": 22.91}}, {"type": "Feature", "geometry": {"type": "Point", "coordinates": [685969.738016359, 2529591.89317419]}, "properties": {"depth_m": 6.98, "depth_ft": 22.9}}, {"type": "Feature", "geometry": {"type": "Point", "coordinates": [684439.738016359, 2531691.89317419]}, "properties": {"depth_m": 6.976, "depth_ft": 22.89}}, {"type": "Feature", "geometry": {"type": "Point", "coordinates": [688069.738016359, 2528451.89317419]}, "properties": {"depth_m": 6.964, "depth_ft": 22.85}}, {"type": "Feature", "geometry": {"type": "Point", "coordinates": [688339.738016359, 2528091.89317419]}, "properties": {"depth_m": 6.96, "depth_ft": 22.84}}, {"type": "Feature", "geometry": {"type": "Point", "coordinates": [691159.738016359, 2518641.89317419]}, "properties": {"depth_m": 6.952, "depth_ft": 22.81}}, {"type": "Feature", "geometry": {"type": "Point", "coordinates": [690409.738016359, 2520861.89317419]}, "properties": {"depth_m": 6.942, "depth_ft": 22.78}}, {"type": "Feature", "geometry": {"type": "Point", "coordinates": [688909.738016359, 2523951.89317419]}, "properties": {"depth_m": 6.931, "depth_ft": 22.74}}, {"type": "Feature", "geometry": {"type": "Point", "coordinates": [690409.738016359, 2520801.89317419]}, "properties": {"depth_m": 6.925, "depth_ft": 22.72}}, {"type": "Feature", "geometry": {"type": "Point", "coordinates": [688279.738016359, 2526741.89317419]}, "properties": {"depth_m": 6.916, "depth_ft": 22.69}}, {"type": "Feature", "geometry": {"type": "Point", "coordinates": [688729.738016359, 2526081.89317419]}, "properties": {"depth_m": 6.908, "depth_ft": 22.67}}, {"type": "Feature", "geometry": {"type": "Point", "coordinates": [688969.738016359, 2523921.89317419]}, "properties": {"depth_m": 6.896, "depth_ft": 22.63}}, {"type": "Feature", "geometry": {"type": "Point", "coordinates": [687109.738016359, 2529411.89317419]}, "properties": {"depth_m": 6.895, "depth_ft": 22.62}}, {"type": "Feature", "geometry": {"type": "Point", "coordinates": [686629.738016359, 2529171.89317419]}, "properties": {"depth_m": 6.891, "depth_ft": 22.61}}, {"type": "Feature", "geometry": {"type": "Point", "coordinates": [688699.738016359, 2526381.89317419]}, "properties": {"depth_m": 6.887, "depth_ft": 22.59}}, {"type": "Feature", "geometry": {"type": "Point", "coordinates": [689209.738016359, 2524791.89317419]}, "properties": {"depth_m": 6.879, "depth_ft": 22.57}}, {"type": "Feature", "geometry": {"type": "Point", "coordinates": [689359.738016359, 2524071.89317419]}, "properties": {"depth_m": 6.876, "depth_ft": 22.56}}, {"type": "Feature", "geometry": {"type": "Point", "coordinates": [688489.738016359, 2526771.89317419]}, "properties": {"depth_m": 6.87, "depth_ft": 22.54}}, {"type": "Feature", "geometry": {"type": "Point", "coordinates": [689689.738016359, 2522631.89317419]}, "properties": {"depth_m": 6.861, "depth_ft": 22.51}}, {"type": "Feature", "geometry": {"type": "Point", "coordinates": [687769.738016359, 2528211.89317419]}, "properties": {"depth_m": 6.854, "depth_ft": 22.49}}, {"type": "Feature", "geometry": {"type": "Point", "coordinates": [689029.738016359, 2525091.89317419]}, "properties": {"depth_m": 6.848, "depth_ft": 22.47}}, {"type": "Feature", "geometry": {"type": "Point", "coordinates": [688669.738016359, 2525481.89317419]}, "properties": {"depth_m": 6.841, "depth_ft": 22.45}}, {"type": "Feature", "geometry": {"type": "Point", "coordinates": [689299.738016359, 2522241.89317419]}, "properties": {"depth_m": 6.836, "depth_ft": 22.43}}, {"type": "Feature", "geometry": {"type": "Point", "coordinates": [690409.738016359, 2520741.89317419]}, "properties": {"depth_m": 6.834, "depth_ft": 22.42}}, {"type": "Feature", "geometry": {"type": "Point", "coordinates": [689809.738016359, 2522271.89317419]}, "properties": {"depth_m": 6.825, "depth_ft": 22.39}}, {"type": "Feature", "geometry": {"type": "Point", "coordinates": [690319.738016359, 2522091.89317419]}, "properties": {"depth_m": 6.817, "depth_ft": 22.37}}, {"type": "Feature", "geometry": {"type": "Point", "coordinates": [688609.738016359, 2526591.89317419]}, "properties": {"depth_m": 6.81, "depth_ft": 22.34}}, {"type": "Feature", "geometry": {"type": "Point", "coordinates": [688909.738016359, 2525841.89317419]}, "properties": {"depth_m": 6.806, "depth_ft": 22.33}}, {"type": "Feature", "geometry": {"type": "Point", "coordinates": [690349.738016359, 2521041.89317419]}, "properties": {"depth_m": 6.801, "depth_ft": 22.31}}, {"type": "Feature", "geometry": {"type": "Point", "coordinates": [684379.738016359, 2531991.89317419]}, "properties": {"depth_m": 6.799, "depth_ft": 22.31}}, {"type": "Feature", "geometry": {"type": "Point", "coordinates": [685909.738016359, 2529621.89317419]}, "properties": {"depth_m": 6.794, "depth_ft": 22.29}}, {"type": "Feature", "geometry": {"type": "Point", "coordinates": [684349.738016359, 2532111.89317419]}, "properties": {"depth_m": 6.791, "depth_ft": 22.28}}, {"type": "Feature", "geometry": {"type": "Point", "coordinates": [685789.738016359, 2530251.89317419]}, "properties": {"depth_m": 6.79, "depth_ft": 22.28}}, {"type": "Feature", "geometry": {"type": "Point", "coordinates": [689059.738016359, 2525121.89317419]}, "properties": {"depth_m": 6.783, "depth_ft": 22.25}}, {"type": "Feature", "geometry": {"type": "Point", "coordinates": [689389.738016359, 2523351.89317419]}, "properties": {"depth_m": 6.773, "depth_ft": 22.22}}, {"type": "Feature", "geometry": {"type": "Point", "coordinates": [688249.738016359, 2526741.89317419]}, "properties": {"depth_m": 6.766, "depth_ft": 22.2}}, {"type": "Feature", "geometry": {"type": "Point", "coordinates": [689269.738016359, 2523591.89317419]}, "properties": {"depth_m": 6.762, "depth_ft": 22.18}}, {"type": "Feature", "geometry": {"type": "Point", "coordinates": [689149.738016359, 2523801.89317419]}, "properties": {"depth_m": 6.757, "depth_ft": 22.17}}, {"type": "Feature", "geometry": {"type": "Point", "coordinates": [687919.738016359, 2527761.89317419]}, "properties": {"depth_m": 6.749, "depth_ft": 22.14}}, {"type": "Feature", "geometry": {"type": "Point", "coordinates": [688969.738016359, 2525361.89317419]}, "properties": {"depth_m": 6.745, "depth_ft": 22.13}}, {"type": "Feature", "geometry": {"type": "Point", "coordinates": [685429.738016359, 2530701.89317419]}, "properties": {"depth_m": 6.737, "depth_ft": 22.1}}, {"type": "Feature", "geometry": {"type": "Point", "coordinates": [687739.738016359, 2527131.89317419]}, "properties": {"depth_m": 6.73, "depth_ft": 22.08}}, {"type": "Feature", "geometry": {"type": "Point", "coordinates": [685369.738016359, 2530701.89317419]}, "properties": {"depth_m": 6.728, "depth_ft": 22.07}}, {"type": "Feature", "geometry": {"type": "Point", "coordinates": [687769.738016359, 2527041.89317419]}, "properties": {"depth_m": 6.722, "depth_ft": 22.05}}, {"type": "Feature", "geometry": {"type": "Point", "coordinates": [687829.738016359, 2527851.89317419]}, "properties": {"depth_m": 6.718, "depth_ft": 22.04}}, {"type": "Feature", "geometry": {"type": "Point", "coordinates": [689119.738016359, 2525061.89317419]}, "properties": {"depth_m": 6.713, "depth_ft": 22.02}}, {"type": "Feature", "geometry": {"type": "Point", "coordinates": [688939.738016359, 2525961.89317419]}, "properties": {"depth_m": 6.707, "depth_ft": 22.0}}, {"type": "Feature", "geometry": {"type": "Point", "coordinates": [690349.738016359, 2521071.89317419]}, "properties": {"depth_m": 6.704, "depth_ft": 21.99}}, {"type": "Feature", "geometry": {"type": "Point", "coordinates": [690469.738016359, 2520771.89317419]}, "properties": {"depth_m": 6.698, "depth_ft": 21.97}}, {"type": "Feature", "geometry": {"type": "Point", "coordinates": [689239.738016359, 2524131.89317419]}, "properties": {"depth_m": 6.693, "depth_ft": 21.96}}, {"type": "Feature", "geometry": {"type": "Point", "coordinates": [688129.738016359, 2528451.89317419]}, "properties": {"depth_m": 6.69, "depth_ft": 21.95}}, {"type": "Feature", "geometry": {"type": "Point", "coordinates": [689089.738016359, 2525031.89317419]}, "properties": {"depth_m": 6.687, "depth_ft": 21.94}}, {"type": "Feature", "geometry": {"type": "Point", "coordinates": [687949.738016359, 2527941.89317419]}, "properties": {"depth_m": 6.684, "depth_ft": 21.93}}, {"type": "Feature", "geometry": {"type": "Point", "coordinates": [684349.738016359, 2532261.89317419]}, "properties": {"depth_m": 6.678, "depth_ft": 21.91}}, {"type": "Feature", "geometry": {"type": "Point", "coordinates": [688639.738016359, 2525661.89317419]}, "properties": {"depth_m": 6.668, "depth_ft": 21.88}}, {"type": "Feature", "geometry": {"type": "Point", "coordinates": [688969.738016359, 2525541.89317419]}, "properties": {"depth_m": 6.659, "depth_ft": 21.85}}, {"type": "Feature", "geometry": {"type": "Point", "coordinates": [688039.738016359, 2528421.89317419]}, "properties": {"depth_m": 6.652, "depth_ft": 21.82}}, {"type": "Feature", "geometry": {"type": "Point", "coordinates": [688969.738016359, 2525601.89317419]}, "properties": {"depth_m": 6.646, "depth_ft": 21.81}}, {"type": "Feature", "geometry": {"type": "Point", "coordinates": [690289.738016359, 2522091.89317419]}, "properties": {"depth_m": 6.645, "depth_ft": 21.8}}, {"type": "Feature", "geometry": {"type": "Point", "coordinates": [687409.738016359, 2528481.89317419]}, "properties": {"depth_m": 6.64, "depth_ft": 21.78}}, {"type": "Feature", "geometry": {"type": "Point", "coordinates": [687949.738016359, 2527971.89317419]}, "properties": {"depth_m": 6.632, "depth_ft": 21.76}}, {"type": "Feature", "geometry": {"type": "Point", "coordinates": [689209.738016359, 2522751.89317419]}, "properties": {"depth_m": 6.629, "depth_ft": 21.75}}, {"type": "Feature", "geometry": {"type": "Point", "coordinates": [691459.738016359, 2518851.89317419]}, "properties": {"depth_m": 6.622, "depth_ft": 21.72}}, {"type": "Feature", "geometry": {"type": "Point", "coordinates": [690739.738016359, 2519271.89317419]}, "properties": {"depth_m": 6.611, "depth_ft": 21.69}}, {"type": "Feature", "geometry": {"type": "Point", "coordinates": [688789.738016359, 2524731.89317419]}, "properties": {"depth_m": 6.603, "depth_ft": 21.66}}, {"type": "Feature", "geometry": {"type": "Point", "coordinates": [686539.738016359, 2529921.89317419]}, "properties": {"depth_m": 6.6, "depth_ft": 21.65}}, {"type": "Feature", "geometry": {"type": "Point", "coordinates": [690709.738016359, 2519781.89317419]}, "properties": {"depth_m": 6.596, "depth_ft": 21.64}}, {"type": "Feature", "geometry": {"type": "Point", "coordinates": [690379.738016359, 2522031.89317419]}, "properties": {"depth_m": 6.592, "depth_ft": 21.63}}, {"type": "Feature", "geometry": {"type": "Point", "coordinates": [689419.738016359, 2523951.89317419]}, "properties": {"depth_m": 6.586, "depth_ft": 21.61}}, {"type": "Feature", "geometry": {"type": "Point", "coordinates": [688249.738016359, 2526621.89317419]}, "properties": {"depth_m": 6.581, "depth_ft": 21.59}}, {"type": "Feature", "geometry": {"type": "Point", "coordinates": [689329.738016359, 2523711.89317419]}, "properties": {"depth_m": 6.576, "depth_ft": 21.58}}, {"type": "Feature", "geometry": {"type": "Point", "coordinates": [686389.738016359, 2530161.89317419]}, "properties": {"depth_m": 6.566, "depth_ft": 21.54}}, {"type": "Feature", "geometry": {"type": "Point", "coordinates": [687829.738016359, 2527821.89317419]}, "properties": {"depth_m": 6.559, "depth_ft": 21.52}}, {"type": "Feature", "geometry": {"type": "Point", "coordinates": [688609.738016359, 2526651.89317419]}, "properties": {"depth_m": 6.547, "depth_ft": 21.48}}, {"type": "Feature", "geometry": {"type": "Point", "coordinates": [690409.738016359, 2522031.89317419]}, "properties": {"depth_m": 6.539, "depth_ft": 21.45}}, {"type": "Feature", "geometry": {"type": "Point", "coordinates": [687769.738016359, 2528451.89317419]}, "properties": {"depth_m": 6.533, "depth_ft": 21.43}}, {"type": "Feature", "geometry": {"type": "Point", "coordinates": [690379.738016359, 2522091.89317419]}, "properties": {"depth_m": 6.522, "depth_ft": 21.4}}, {"type": "Feature", "geometry": {"type": "Point", "coordinates": [688639.738016359, 2525901.89317419]}, "properties": {"depth_m": 6.513, "depth_ft": 21.37}}, {"type": "Feature", "geometry": {"type": "Point", "coordinates": [689029.738016359, 2523621.89317419]}, "properties": {"depth_m": 6.507, "depth_ft": 21.35}}, {"type": "Feature", "geometry": {"type": "Point", "coordinates": [686749.738016359, 2529141.89317419]}, "properties": {"depth_m": 6.502, "depth_ft": 21.33}}, {"type": "Feature", "geometry": {"type": "Point", "coordinates": [689299.738016359, 2523951.89317419]}, "properties": {"depth_m": 6.496, "depth_ft": 21.31}}, {"type": "Feature", "geometry": {"type": "Point", "coordinates": [690319.738016359, 2522211.89317419]}, "properties": {"depth_m": 6.494, "depth_ft": 21.31}}, {"type": "Feature", "geometry": {"type": "Point", "coordinates": [687859.738016359, 2528511.89317419]}, "properties": {"depth_m": 6.488, "depth_ft": 21.29}}, {"type": "Feature", "geometry": {"type": "Point", "coordinates": [688909.738016359, 2525961.89317419]}, "properties": {"depth_m": 6.486, "depth_ft": 21.28}}, {"type": "Feature", "geometry": {"type": "Point", "coordinates": [686929.738016359, 2528811.89317419]}, "properties": {"depth_m": 6.483, "depth_ft": 21.27}}, {"type": "Feature", "geometry": {"type": "Point", "coordinates": [685459.738016359, 2530401.89317419]}, "properties": {"depth_m": 6.479, "depth_ft": 21.26}}, {"type": "Feature", "geometry": {"type": "Point", "coordinates": [688759.738016359, 2523171.89317419]}, "properties": {"depth_m": 6.469, "depth_ft": 21.22}}, {"type": "Feature", "geometry": {"type": "Point", "coordinates": [689329.738016359, 2523741.89317419]}, "properties": {"depth_m": 6.465, "depth_ft": 21.21}}, {"type": "Feature", "geometry": {"type": "Point", "coordinates": [685789.738016359, 2529861.89317419]}, "properties": {"depth_m": 6.464, "depth_ft": 21.21}}, {"type": "Feature", "geometry": {"type": "Point", "coordinates": [691309.738016359, 2518941.89317419]}, "properties": {"depth_m": 6.461, "depth_ft": 21.2}}, {"type": "Feature", "geometry": {"type": "Point", "coordinates": [690409.738016359, 2522061.89317419]}, "properties": {"depth_m": 6.45, "depth_ft": 21.16}}, {"type": "Feature", "geometry": {"type": "Point", "coordinates": [688279.738016359, 2528241.89317419]}, "properties": {"depth_m": 6.447, "depth_ft": 21.15}}, {"type": "Feature", "geometry": {"type": "Point", "coordinates": [690619.738016359, 2519991.89317419]}, "properties": {"depth_m": 6.443, "depth_ft": 21.14}}, {"type": "Feature", "geometry": {"type": "Point", "coordinates": [687499.738016359, 2529081.89317419]}, "properties": {"depth_m": 6.436, "depth_ft": 21.12}}, {"type": "Feature", "geometry": {"type": "Point", "coordinates": [688159.738016359, 2527491.89317419]}, "properties": {"depth_m": 6.416, "depth_ft": 21.05}}, {"type": "Feature", "geometry": {"type": "Point", "coordinates": [688909.738016359, 2523831.89317419]}, "properties": {"depth_m": 6.411, "depth_ft": 21.03}}, {"type": "Feature", "geometry": {"type": "Point", "coordinates": [689509.738016359, 2522361.89317419]}, "properties": {"depth_m": 6.402, "depth_ft": 21.0}}, {"type": "Feature", "geometry": {"type": "Point", "coordinates": [689029.738016359, 2525451.89317419]}, "properties": {"depth_m": 6.388, "depth_ft": 20.96}}, {"type": "Feature", "geometry": {"type": "Point", "coordinates": [689869.738016359, 2522001.89317419]}, "properties": {"depth_m": 6.373, "depth_ft": 20.91}}, {"type": "Feature", "geometry": {"type": "Point", "coordinates": [691159.738016359, 2519121.89317419]}, "properties": {"depth_m": 6.361, "depth_ft": 20.87}}, {"type": "Feature", "geometry": {"type": "Point", "coordinates": [689179.738016359, 2523741.89317419]}, "properties": {"depth_m": 6.357, "depth_ft": 20.85}}, {"type": "Feature", "geometry": {"type": "Point", "coordinates": [685159.738016359, 2531451.89317419]}, "properties": {"depth_m": 6.351, "depth_ft": 20.84}}, {"type": "Feature", "geometry": {"type": "Point", "coordinates": [687949.738016359, 2528001.89317419]}, "properties": {"depth_m": 6.342, "depth_ft": 20.81}}, {"type": "Feature", "geometry": {"type": "Point", "coordinates": [688519.738016359, 2527431.89317419]}, "properties": {"depth_m": 6.338, "depth_ft": 20.79}}, {"type": "Feature", "geometry": {"type": "Point", "coordinates": [685879.738016359, 2530851.89317419]}, "properties": {"depth_m": 6.332, "depth_ft": 20.77}}, {"type": "Feature", "geometry": {"type": "Point", "coordinates": [688219.738016359, 2526651.89317419]}, "properties": {"depth_m": 6.327, "depth_ft": 20.76}}, {"type": "Feature", "geometry": {"type": "Point", "coordinates": [687859.738016359, 2528091.89317419]}, "properties": {"depth_m": 6.32, "depth_ft": 20.74}}, {"type": "Feature", "geometry": {"type": "Point", "coordinates": [685819.738016359, 2529861.89317419]}, "properties": {"depth_m": 6.317, "depth_ft": 20.73}}, {"type": "Feature", "geometry": {"type": "Point", "coordinates": [688939.738016359, 2525781.89317419]}, "properties": {"depth_m": 6.315, "depth_ft": 20.72}}, {"type": "Feature", "geometry": {"type": "Point", "coordinates": [688879.738016359, 2525991.89317419]}, "properties": {"depth_m": 6.301, "depth_ft": 20.67}}, {"type": "Feature", "geometry": {"type": "Point", "coordinates": [685459.738016359, 2530701.89317419]}, "properties": {"depth_m": 6.296, "depth_ft": 20.66}}, {"type": "Feature", "geometry": {"type": "Point", "coordinates": [691249.738016359, 2519061.89317419]}, "properties": {"depth_m": 6.29, "depth_ft": 20.64}}, {"type": "Feature", "geometry": {"type": "Point", "coordinates": [685339.738016359, 2530701.89317419]}, "properties": {"depth_m": 6.284, "depth_ft": 20.62}}, {"type": "Feature", "geometry": {"type": "Point", "coordinates": [688009.738016359, 2528421.89317419]}, "properties": {"depth_m": 6.281, "depth_ft": 20.61}}, {"type": "Feature", "geometry": {"type": "Point", "coordinates": [688249.738016359, 2528241.89317419]}, "properties": {"depth_m": 6.277, "depth_ft": 20.59}}, {"type": "Feature", "geometry": {"type": "Point", "coordinates": [687919.738016359, 2528151.89317419]}, "properties": {"depth_m": 6.273, "depth_ft": 20.58}}, {"type": "Feature", "geometry": {"type": "Point", "coordinates": [690529.738016359, 2520801.89317419]}, "properties": {"depth_m": 6.27, "depth_ft": 20.57}}, {"type": "Feature", "geometry": {"type": "Point", "coordinates": [686329.738016359, 2529531.89317419]}, "properties": {"depth_m": 6.263, "depth_ft": 20.55}}, {"type": "Feature", "geometry": {"type": "Point", "coordinates": [690769.738016359, 2519751.89317419]}, "properties": {"depth_m": 6.258, "depth_ft": 20.53}}, {"type": "Feature", "geometry": {"type": "Point", "coordinates": [688519.738016359, 2527401.89317419]}, "properties": {"depth_m": 6.256, "depth_ft": 20.52}}, {"type": "Feature", "geometry": {"type": "Point", "coordinates": [688219.738016359, 2528271.89317419]}, "properties": {"depth_m": 6.254, "depth_ft": 20.52}}, {"type": "Feature", "geometry": {"type": "Point", "coordinates": [688189.738016359, 2526651.89317419]}, "properties": {"depth_m": 6.253, "depth_ft": 20.51}}, {"type": "Feature", "geometry": {"type": "Point", "coordinates": [689389.738016359, 2522361.89317419]}, "properties": {"depth_m": 6.248, "depth_ft": 20.5}}, {"type": "Feature", "geometry": {"type": "Point", "coordinates": [689179.738016359, 2524821.89317419]}, "properties": {"depth_m": 6.243, "depth_ft": 20.48}}, {"type": "Feature", "geometry": {"type": "Point", "coordinates": [687859.738016359, 2527941.89317419]}, "properties": {"depth_m": 6.239, "depth_ft": 20.47}}, {"type": "Feature", "geometry": {"type": "Point", "coordinates": [689449.738016359, 2523321.89317419]}, "properties": {"depth_m": 6.235, "depth_ft": 20.46}}, {"type": "Feature", "geometry": {"type": "Point", "coordinates": [688129.738016359, 2528361.89317419]}, "properties": {"depth_m": 6.228, "depth_ft": 20.43}}, {"type": "Feature", "geometry": {"type": "Point", "coordinates": [685399.738016359, 2530431.89317419]}, "properties": {"depth_m": 6.223, "depth_ft": 20.42}}, {"type": "Feature", "geometry": {"type": "Point", "coordinates": [690199.738016359, 2522061.89317419]}, "properties": {"depth_m": 6.221, "depth_ft": 20.41}}, {"type": "Feature", "geometry": {"type": "Point", "coordinates": [685579.738016359, 2531151.89317419]}, "properties": {"depth_m": 6.213, "depth_ft": 20.38}}, {"type": "Feature", "geometry": {"type": "Point", "coordinates": [689269.738016359, 2523621.89317419]}, "properties": {"depth_m": 6.209, "depth_ft": 20.37}}, {"type": "Feature", "geometry": {"type": "Point", "coordinates": [688159.738016359, 2528331.89317419]}, "properties": {"depth_m": 6.207, "depth_ft": 20.36}}, {"type": "Feature", "geometry": {"type": "Point", "coordinates": [689299.738016359, 2523531.89317419]}, "properties": {"depth_m": 6.2, "depth_ft": 20.34}}, {"type": "Feature", "geometry": {"type": "Point", "coordinates": [688939.738016359, 2525211.89317419]}, "properties": {"depth_m": 6.196, "depth_ft": 20.33}}, {"type": "Feature", "geometry": {"type": "Point", "coordinates": [686869.738016359, 2529621.89317419]}, "properties": {"depth_m": 6.188, "depth_ft": 20.3}}, {"type": "Feature", "geometry": {"type": "Point", "coordinates": [689059.738016359, 2524581.89317419]}, "properties": {"depth_m": 6.187, "depth_ft": 20.3}}, {"type": "Feature", "geometry": {"type": "Point", "coordinates": [690979.738016359, 2518881.89317419]}, "properties": {"depth_m": 6.182, "depth_ft": 20.28}}, {"type": "Feature", "geometry": {"type": "Point", "coordinates": [689659.738016359, 2522301.89317419]}, "properties": {"depth_m": 6.176, "depth_ft": 20.26}}, {"type": "Feature", "geometry": {"type": "Point", "coordinates": [688129.738016359, 2528331.89317419]}, "properties": {"depth_m": 6.171, "depth_ft": 20.25}}, {"type": "Feature", "geometry": {"type": "Point", "coordinates": [685399.738016359, 2530371.89317419]}, "properties": {"depth_m": 6.162, "depth_ft": 20.22}}, {"type": "Feature", "geometry": {"type": "Point", "coordinates": [689329.738016359, 2523861.89317419]}, "properties": {"depth_m": 6.159, "depth_ft": 20.21}}, {"type": "Feature", "geometry": {"type": "Point", "coordinates": [688099.738016359, 2527701.89317419]}, "properties": {"depth_m": 6.154, "depth_ft": 20.19}}, {"type": "Feature", "geometry": {"type": "Point", "coordinates": [686089.738016359, 2529351.89317419]}, "properties": {"depth_m": 6.148, "depth_ft": 20.17}}, {"type": "Feature", "geometry": {"type": "Point", "coordinates": [690409.738016359, 2522001.89317419]}, "properties": {"depth_m": 6.143, "depth_ft": 20.15}}, {"type": "Feature", "geometry": {"type": "Point", "coordinates": [689239.738016359, 2524461.89317419]}, "properties": {"depth_m": 6.138, "depth_ft": 20.14}}, {"type": "Feature", "geometry": {"type": "Point", "coordinates": [689269.738016359, 2523951.89317419]}, "properties": {"depth_m": 6.131, "depth_ft": 20.11}}, {"type": "Feature", "geometry": {"type": "Point", "coordinates": [690379.738016359, 2522121.89317419]}, "properties": {"depth_m": 6.129, "depth_ft": 20.11}}, {"type": "Feature", "geometry": {"type": "Point", "coordinates": [688729.738016359, 2526381.89317419]}, "properties": {"depth_m": 6.126, "depth_ft": 20.1}}, {"type": "Feature", "geometry": {"type": "Point", "coordinates": [687439.738016359, 2529111.89317419]}, "properties": {"depth_m": 6.118, "depth_ft": 20.07}}, {"type": "Feature", "geometry": {"type": "Point", "coordinates": [688939.738016359, 2525751.89317419]}, "properties": {"depth_m": 6.107, "depth_ft": 20.04}}, {"type": "Feature", "geometry": {"type": "Point", "coordinates": [685279.738016359, 2531331.89317419]}, "properties": {"depth_m": 6.104, "depth_ft": 20.03}}, {"type": "Feature", "geometry": {"type": "Point", "coordinates": [689299.738016359, 2524461.89317419]}, "properties": {"depth_m": 6.098, "depth_ft": 20.01}}, {"type": "Feature", "geometry": {"type": "Point", "coordinates": [689449.738016359, 2524041.89317419]}, "properties": {"depth_m": 6.097, "depth_ft": 20.0}}, {"type": "Feature", "geometry": {"type": "Point", "coordinates": [691519.738016359, 2518791.89317419]}, "properties": {"depth_m": 6.091, "depth_ft": 19.98}}, {"type": "Feature", "geometry": {"type": "Point", "coordinates": [687919.738016359, 2527731.89317419]}, "properties": {"depth_m": 6.085, "depth_ft": 19.96}}, {"type": "Feature", "geometry": {"type": "Point", "coordinates": [685849.738016359, 2529861.89317419]}, "properties": {"depth_m": 6.075, "depth_ft": 19.93}}, {"type": "Feature", "geometry": {"type": "Point", "coordinates": [687979.738016359, 2528451.89317419]}, "properties": {"depth_m": 6.074, "depth_ft": 19.93}}, {"type": "Feature", "geometry": {"type": "Point", "coordinates": [689059.738016359, 2522871.89317419]}, "properties": {"depth_m": 6.065, "depth_ft": 19.9}}, {"type": "Feature", "geometry": {"type": "Point", "coordinates": [685759.738016359, 2529831.89317419]}, "properties": {"depth_m": 6.059, "depth_ft": 19.88}}, {"type": "Feature", "geometry": {"type": "Point", "coordinates": [689299.738016359, 2522271.89317419]}, "properties": {"depth_m": 6.054, "depth_ft": 19.86}}, {"type": "Feature", "geometry": {"type": "Point", "coordinates": [686899.738016359, 2528781.89317419]}, "properties": {"depth_m": 6.045, "depth_ft": 19.83}}, {"type": "Feature", "geometry": {"type": "Point", "coordinates": [687769.738016359, 2528901.89317419]}, "properties": {"depth_m": 6.035, "depth_ft": 19.8}}, {"type": "Feature", "geometry": {"type": "Point", "coordinates": [686179.738016359, 2530491.89317419]}, "properties": {"depth_m": 6.033, "depth_ft": 19.79}}, {"type": "Feature", "geometry": {"type": "Point", "coordinates": [686119.738016359, 2529321.89317419]}, "properties": {"depth_m": 6.026, "depth_ft": 19.77}}, {"type": "Feature", "geometry": {"type": "Point", "coordinates": [690469.738016359, 2520681.89317419]}, "properties": {"depth_m": 6.023, "depth_ft": 19.76}}, {"type": "Feature", "geometry": {"type": "Point", "coordinates": [687559.738016359, 2527311.89317419]}, "properties": {"depth_m": 6.015, "depth_ft": 19.73}}, {"type": "Feature", "geometry": {"type": "Point", "coordinates": [689089.738016359, 2525091.89317419]}, "properties": {"depth_m": 6.011, "depth_ft": 19.72}}, {"type": "Feature", "geometry": {"type": "Point", "coordinates": [686839.738016359, 2529051.89317419]}, "properties": {"depth_m": 6.006, "depth_ft": 19.71}}, {"type": "Feature", "geometry": {"type": "Point", "coordinates": [690049.738016359, 2521221.89317419]}, "properties": {"depth_m": 6.001, "depth_ft": 19.69}}, {"type": "Feature", "geometry": {"type": "Point", "coordinates": [688429.738016359, 2527941.89317419]}, "properties": {"depth_m": 5.994, "depth_ft": 19.66}}, {"type": "Feature", "geometry": {"type": "Point", "coordinates": [688729.738016359, 2526261.89317419]}, "properties": {"depth_m": 5.986, "depth_ft": 19.64}}, {"type": "Feature", "geometry": {"type": "Point", "coordinates": [687679.738016359, 2527191.89317419]}, "properties": {"depth_m": 5.981, "depth_ft": 19.62}}, {"type": "Feature", "geometry": {"type": "Point", "coordinates": [688369.738016359, 2528271.89317419]}, "properties": {"depth_m": 5.972, "depth_ft": 19.59}}, {"type": "Feature", "geometry": {"type": "Point", "coordinates": [686119.738016359, 2529351.89317419]}, "properties": {"depth_m": 5.967, "depth_ft": 19.58}}, {"type": "Feature", "geometry": {"type": "Point", "coordinates": [690529.738016359, 2520261.89317419]}, "properties": {"depth_m": 5.958, "depth_ft": 19.55}}, {"type": "Feature", "geometry": {"type": "Point", "coordinates": [689869.738016359, 2521971.89317419]}, "properties": {"depth_m": 5.956, "depth_ft": 19.54}}, {"type": "Feature", "geometry": {"type": "Point", "coordinates": [687799.738016359, 2528151.89317419]}, "properties": {"depth_m": 5.954, "depth_ft": 19.54}}, {"type": "Feature", "geometry": {"type": "Point", "coordinates": [688549.738016359, 2523621.89317419]}, "properties": {"depth_m": 5.947, "depth_ft": 19.51}}, {"type": "Feature", "geometry": {"type": "Point", "coordinates": [687799.738016359, 2527911.89317419]}, "properties": {"depth_m": 5.942, "depth_ft": 19.5}}, {"type": "Feature", "geometry": {"type": "Point", "coordinates": [690409.738016359, 2522091.89317419]}, "properties": {"depth_m": 5.939, "depth_ft": 19.48}}, {"type": "Feature", "geometry": {"type": "Point", "coordinates": [689059.738016359, 2525361.89317419]}, "properties": {"depth_m": 5.935, "depth_ft": 19.47}}, {"type": "Feature", "geometry": {"type": "Point", "coordinates": [689389.738016359, 2522271.89317419]}, "properties": {"depth_m": 5.929, "depth_ft": 19.45}}, {"type": "Feature", "geometry": {"type": "Point", "coordinates": [687799.738016359, 2528091.89317419]}, "properties": {"depth_m": 5.918, "depth_ft": 19.42}}, {"type": "Feature", "geometry": {"type": "Point", "coordinates": [686059.738016359, 2529351.89317419]}, "properties": {"depth_m": 5.915, "depth_ft": 19.41}}, {"type": "Feature", "geometry": {"type": "Point", "coordinates": [690079.738016359, 2521041.89317419]}, "properties": {"depth_m": 5.91, "depth_ft": 19.39}}, {"type": "Feature", "geometry": {"type": "Point", "coordinates": [685489.738016359, 2530371.89317419]}, "properties": {"depth_m": 5.904, "depth_ft": 19.37}}, {"type": "Feature", "geometry": {"type": "Point", "coordinates": [689269.738016359, 2524551.89317419]}, "properties": {"depth_m": 5.902, "depth_ft": 19.36}}, {"type": "Feature", "geometry": {"type": "Point", "coordinates": [690319.738016359, 2521581.89317419]}, "properties": {"depth_m": 5.895, "depth_ft": 19.34}}, {"type": "Feature", "geometry": {"type": "Point", "coordinates": [687859.738016359, 2527731.89317419]}, "properties": {"depth_m": 5.889, "depth_ft": 19.32}}, {"type": "Feature", "geometry": {"type": "Point", "coordinates": [689239.738016359, 2524791.89317419]}, "properties": {"depth_m": 5.885, "depth_ft": 19.31}}, {"type": "Feature", "geometry": {"type": "Point", "coordinates": [688099.738016359, 2527671.89317419]}, "properties": {"depth_m": 5.874, "depth_ft": 19.27}}, {"type": "Feature", "geometry": {"type": "Point", "coordinates": [688399.738016359, 2527011.89317419]}, "properties": {"depth_m": 5.87, "depth_ft": 19.26}}, {"type": "Feature", "geometry": {"type": "Point", "coordinates": [690349.738016359, 2522181.89317419]}, "properties": {"depth_m": 5.863, "depth_ft": 19.23}}, {"type": "Feature", "geometry": {"type": "Point", "coordinates": [691639.738016359, 2518791.89317419]}, "properties": {"depth_m": 5.851, "depth_ft": 19.2}}, {"type": "Feature", "geometry": {"type": "Point", "coordinates": [688669.738016359, 2523621.89317419]}, "properties": {"depth_m": 5.845, "depth_ft": 19.18}}, {"type": "Feature", "geometry": {"type": "Point", "coordinates": [690949.738016359, 2519451.89317419]}, "properties": {"depth_m": 5.842, "depth_ft": 19.17}}, {"type": "Feature", "geometry": {"type": "Point", "coordinates": [690289.738016359, 2522241.89317419]}, "properties": {"depth_m": 5.834, "depth_ft": 19.14}}, {"type": "Feature", "geometry": {"type": "Point", "coordinates": [687379.738016359, 2528541.89317419]}, "properties": {"depth_m": 5.829, "depth_ft": 19.13}}, {"type": "Feature", "geometry": {"type": "Point", "coordinates": [690079.738016359, 2521101.89317419]}, "properties": {"depth_m": 5.825, "depth_ft": 19.11}}, {"type": "Feature", "geometry": {"type": "Point", "coordinates": [690169.738016359, 2520561.89317419]}, "properties": {"depth_m": 5.817, "depth_ft": 19.09}}, {"type": "Feature", "geometry": {"type": "Point", "coordinates": [684379.738016359, 2532291.89317419]}, "properties": {"depth_m": 5.811, "depth_ft": 19.07}}, {"type": "Feature", "geometry": {"type": "Point", "coordinates": [690709.738016359, 2519841.89317419]}, "properties": {"depth_m": 5.809, "depth_ft": 19.06}}, {"type": "Feature", "geometry": {"type": "Point", "coordinates": [688309.738016359, 2526861.89317419]}, "properties": {"depth_m": 5.803, "depth_ft": 19.04}}, {"type": "Feature", "geometry": {"type": "Point", "coordinates": [688519.738016359, 2527371.89317419]}, "properties": {"depth_m": 5.799, "depth_ft": 19.02}}, {"type": "Feature", "geometry": {"type": "Point", "coordinates": [691459.738016359, 2518881.89317419]}, "properties": {"depth_m": 5.792, "depth_ft": 19.0}}, {"type": "Feature", "geometry": {"type": "Point", "coordinates": [688189.738016359, 2528331.89317419]}, "properties": {"depth_m": 5.787, "depth_ft": 18.98}}, {"type": "Feature", "geometry": {"type": "Point", "coordinates": [690739.738016359, 2519241.89317419]}, "properties": {"depth_m": 5.776, "depth_ft": 18.95}}, {"type": "Feature", "geometry": {"type": "Point", "coordinates": [688909.738016359, 2523861.89317419]}, "properties": {"depth_m": 5.768, "depth_ft": 18.92}}, {"type": "Feature", "geometry": {"type": "Point", "coordinates": [685489.738016359, 2531181.89317419]}, "properties": {"depth_m": 5.765, "depth_ft": 18.91}}, {"type": "Feature", "geometry": {"type": "Point", "coordinates": [688129.738016359, 2528301.89317419]}, "properties": {"depth_m": 5.762, "depth_ft": 18.9}}, {"type": "Feature", "geometry": {"type": "Point", "coordinates": [690769.738016359, 2519781.89317419]}, "properties": {"depth_m": 5.759, "depth_ft": 18.9}}, {"type": "Feature", "geometry": {"type": "Point", "coordinates": [687829.738016359, 2527971.89317419]}, "properties": {"depth_m": 5.754, "depth_ft": 18.88}}, {"type": "Feature", "geometry": {"type": "Point", "coordinates": [690259.738016359, 2522031.89317419]}, "properties": {"depth_m": 5.751, "depth_ft": 18.87}}, {"type": "Feature", "geometry": {"type": "Point", "coordinates": [689389.738016359, 2522211.89317419]}, "properties": {"depth_m": 5.748, "depth_ft": 18.86}}, {"type": "Feature", "geometry": {"type": "Point", "coordinates": [686089.738016359, 2530701.89317419]}, "properties": {"depth_m": 5.744, "depth_ft": 18.85}}, {"type": "Feature", "geometry": {"type": "Point", "coordinates": [688939.738016359, 2524071.89317419]}, "properties": {"depth_m": 5.74, "depth_ft": 18.83}}, {"type": "Feature", "geometry": {"type": "Point", "coordinates": [684919.738016359, 2532711.89317419]}, "properties": {"depth_m": 5.738, "depth_ft": 18.82}}, {"type": "Feature", "geometry": {"type": "Point", "coordinates": [690439.738016359, 2522031.89317419]}, "properties": {"depth_m": 5.732, "depth_ft": 18.81}}, {"type": "Feature", "geometry": {"type": "Point", "coordinates": [688969.738016359, 2525691.89317419]}, "properties": {"depth_m": 5.726, "depth_ft": 18.79}}, {"type": "Feature", "geometry": {"type": "Point", "coordinates": [687979.738016359, 2527911.89317419]}, "properties": {"depth_m": 5.722, "depth_ft": 18.77}}, {"type": "Feature", "geometry": {"type": "Point", "coordinates": [685399.738016359, 2530461.89317419]}, "properties": {"depth_m": 5.713, "depth_ft": 18.74}}, {"type": "Feature", "geometry": {"type": "Point", "coordinates": [684409.738016359, 2532321.89317419]}, "properties": {"depth_m": 5.707, "depth_ft": 18.72}}, {"type": "Feature", "geometry": {"type": "Point", "coordinates": [686089.738016359, 2529681.89317419]}, "properties": {"depth_m": 5.702, "depth_ft": 18.71}}, {"type": "Feature", "geometry": {"type": "Point", "coordinates": [688189.738016359, 2528301.89317419]}, "properties": {"depth_m": 5.692, "depth_ft": 18.67}}, {"type": "Feature", "geometry": {"type": "Point", "coordinates": [689059.738016359, 2525211.89317419]}, "properties": {"depth_m": 5.685, "depth_ft": 18.65}}, {"type": "Feature", "geometry": {"type": "Point", "coordinates": [687499.738016359, 2528241.89317419]}, "properties": {"depth_m": 5.679, "depth_ft": 18.63}}, {"type": "Feature", "geometry": {"type": "Point", "coordinates": [688399.738016359, 2526951.89317419]}, "properties": {"depth_m": 5.675, "depth_ft": 18.62}}, {"type": "Feature", "geometry": {"type": "Point", "coordinates": [687679.738016359, 2528961.89317419]}, "properties": {"depth_m": 5.668, "depth_ft": 18.6}}, {"type": "Feature", "geometry": {"type": "Point", "coordinates": [688969.738016359, 2525181.89317419]}, "properties": {"depth_m": 5.664, "depth_ft": 18.58}}, {"type": "Feature", "geometry": {"type": "Point", "coordinates": [689509.738016359, 2522331.89317419]}, "properties": {"depth_m": 5.659, "depth_ft": 18.57}}, {"type": "Feature", "geometry": {"type": "Point", "coordinates": [688939.738016359, 2525301.89317419]}, "properties": {"depth_m": 5.652, "depth_ft": 18.54}}, {"type": "Feature", "geometry": {"type": "Point", "coordinates": [690739.738016359, 2520621.89317419]}, "properties": {"depth_m": 5.646, "depth_ft": 18.53}}, {"type": "Feature", "geometry": {"type": "Point", "coordinates": [689359.738016359, 2524101.89317419]}, "properties": {"depth_m": 5.64, "depth_ft": 18.5}}, {"type": "Feature", "geometry": {"type": "Point", "coordinates": [689719.738016359, 2522721.89317419]}, "properties": {"depth_m": 5.63, "depth_ft": 18.47}}, {"type": "Feature", "geometry": {"type": "Point", "coordinates": [686029.738016359, 2529531.89317419]}, "properties": {"depth_m": 5.625, "depth_ft": 18.45}}, {"type": "Feature", "geometry": {"type": "Point", "coordinates": [687139.738016359, 2529411.89317419]}, "properties": {"depth_m": 5.616, "depth_ft": 18.43}}, {"type": "Feature", "geometry": {"type": "Point", "coordinates": [688489.738016359, 2526261.89317419]}, "properties": {"depth_m": 5.609, "depth_ft": 18.4}}, {"type": "Feature", "geometry": {"type": "Point", "coordinates": [689419.738016359, 2522421.89317419]}, "properties": {"depth_m": 5.605, "depth_ft": 18.39}}, {"type": "Feature", "geometry": {"type": "Point", "coordinates": [687589.738016359, 2527281.89317419]}, "properties": {"depth_m": 5.599, "depth_ft": 18.37}}, {"type": "Feature", "geometry": {"type": "Point", "coordinates": [687889.738016359, 2527731.89317419]}, "properties": {"depth_m": 5.594, "depth_ft": 18.35}}, {"type": "Feature", "geometry": {"type": "Point", "coordinates": [690649.738016359, 2519361.89317419]}, "properties": {"depth_m": 5.584, "depth_ft": 18.32}}, {"type": "Feature", "geometry": {"type": "Point", "coordinates": [687859.738016359, 2528481.89317419]}, "properties": {"depth_m": 5.582, "depth_ft": 18.31}}, {"type": "Feature", "geometry": {"type": "Point", "coordinates": [685579.738016359, 2530461.89317419]}, "properties": {"depth_m": 5.566, "depth_ft": 18.26}}, {"type": "Feature", "geometry": {"type": "Point", "coordinates": [686119.738016359, 2530671.89317419]}, "properties": {"depth_m": 5.563, "depth_ft": 18.25}}, {"type": "Feature", "geometry": {"type": "Point", "coordinates": [689719.738016359, 2522211.89317419]}, "properties": {"depth_m": 5.556, "depth_ft": 18.23}}, {"type": "Feature", "geometry": {"type": "Point", "coordinates": [689419.738016359, 2523891.89317419]}, "properties": {"depth_m": 5.552, "depth_ft": 18.22}}, {"type": "Feature", "geometry": {"type": "Point", "coordinates": [690289.738016359, 2521731.89317419]}, "properties": {"depth_m": 5.542, "depth_ft": 18.18}}, {"type": "Feature", "geometry": {"type": "Point", "coordinates": [685939.738016359, 2529951.89317419]}, "properties": {"depth_m": 5.536, "depth_ft": 18.16}}, {"type": "Feature", "geometry": {"type": "Point", "coordinates": [689239.738016359, 2523981.89317419]}, "properties": {"depth_m": 5.531, "depth_ft": 18.15}}, {"type": "Feature", "geometry": {"type": "Point", "coordinates": [686029.738016359, 2529561.89317419]}, "properties": {"depth_m": 5.527, "depth_ft": 18.13}}, {"type": "Feature", "geometry": {"type": "Point", "coordinates": [689389.738016359, 2523441.89317419]}, "properties": {"depth_m": 5.524, "depth_ft": 18.12}}, {"type": "Feature", "geometry": {"type": "Point", "coordinates": [687829.738016359, 2528421.89317419]}, "properties": {"depth_m": 5.518, "depth_ft": 18.1}}, {"type": "Feature", "geometry": {"type": "Point", "coordinates": [688219.738016359, 2526591.89317419]}, "properties": {"depth_m": 5.512, "depth_ft": 18.08}}, {"type": "Feature", "geometry": {"type": "Point", "coordinates": [686029.738016359, 2529351.89317419]}, "properties": {"depth_m": 5.507, "depth_ft": 18.07}}, {"type": "Feature", "geometry": {"type": "Point", "coordinates": [690259.738016359, 2522181.89317419]}, "properties": {"depth_m": 5.501, "depth_ft": 18.05}}, {"type": "Feature", "geometry": {"type": "Point", "coordinates": [690169.738016359, 2520621.89317419]}, "properties": {"depth_m": 5.496, "depth_ft": 18.03}}, {"type": "Feature", "geometry": {"type": "Point", "coordinates": [689359.738016359, 2524341.89317419]}, "properties": {"depth_m": 5.487, "depth_ft": 18.0}}, {"type": "Feature", "geometry": {"type": "Point", "coordinates": [688759.738016359, 2523321.89317419]}, "properties": {"depth_m": 5.478, "depth_ft": 17.97}}, {"type": "Feature", "geometry": {"type": "Point", "coordinates": [688459.738016359, 2527521.89317419]}, "properties": {"depth_m": 5.47, "depth_ft": 17.95}}, {"type": "Feature", "geometry": {"type": "Point", "coordinates": [689299.738016359, 2522631.89317419]}, "properties": {"depth_m": 5.464, "depth_ft": 17.93}}, {"type": "Feature", "geometry": {"type": "Point", "coordinates": [689839.738016359, 2522031.89317419]}, "properties": {"depth_m": 5.46, "depth_ft": 17.91}}, {"type": "Feature", "geometry": {"type": "Point", "coordinates": [690229.738016359, 2522121.89317419]}, "properties": {"depth_m": 5.454, "depth_ft": 17.89}}, {"type": "Feature", "geometry": {"type": "Point", "coordinates": [687859.738016359, 2526891.89317419]}, "properties": {"depth_m": 5.437, "depth_ft": 17.84}}, {"type": "Feature", "geometry": {"type": "Point", "coordinates": [690259.738016359, 2520261.89317419]}, "properties": {"depth_m": 5.427, "depth_ft": 17.8}}, {"type": "Feature", "geometry": {"type": "Point", "coordinates": [688999.738016359, 2525571.89317419]}, "properties": {"depth_m": 5.425, "depth_ft": 17.8}}, {"type": "Feature", "geometry": {"type": "Point", "coordinates": [691579.738016359, 2518821.89317419]}, "properties": {"depth_m": 5.419, "depth_ft": 17.78}}, {"type": "Feature", "geometry": {"type": "Point", "coordinates": [686959.738016359, 2528781.89317419]}, "properties": {"depth_m": 5.41, "depth_ft": 17.75}}, {"type": "Feature", "geometry": {"type": "Point", "coordinates": [689149.738016359, 2525091.89317419]}, "properties": {"depth_m": 5.404, "depth_ft": 17.73}}, {"type": "Feature", "geometry": {"type": "Point", "coordinates": [690229.738016359, 2520321.89317419]}, "properties": {"depth_m": 5.393, "depth_ft": 17.69}}, {"type": "Feature", "geometry": {"type": "Point", "coordinates": [690079.738016359, 2520831.89317419]}, "properties": {"depth_m": 5.386, "depth_ft": 17.67}}, {"type": "Feature", "geometry": {"type": "Point", "coordinates": [689419.738016359, 2523771.89317419]}, "properties": {"depth_m": 5.382, "depth_ft": 17.66}}, {"type": "Feature", "geometry": {"type": "Point", "coordinates": [689299.738016359, 2524431.89317419]}, "properties": {"depth_m": 5.378, "depth_ft": 17.64}}, {"type": "Feature", "geometry": {"type": "Point", "coordinates": [687889.738016359, 2528061.89317419]}, "properties": {"depth_m": 5.373, "depth_ft": 17.63}}, {"type": "Feature", "geometry": {"type": "Point", "coordinates": [689569.738016359, 2521521.89317419]}, "properties": {"depth_m": 5.365, "depth_ft": 17.6}}, {"type": "Feature", "geometry": {"type": "Point", "coordinates": [691069.738016359, 2519271.89317419]}, "properties": {"depth_m": 5.363, "depth_ft": 17.59}}, {"type": "Feature", "geometry": {"type": "Point", "coordinates": [689029.738016359, 2525481.89317419]}, "properties": {"depth_m": 5.361, "depth_ft": 17.59}}, {"type": "Feature", "geometry": {"type": "Point", "coordinates": [690229.738016359, 2522151.89317419]}, "properties": {"depth_m": 5.35, "depth_ft": 17.55}}, {"type": "Feature", "geometry": {"type": "Point", "coordinates": [689359.738016359, 2522001.89317419]}, "properties": {"depth_m": 5.346, "depth_ft": 17.54}}, {"type": "Feature", "geometry": {"type": "Point", "coordinates": [689269.738016359, 2524431.89317419]}, "properties": {"depth_m": 5.344, "depth_ft": 17.53}}, {"type": "Feature", "geometry": {"type": "Point", "coordinates": [690049.738016359, 2519961.89317419]}, "properties": {"depth_m": 5.337, "depth_ft": 17.51}}, {"type": "Feature", "geometry": {"type": "Point", "coordinates": [688879.738016359, 2523951.89317419]}, "properties": {"depth_m": 5.333, "depth_ft": 17.5}}, {"type": "Feature", "geometry": {"type": "Point", "coordinates": [686509.738016359, 2529351.89317419]}, "properties": {"depth_m": 5.327, "depth_ft": 17.48}}, {"type": "Feature", "geometry": {"type": "Point", "coordinates": [687559.738016359, 2527731.89317419]}, "properties": {"depth_m": 5.325, "depth_ft": 17.47}}, {"type": "Feature", "geometry": {"type": "Point", "coordinates": [689419.738016359, 2522031.89317419]}, "properties": {"depth_m": 5.318, "depth_ft": 17.45}}, {"type": "Feature", "geometry": {"type": "Point", "coordinates": [690529.738016359, 2520861.89317419]}, "properties": {"depth_m": 5.315, "depth_ft": 17.44}}, {"type": "Feature", "geometry": {"type": "Point", "coordinates": [688459.738016359, 2526291.89317419]}, "properties": {"depth_m": 5.312, "depth_ft": 17.43}}, {"type": "Feature", "geometry": {"type": "Point", "coordinates": [689299.738016359, 2524401.89317419]}, "properties": {"depth_m": 5.31, "depth_ft": 17.42}}, {"type": "Feature", "geometry": {"type": "Point", "coordinates": [687889.738016359, 2526891.89317419]}, "properties": {"depth_m": 5.307, "depth_ft": 17.41}}, {"type": "Feature", "geometry": {"type": "Point", "coordinates": [689389.738016359, 2521971.89317419]}, "properties": {"depth_m": 5.304, "depth_ft": 17.4}}, {"type": "Feature", "geometry": {"type": "Point", "coordinates": [685429.738016359, 2530671.89317419]}, "properties": {"depth_m": 5.298, "depth_ft": 17.38}}, {"type": "Feature", "geometry": {"type": "Point", "coordinates": [688969.738016359, 2525961.89317419]}, "properties": {"depth_m": 5.293, "depth_ft": 17.37}}, {"type": "Feature", "geometry": {"type": "Point", "coordinates": [688819.738016359, 2523681.89317419]}, "properties": {"depth_m": 5.289, "depth_ft": 17.35}}, {"type": "Feature", "geometry": {"type": "Point", "coordinates": [685549.738016359, 2530041.89317419]}, "properties": {"depth_m": 5.288, "depth_ft": 17.35}}, {"type": "Feature", "geometry": {"type": "Point", "coordinates": [689449.738016359, 2523921.89317419]}, "properties": {"depth_m": 5.279, "depth_ft": 17.32}}, {"type": "Feature", "geometry": {"type": "Point", "coordinates": [687889.738016359, 2527701.89317419]}, "properties": {"depth_m": 5.274, "depth_ft": 17.3}}, {"type": "Feature", "geometry": {"type": "Point", "coordinates": [689209.738016359, 2523951.89317419]}, "properties": {"depth_m": 5.27, "depth_ft": 17.29}}, {"type": "Feature", "geometry": {"type": "Point", "coordinates": [688759.738016359, 2526351.89317419]}, "properties": {"depth_m": 5.267, "depth_ft": 17.28}}, {"type": "Feature", "geometry": {"type": "Point", "coordinates": [688579.738016359, 2527191.89317419]}, "properties": {"depth_m": 5.262, "depth_ft": 17.26}}, {"type": "Feature", "geometry": {"type": "Point", "coordinates": [689329.738016359, 2523531.89317419]}, "properties": {"depth_m": 5.256, "depth_ft": 17.24}}, {"type": "Feature", "geometry": {"type": "Point", "coordinates": [686899.738016359, 2529621.89317419]}, "properties": {"depth_m": 5.248, "depth_ft": 17.22}}, {"type": "Feature", "geometry": {"type": "Point", "coordinates": [689449.738016359, 2524071.89317419]}, "properties": {"depth_m": 5.241, "depth_ft": 17.2}}, {"type": "Feature", "geometry": {"type": "Point", "coordinates": [688579.738016359, 2525751.89317419]}, "properties": {"depth_m": 5.238, "depth_ft": 17.18}}, {"type": "Feature", "geometry": {"type": "Point", "coordinates": [687829.738016359, 2528001.89317419]}, "properties": {"depth_m": 5.234, "depth_ft": 17.17}}, {"type": "Feature", "geometry": {"type": "Point", "coordinates": [688639.738016359, 2525181.89317419]}, "properties": {"depth_m": 5.228, "depth_ft": 17.15}}, {"type": "Feature", "geometry": {"type": "Point", "coordinates": [690319.738016359, 2519961.89317419]}, "properties": {"depth_m": 5.223, "depth_ft": 17.14}}, {"type": "Feature", "geometry": {"type": "Point", "coordinates": [688339.738016359, 2526501.89317419]}, "properties": {"depth_m": 5.218, "depth_ft": 17.12}}, {"type": "Feature", "geometry": {"type": "Point", "coordinates": [689209.738016359, 2524941.89317419]}, "properties": {"depth_m": 5.214, "depth_ft": 17.11}}, {"type": "Feature", "geometry": {"type": "Point", "coordinates": [687949.738016359, 2528451.89317419]}, "properties": {"depth_m": 5.212, "depth_ft": 17.1}}, {"type": "Feature", "geometry": {"type": "Point", "coordinates": [689509.738016359, 2523651.89317419]}, "properties": {"depth_m": 5.208, "depth_ft": 17.09}}, {"type": "Feature", "geometry": {"type": "Point", "coordinates": [688639.738016359, 2525541.89317419]}, "properties": {"depth_m": 5.201, "depth_ft": 17.06}}, {"type": "Feature", "geometry": {"type": "Point", "coordinates": [686089.738016359, 2529261.89317419]}, "properties": {"depth_m": 5.199, "depth_ft": 17.06}}, {"type": "Feature", "geometry": {"type": "Point", "coordinates": [690559.738016359, 2520861.89317419]}, "properties": {"depth_m": 5.193, "depth_ft": 17.04}}, {"type": "Feature", "geometry": {"type": "Point", "coordinates": [686149.738016359, 2530581.89317419]}, "properties": {"depth_m": 5.18, "depth_ft": 17.0}}, {"type": "Feature", "geometry": {"type": "Point", "coordinates": [688579.738016359, 2523411.89317419]}, "properties": {"depth_m": 5.175, "depth_ft": 16.98}}, {"type": "Feature", "geometry": {"type": "Point", "coordinates": [687889.738016359, 2528721.89317419]}, "properties": {"depth_m": 5.168, "depth_ft": 16.96}}, {"type": "Feature", "geometry": {"type": "Point", "coordinates": [688429.738016359, 2528241.89317419]}, "properties": {"depth_m": 5.166, "depth_ft": 16.95}}, {"type": "Feature", "geometry": {"type": "Point", "coordinates": [690889.738016359, 2519001.89317419]}, "properties": {"depth_m": 5.16, "depth_ft": 16.93}}, {"type": "Feature", "geometry": {"type": "Point", "coordinates": [688459.738016359, 2526261.89317419]}, "properties": {"depth_m": 5.158, "depth_ft": 16.92}}, {"type": "Feature", "geometry": {"type": "Point", "coordinates": [687949.738016359, 2528391.89317419]}, "properties": {"depth_m": 5.155, "depth_ft": 16.91}}, {"type": "Feature", "geometry": {"type": "Point", "coordinates": [690799.738016359, 2520591.89317419]}, "properties": {"depth_m": 5.148, "depth_ft": 16.89}}, {"type": "Feature", "geometry": {"type": "Point", "coordinates": [689329.738016359, 2524281.89317419]}, "properties": {"depth_m": 5.142, "depth_ft": 16.87}}, {"type": "Feature", "geometry": {"type": "Point", "coordinates": [689479.738016359, 2523681.89317419]}, "properties": {"depth_m": 5.136, "depth_ft": 16.85}}, {"type": "Feature", "geometry": {"type": "Point", "coordinates": [688399.738016359, 2526351.89317419]}, "properties": {"depth_m": 5.131, "depth_ft": 16.84}}, {"type": "Feature", "geometry": {"type": "Point", "coordinates": [686869.738016359, 2528841.89317419]}, "properties": {"depth_m": 5.127, "depth_ft": 16.82}}, {"type": "Feature", "geometry": {"type": "Point", "coordinates": [689239.738016359, 2523891.89317419]}, "properties": {"depth_m": 5.125, "depth_ft": 16.81}}, {"type": "Feature", "geometry": {"type": "Point", "coordinates": [691549.738016359, 2518851.89317419]}, "properties": {"depth_m": 5.113, "depth_ft": 16.78}}, {"type": "Feature", "geometry": {"type": "Point", "coordinates": [689089.738016359, 2525241.89317419]}, "properties": {"depth_m": 5.104, "depth_ft": 16.74}}, {"type": "Feature", "geometry": {"type": "Point", "coordinates": [691579.738016359, 2518761.89317419]}, "properties": {"depth_m": 5.096, "depth_ft": 16.72}}, {"type": "Feature", "geometry": {"type": "Point", "coordinates": [685759.738016359, 2530311.89317419]}, "properties": {"depth_m": 5.095, "depth_ft": 16.72}}, {"type": "Feature", "geometry": {"type": "Point", "coordinates": [689599.738016359, 2523291.89317419]}, "properties": {"depth_m": 5.09, "depth_ft": 16.7}}, {"type": "Feature", "geometry": {"type": "Point", "coordinates": [690349.738016359, 2521431.89317419]}, "properties": {"depth_m": 5.085, "depth_ft": 16.68}}, {"type": "Feature", "geometry": {"type": "Point", "coordinates": [688009.738016359, 2526741.89317419]}, "properties": {"depth_m": 5.076, "depth_ft": 16.65}}, {"type": "Feature", "geometry": {"type": "Point", "coordinates": [688819.738016359, 2523711.89317419]}, "properties": {"depth_m": 5.07, "depth_ft": 16.63}}, {"type": "Feature", "geometry": {"type": "Point", "coordinates": [688099.738016359, 2528301.89317419]}, "properties": {"depth_m": 5.063, "depth_ft": 16.61}}, {"type": "Feature", "geometry": {"type": "Point", "coordinates": [689539.738016359, 2522331.89317419]}, "properties": {"depth_m": 5.056, "depth_ft": 16.59}}, {"type": "Feature", "geometry": {"type": "Point", "coordinates": [688699.738016359, 2524941.89317419]}, "properties": {"depth_m": 5.053, "depth_ft": 16.58}}, {"type": "Feature", "geometry": {"type": "Point", "coordinates": [691159.738016359, 2519151.89317419]}, "properties": {"depth_m": 5.047, "depth_ft": 16.56}}, {"type": "Feature", "geometry": {"type": "Point", "coordinates": [689479.738016359, 2523651.89317419]}, "properties": {"depth_m": 5.041, "depth_ft": 16.54}}, {"type": "Feature", "geometry": {"type": "Point", "coordinates": [691579.738016359, 2518791.89317419]}, "properties": {"depth_m": 5.034, "depth_ft": 16.52}}, {"type": "Feature", "geometry": {"type": "Point", "coordinates": [689329.738016359, 2524431.89317419]}, "properties": {"depth_m": 5.031, "depth_ft": 16.5}}, {"type": "Feature", "geometry": {"type": "Point", "coordinates": [690679.738016359, 2521611.89317419]}, "properties": {"depth_m": 5.027, "depth_ft": 16.49}}, {"type": "Feature", "geometry": {"type": "Point", "coordinates": [688009.738016359, 2527881.89317419]}, "properties": {"depth_m": 5.027, "depth_ft": 16.49}}, {"type": "Feature", "geometry": {"type": "Point", "coordinates": [689149.738016359, 2524881.89317419]}, "properties": {"depth_m": 5.021, "depth_ft": 16.47}}, {"type": "Feature", "geometry": {"type": "Point", "coordinates": [685789.738016359, 2529921.89317419]}, "properties": {"depth_m": 5.008, "depth_ft": 16.43}}, {"type": "Feature", "geometry": {"type": "Point", "coordinates": [690139.738016359, 2520801.89317419]}, "properties": {"depth_m": 5.001, "depth_ft": 16.41}}, {"type": "Feature", "geometry": {"type": "Point", "coordinates": [690919.738016359, 2520321.89317419]}, "properties": {"depth_m": 4.999, "depth_ft": 16.4}}, {"type": "Feature", "geometry": {"type": "Point", "coordinates": [688339.738016359, 2528301.89317419]}, "properties": {"depth_m": 4.995, "depth_ft": 16.39}}, {"type": "Feature", "geometry": {"type": "Point", "coordinates": [687949.738016359, 2528361.89317419]}, "properties": {"depth_m": 4.987, "depth_ft": 16.36}}, {"type": "Feature", "geometry": {"type": "Point", "coordinates": [685579.738016359, 2529981.89317419]}, "properties": {"depth_m": 4.983, "depth_ft": 16.35}}, {"type": "Feature", "geometry": {"type": "Point", "coordinates": [689389.738016359, 2523681.89317419]}, "properties": {"depth_m": 4.975, "depth_ft": 16.32}}, {"type": "Feature", "geometry": {"type": "Point", "coordinates": [688129.738016359, 2528271.89317419]}, "properties": {"depth_m": 4.972, "depth_ft": 16.31}}, {"type": "Feature", "geometry": {"type": "Point", "coordinates": [688999.738016359, 2525661.89317419]}, "properties": {"depth_m": 4.967, "depth_ft": 16.3}}, {"type": "Feature", "geometry": {"type": "Point", "coordinates": [691549.738016359, 2518791.89317419]}, "properties": {"depth_m": 4.964, "depth_ft": 16.29}}, {"type": "Feature", "geometry": {"type": "Point", "coordinates": [689239.738016359, 2523921.89317419]}, "properties": {"depth_m": 4.957, "depth_ft": 16.26}}, {"type": "Feature", "geometry": {"type": "Point", "coordinates": [690949.738016359, 2518941.89317419]}, "properties": {"depth_m": 4.953, "depth_ft": 16.25}}, {"type": "Feature", "geometry": {"type": "Point", "coordinates": [688729.738016359, 2524851.89317419]}, "properties": {"depth_m": 4.949, "depth_ft": 16.24}}, {"type": "Feature", "geometry": {"type": "Point", "coordinates": [686869.738016359, 2528991.89317419]}, "properties": {"depth_m": 4.946, "depth_ft": 16.23}}, {"type": "Feature", "geometry": {"type": "Point", "coordinates": [686119.738016359, 2530701.89317419]}, "properties": {"depth_m": 4.942, "depth_ft": 16.21}}, {"type": "Feature", "geometry": {"type": "Point", "coordinates": [689449.738016359, 2522001.89317419]}, "properties": {"depth_m": 4.938, "depth_ft": 16.2}}, {"type": "Feature", "geometry": {"type": "Point", "coordinates": [685519.738016359, 2530461.89317419]}, "properties": {"depth_m": 4.936, "depth_ft": 16.19}}, {"type": "Feature", "geometry": {"type": "Point", "coordinates": [688729.738016359, 2523531.89317419]}, "properties": {"depth_m": 4.93, "depth_ft": 16.18}}, {"type": "Feature", "geometry": {"type": "Point", "coordinates": [688159.738016359, 2528211.89317419]}, "properties": {"depth_m": 4.927, "depth_ft": 16.16}}, {"type": "Feature", "geometry": {"type": "Point", "coordinates": [687559.738016359, 2527671.89317419]}, "properties": {"depth_m": 4.918, "depth_ft": 16.13}}, {"type": "Feature", "geometry": {"type": "Point", "coordinates": [689029.738016359, 2524521.89317419]}, "properties": {"depth_m": 4.907, "depth_ft": 16.1}}, {"type": "Feature", "geometry": {"type": "Point", "coordinates": [687529.738016359, 2529081.89317419]}, "properties": {"depth_m": 4.903, "depth_ft": 16.08}}, {"type": "Feature", "geometry": {"type": "Point", "coordinates": [687919.738016359, 2528541.89317419]}, "properties": {"depth_m": 4.898, "depth_ft": 16.07}}, {"type": "Feature", "geometry": {"type": "Point", "coordinates": [690529.738016359, 2521671.89317419]}, "properties": {"depth_m": 4.892, "depth_ft": 16.05}}, {"type": "Feature", "geometry": {"type": "Point", "coordinates": [688069.738016359, 2528511.89317419]}, "properties": {"depth_m": 4.887, "depth_ft": 16.03}}, {"type": "Feature", "geometry": {"type": "Point", "coordinates": [689539.738016359, 2521521.89317419]}, "properties": {"depth_m": 4.878, "depth_ft": 16.01}}, {"type": "Feature", "geometry": {"type": "Point", "coordinates": [689389.738016359, 2524101.89317419]}, "properties": {"depth_m": 4.874, "depth_ft": 15.99}}, {"type": "Feature", "geometry": {"type": "Point", "coordinates": [686149.738016359, 2529351.89317419]}, "properties": {"depth_m": 4.872, "depth_ft": 15.98}}, {"type": "Feature", "geometry": {"type": "Point", "coordinates": [687859.738016359, 2528361.89317419]}, "properties": {"depth_m": 4.866, "depth_ft": 15.96}}, {"type": "Feature", "geometry": {"type": "Point", "coordinates": [690109.738016359, 2520801.89317419]}, "properties": {"depth_m": 4.863, "depth_ft": 15.96}}, {"type": "Feature", "geometry": {"type": "Point", "coordinates": [686569.738016359, 2529951.89317419]}, "properties": {"depth_m": 4.861, "depth_ft": 15.95}}, {"type": "Feature", "geometry": {"type": "Point", "coordinates": [688369.738016359, 2528001.89317419]}, "properties": {"depth_m": 4.857, "depth_ft": 15.93}}, {"type": "Feature", "geometry": {"type": "Point", "coordinates": [685369.738016359, 2530521.89317419]}, "properties": {"depth_m": 4.852, "depth_ft": 15.92}}, {"type": "Feature", "geometry": {"type": "Point", "coordinates": [687919.738016359, 2528331.89317419]}, "properties": {"depth_m": 4.847, "depth_ft": 15.9}}, {"type": "Feature", "geometry": {"type": "Point", "coordinates": [690199.738016359, 2520381.89317419]}, "properties": {"depth_m": 4.845, "depth_ft": 15.89}}, {"type": "Feature", "geometry": {"type": "Point", "coordinates": [688759.738016359, 2526291.89317419]}, "properties": {"depth_m": 4.842, "depth_ft": 15.89}}, {"type": "Feature", "geometry": {"type": "Point", "coordinates": [689509.738016359, 2523921.89317419]}, "properties": {"depth_m": 4.839, "depth_ft": 15.87}}, {"type": "Feature", "geometry": {"type": "Point", "coordinates": [685519.738016359, 2530521.89317419]}, "properties": {"depth_m": 4.831, "depth_ft": 15.85}}, {"type": "Feature", "geometry": {"type": "Point", "coordinates": [690469.738016359, 2520951.89317419]}, "properties": {"depth_m": 4.824, "depth_ft": 15.83}}, {"type": "Feature", "geometry": {"type": "Point", "coordinates": [688729.738016359, 2523561.89317419]}, "properties": {"depth_m": 4.822, "depth_ft": 15.82}}, {"type": "Feature", "geometry": {"type": "Point", "coordinates": [685489.738016359, 2530551.89317419]}, "properties": {"depth_m": 4.817, "depth_ft": 15.8}}, {"type": "Feature", "geometry": {"type": "Point", "coordinates": [690379.738016359, 2522151.89317419]}, "properties": {"depth_m": 4.812, "depth_ft": 15.79}}, {"type": "Feature", "geometry": {"type": "Point", "coordinates": [688969.738016359, 2525271.89317419]}, "properties": {"depth_m": 4.809, "depth_ft": 15.78}}, {"type": "Feature", "geometry": {"type": "Point", "coordinates": [686569.738016359, 2529261.89317419]}, "properties": {"depth_m": 4.807, "depth_ft": 15.77}}, {"type": "Feature", "geometry": {"type": "Point", "coordinates": [690649.738016359, 2519991.89317419]}, "properties": {"depth_m": 4.802, "depth_ft": 15.75}}, {"type": "Feature", "geometry": {"type": "Point", "coordinates": [686209.738016359, 2530461.89317419]}, "properties": {"depth_m": 4.799, "depth_ft": 15.74}}, {"type": "Feature", "geometry": {"type": "Point", "coordinates": [688429.738016359, 2526951.89317419]}, "properties": {"depth_m": 4.795, "depth_ft": 15.73}}, {"type": "Feature", "geometry": {"type": "Point", "coordinates": [690919.738016359, 2520411.89317419]}, "properties": {"depth_m": 4.789, "depth_ft": 15.71}}, {"type": "Feature", "geometry": {"type": "Point", "coordinates": [688039.738016359, 2528271.89317419]}, "properties": {"depth_m": 4.784, "depth_ft": 15.7}}, {"type": "Feature", "geometry": {"type": "Point", "coordinates": [689509.738016359, 2523591.89317419]}, "properties": {"depth_m": 4.778, "depth_ft": 15.67}}, {"type": "Feature", "geometry": {"type": "Point", "coordinates": [686839.738016359, 2529021.89317419]}, "properties": {"depth_m": 4.774, "depth_ft": 15.66}}, {"type": "Feature", "geometry": {"type": "Point", "coordinates": [686209.738016359, 2530521.89317419]}, "properties": {"depth_m": 4.773, "depth_ft": 15.66}}, {"type": "Feature", "geometry": {"type": "Point", "coordinates": [685819.738016359, 2529741.89317419]}, "properties": {"depth_m": 4.768, "depth_ft": 15.64}}, {"type": "Feature", "geometry": {"type": "Point", "coordinates": [690769.738016359, 2519151.89317419]}, "properties": {"depth_m": 4.759, "depth_ft": 15.61}}, {"type": "Feature", "geometry": {"type": "Point", "coordinates": [688639.738016359, 2525151.89317419]}, "properties": {"depth_m": 4.752, "depth_ft": 15.59}}, {"type": "Feature", "geometry": {"type": "Point", "coordinates": [686029.738016359, 2529591.89317419]}, "properties": {"depth_m": 4.75, "depth_ft": 15.58}}, {"type": "Feature", "geometry": {"type": "Point", "coordinates": [685399.738016359, 2530581.89317419]}, "properties": {"depth_m": 4.748, "depth_ft": 15.58}}, {"type": "Feature", "geometry": {"type": "Point", "coordinates": [685279.738016359, 2531361.89317419]}, "properties": {"depth_m": 4.739, "depth_ft": 15.55}}, {"type": "Feature", "geometry": {"type": "Point", "coordinates": [686059.738016359, 2529411.89317419]}, "properties": {"depth_m": 4.736, "depth_ft": 15.54}}, {"type": "Feature", "geometry": {"type": "Point", "coordinates": [688489.738016359, 2527341.89317419]}, "properties": {"depth_m": 4.733, "depth_ft": 15.53}}, {"type": "Feature", "geometry": {"type": "Point", "coordinates": [689599.738016359, 2523201.89317419]}, "properties": {"depth_m": 4.73, "depth_ft": 15.52}}, {"type": "Feature", "geometry": {"type": "Point", "coordinates": [689449.738016359, 2523351.89317419]}, "properties": {"depth_m": 4.721, "depth_ft": 15.49}}, {"type": "Feature", "geometry": {"type": "Point", "coordinates": [687169.738016359, 2529381.89317419]}, "properties": {"depth_m": 4.713, "depth_ft": 15.46}}, {"type": "Feature", "geometry": {"type": "Point", "coordinates": [688729.738016359, 2523171.89317419]}, "properties": {"depth_m": 4.71, "depth_ft": 15.45}}, {"type": "Feature", "geometry": {"type": "Point", "coordinates": [687949.738016359, 2528211.89317419]}, "properties": {"depth_m": 4.707, "depth_ft": 15.44}}, {"type": "Feature", "geometry": {"type": "Point", "coordinates": [690739.738016359, 2521581.89317419]}, "properties": {"depth_m": 4.702, "depth_ft": 15.43}}, {"type": "Feature", "geometry": {"type": "Point", "coordinates": [690529.738016359, 2520951.89317419]}, "properties": {"depth_m": 4.698, "depth_ft": 15.41}}, {"type": "Feature", "geometry": {"type": "Point", "coordinates": [687949.738016359, 2528331.89317419]}, "properties": {"depth_m": 4.693, "depth_ft": 15.4}}, {"type": "Feature", "geometry": {"type": "Point", "coordinates": [686539.738016359, 2529291.89317419]}, "properties": {"depth_m": 4.686, "depth_ft": 15.37}}, {"type": "Feature", "geometry": {"type": "Point", "coordinates": [685189.738016359, 2531391.89317419]}, "properties": {"depth_m": 4.682, "depth_ft": 15.36}}, {"type": "Feature", "geometry": {"type": "Point", "coordinates": [688489.738016359, 2526141.89317419]}, "properties": {"depth_m": 4.679, "depth_ft": 15.35}}, {"type": "Feature", "geometry": {"type": "Point", "coordinates": [689779.738016359, 2522691.89317419]}, "properties": {"depth_m": 4.675, "depth_ft": 15.34}}, {"type": "Feature", "geometry": {"type": "Point", "coordinates": [688399.738016359, 2528031.89317419]}, "properties": {"depth_m": 4.672, "depth_ft": 15.33}}, {"type": "Feature", "geometry": {"type": "Point", "coordinates": [690709.738016359, 2520591.89317419]}, "properties": {"depth_m": 4.662, "depth_ft": 15.29}}, {"type": "Feature", "geometry": {"type": "Point", "coordinates": [686989.738016359, 2528781.89317419]}, "properties": {"depth_m": 4.653, "depth_ft": 15.27}}, {"type": "Feature", "geometry": {"type": "Point", "coordinates": [688009.738016359, 2528511.89317419]}, "properties": {"depth_m": 4.645, "depth_ft": 15.24}}, {"type": "Feature", "geometry": {"type": "Point", "coordinates": [689059.738016359, 2524401.89317419]}, "properties": {"depth_m": 4.64, "depth_ft": 15.22}}, {"type": "Feature", "geometry": {"type": "Point", "coordinates": [688159.738016359, 2528451.89317419]}, "properties": {"depth_m": 4.637, "depth_ft": 15.21}}, {"type": "Feature", "geometry": {"type": "Point", "coordinates": [689989.738016359, 2519961.89317419]}, "properties": {"depth_m": 4.631, "depth_ft": 15.19}}, {"type": "Feature", "geometry": {"type": "Point", "coordinates": [686869.738016359, 2528751.89317419]}, "properties": {"depth_m": 4.629, "depth_ft": 15.19}}, {"type": "Feature", "geometry": {"type": "Point", "coordinates": [690619.738016359, 2520051.89317419]}, "properties": {"depth_m": 4.624, "depth_ft": 15.17}}, {"type": "Feature", "geometry": {"type": "Point", "coordinates": [689299.738016359, 2524611.89317419]}, "properties": {"depth_m": 4.612, "depth_ft": 15.13}}, {"type": "Feature", "geometry": {"type": "Point", "coordinates": [690739.738016359, 2520561.89317419]}, "properties": {"depth_m": 4.604, "depth_ft": 15.11}}, {"type": "Feature", "geometry": {"type": "Point", "coordinates": [689779.738016359, 2522751.89317419]}, "properties": {"depth_m": 4.603, "depth_ft": 15.1}}, {"type": "Feature", "geometry": {"type": "Point", "coordinates": [689779.738016359, 2522721.89317419]}, "properties": {"depth_m": 4.596, "depth_ft": 15.08}}, {"type": "Feature", "geometry": {"type": "Point", "coordinates": [688399.738016359, 2528061.89317419]}, "properties": {"depth_m": 4.591, "depth_ft": 15.06}}, {"type": "Feature", "geometry": {"type": "Point", "coordinates": [691399.738016359, 2518911.89317419]}, "properties": {"depth_m": 4.589, "depth_ft": 15.06}}, {"type": "Feature", "geometry": {"type": "Point", "coordinates": [689569.738016359, 2521551.89317419]}, "properties": {"depth_m": 4.583, "depth_ft": 15.03}}, {"type": "Feature", "geometry": {"type": "Point", "coordinates": [685639.738016359, 2530431.89317419]}, "properties": {"depth_m": 4.58, "depth_ft": 15.03}}, {"type": "Feature", "geometry": {"type": "Point", "coordinates": [688309.738016359, 2526921.89317419]}, "properties": {"depth_m": 4.571, "depth_ft": 15.0}}, {"type": "Feature", "geometry": {"type": "Point", "coordinates": [688399.738016359, 2526981.89317419]}, "properties": {"depth_m": 4.563, "depth_ft": 14.97}}, {"type": "Feature", "geometry": {"type": "Point", "coordinates": [688399.738016359, 2528211.89317419]}, "properties": {"depth_m": 4.557, "depth_ft": 14.95}}, {"type": "Feature", "geometry": {"type": "Point", "coordinates": [690169.738016359, 2520741.89317419]}, "properties": {"depth_m": 4.55, "depth_ft": 14.93}}, {"type": "Feature", "geometry": {"type": "Point", "coordinates": [688309.738016359, 2526441.89317419]}, "properties": {"depth_m": 4.546, "depth_ft": 14.91}}, {"type": "Feature", "geometry": {"type": "Point", "coordinates": [689299.738016359, 2524161.89317419]}, "properties": {"depth_m": 4.542, "depth_ft": 14.9}}, {"type": "Feature", "geometry": {"type": "Point", "coordinates": [690949.738016359, 2519481.89317419]}, "properties": {"depth_m": 4.536, "depth_ft": 14.88}}, {"type": "Feature", "geometry": {"type": "Point", "coordinates": [688729.738016359, 2523291.89317419]}, "properties": {"depth_m": 4.532, "depth_ft": 14.87}}, {"type": "Feature", "geometry": {"type": "Point", "coordinates": [687289.738016359, 2529261.89317419]}, "properties": {"depth_m": 4.53, "depth_ft": 14.86}}, {"type": "Feature", "geometry": {"type": "Point", "coordinates": [689839.738016359, 2522661.89317419]}, "properties": {"depth_m": 4.524, "depth_ft": 14.84}}, {"type": "Feature", "geometry": {"type": "Point", "coordinates": [685969.738016359, 2529441.89317419]}, "properties": {"depth_m": 4.521, "depth_ft": 14.83}}, {"type": "Feature", "geometry": {"type": "Point", "coordinates": [690469.738016359, 2521461.89317419]}, "properties": {"depth_m": 4.518, "depth_ft": 14.82}}, {"type": "Feature", "geometry": {"type": "Point", "coordinates": [690169.738016359, 2520471.89317419]}, "properties": {"depth_m": 4.51, "depth_ft": 14.8}}, {"type": "Feature", "geometry": {"type": "Point", "coordinates": [690019.738016359, 2522691.89317419]}, "properties": {"depth_m": 4.508, "depth_ft": 14.79}}, {"type": "Feature", "geometry": {"type": "Point", "coordinates": [686539.738016359, 2529261.89317419]}, "properties": {"depth_m": 4.498, "depth_ft": 14.76}}, {"type": "Feature", "geometry": {"type": "Point", "coordinates": [691129.738016359, 2519871.89317419]}, "properties": {"depth_m": 4.496, "depth_ft": 14.75}}, {"type": "Feature", "geometry": {"type": "Point", "coordinates": [689869.738016359, 2522721.89317419]}, "properties": {"depth_m": 4.493, "depth_ft": 14.74}}, {"type": "Feature", "geometry": {"type": "Point", "coordinates": [690529.738016359, 2520981.89317419]}, "properties": {"depth_m": 4.49, "depth_ft": 14.73}}, {"type": "Feature", "geometry": {"type": "Point", "coordinates": [690109.738016359, 2522181.89317419]}, "properties": {"depth_m": 4.484, "depth_ft": 14.71}}, {"type": "Feature", "geometry": {"type": "Point", "coordinates": [685249.738016359, 2531451.89317419]}, "properties": {"depth_m": 4.479, "depth_ft": 14.69}}, {"type": "Feature", "geometry": {"type": "Point", "coordinates": [686329.738016359, 2529021.89317419]}, "properties": {"depth_m": 4.474, "depth_ft": 14.68}}, {"type": "Feature", "geometry": {"type": "Point", "coordinates": [689419.738016359, 2523411.89317419]}, "properties": {"depth_m": 4.471, "depth_ft": 14.67}}, {"type": "Feature", "geometry": {"type": "Point", "coordinates": [687799.738016359, 2528451.89317419]}, "properties": {"depth_m": 4.463, "depth_ft": 14.64}}, {"type": "Feature", "geometry": {"type": "Point", "coordinates": [689509.738016359, 2523261.89317419]}, "properties": {"depth_m": 4.46, "depth_ft": 14.63}}, {"type": "Feature", "geometry": {"type": "Point", "coordinates": [689239.738016359, 2522181.89317419]}, "properties": {"depth_m": 4.453, "depth_ft": 14.61}}, {"type": "Feature", "geometry": {"type": "Point", "coordinates": [691159.738016359, 2518611.89317419]}, "properties": {"depth_m": 4.448, "depth_ft": 14.59}}, {"type": "Feature", "geometry": {"type": "Point", "coordinates": [689539.738016359, 2523681.89317419]}, "properties": {"depth_m": 4.444, "depth_ft": 14.58}}, {"type": "Feature", "geometry": {"type": "Point", "coordinates": [689989.738016359, 2519991.89317419]}, "properties": {"depth_m": 4.441, "depth_ft": 14.57}}, {"type": "Feature", "geometry": {"type": "Point", "coordinates": [687529.738016359, 2527311.89317419]}, "properties": {"depth_m": 4.438, "depth_ft": 14.56}}, {"type": "Feature", "geometry": {"type": "Point", "coordinates": [690409.738016359, 2519631.89317419]}, "properties": {"depth_m": 4.433, "depth_ft": 14.55}}, {"type": "Feature", "geometry": {"type": "Point", "coordinates": [688429.738016359, 2526291.89317419]}, "properties": {"depth_m": 4.429, "depth_ft": 14.53}}, {"type": "Feature", "geometry": {"type": "Point", "coordinates": [686779.738016359, 2529711.89317419]}, "properties": {"depth_m": 4.423, "depth_ft": 14.51}}, {"type": "Feature", "geometry": {"type": "Point", "coordinates": [688279.738016359, 2528301.89317419]}, "properties": {"depth_m": 4.419, "depth_ft": 14.5}}, {"type": "Feature", "geometry": {"type": "Point", "coordinates": [689419.738016359, 2523441.89317419]}, "properties": {"depth_m": 4.412, "depth_ft": 14.48}}, {"type": "Feature", "geometry": {"type": "Point", "coordinates": [688549.738016359, 2527431.89317419]}, "properties": {"depth_m": 4.408, "depth_ft": 14.46}}, {"type": "Feature", "geometry": {"type": "Point", "coordinates": [687469.738016359, 2529111.89317419]}, "properties": {"depth_m": 4.396, "depth_ft": 14.42}}, {"type": "Feature", "geometry": {"type": "Point", "coordinates": [690709.738016359, 2519271.89317419]}, "properties": {"depth_m": 4.39, "depth_ft": 14.4}}, {"type": "Feature", "geometry": {"type": "Point", "coordinates": [689989.738016359, 2522691.89317419]}, "properties": {"depth_m": 4.389, "depth_ft": 14.4}}, {"type": "Feature", "geometry": {"type": "Point", "coordinates": [689659.738016359, 2523021.89317419]}, "properties": {"depth_m": 4.381, "depth_ft": 14.37}}, {"type": "Feature", "geometry": {"type": "Point", "coordinates": [689869.738016359, 2522691.89317419]}, "properties": {"depth_m": 4.374, "depth_ft": 14.35}}, {"type": "Feature", "geometry": {"type": "Point", "coordinates": [691099.738016359, 2518641.89317419]}, "properties": {"depth_m": 4.367, "depth_ft": 14.33}}, {"type": "Feature", "geometry": {"type": "Point", "coordinates": [688699.738016359, 2523561.89317419]}, "properties": {"depth_m": 4.361, "depth_ft": 14.31}}, {"type": "Feature", "geometry": {"type": "Point", "coordinates": [690439.738016359, 2521701.89317419]}, "properties": {"depth_m": 4.358, "depth_ft": 14.3}}, {"type": "Feature", "geometry": {"type": "Point", "coordinates": [685399.738016359, 2530641.89317419]}, "properties": {"depth_m": 4.355, "depth_ft": 14.29}}, {"type": "Feature", "geometry": {"type": "Point", "coordinates": [690559.738016359, 2519481.89317419]}, "properties": {"depth_m": 4.351, "depth_ft": 14.27}}, {"type": "Feature", "geometry": {"type": "Point", "coordinates": [689029.738016359, 2525541.89317419]}, "properties": {"depth_m": 4.343, "depth_ft": 14.25}}, {"type": "Feature", "geometry": {"type": "Point", "coordinates": [686299.738016359, 2528991.89317419]}, "properties": {"depth_m": 4.335, "depth_ft": 14.22}}, {"type": "Feature", "geometry": {"type": "Point", "coordinates": [689239.738016359, 2523831.89317419]}, "properties": {"depth_m": 4.328, "depth_ft": 14.2}}, {"type": "Feature", "geometry": {"type": "Point", "coordinates": [688339.738016359, 2526381.89317419]}, "properties": {"depth_m": 4.325, "depth_ft": 14.19}}, {"type": "Feature", "geometry": {"type": "Point", "coordinates": [689359.738016359, 2522481.89317419]}, "properties": {"depth_m": 4.321, "depth_ft": 14.18}}, {"type": "Feature", "geometry": {"type": "Point", "coordinates": [686029.738016359, 2530761.89317419]}, "properties": {"depth_m": 4.315, "depth_ft": 14.16}}, {"type": "Feature", "geometry": {"type": "Point", "coordinates": [688669.738016359, 2525001.89317419]}, "properties": {"depth_m": 4.309, "depth_ft": 14.14}}, {"type": "Feature", "geometry": {"type": "Point", "coordinates": [688279.738016359, 2526501.89317419]}, "properties": {"depth_m": 4.298, "depth_ft": 14.1}}, {"type": "Feature", "geometry": {"type": "Point", "coordinates": [690409.738016359, 2521251.89317419]}, "properties": {"depth_m": 4.295, "depth_ft": 14.09}}, {"type": "Feature", "geometry": {"type": "Point", "coordinates": [688459.738016359, 2528331.89317419]}, "properties": {"depth_m": 4.281, "depth_ft": 14.05}}, {"type": "Feature", "geometry": {"type": "Point", "coordinates": [690469.738016359, 2521491.89317419]}, "properties": {"depth_m": 4.277, "depth_ft": 14.03}}, {"type": "Feature", "geometry": {"type": "Point", "coordinates": [690919.738016359, 2520141.89317419]}, "properties": {"depth_m": 4.267, "depth_ft": 14.0}}, {"type": "Feature", "geometry": {"type": "Point", "coordinates": [688759.738016359, 2523591.89317419]}, "properties": {"depth_m": 4.264, "depth_ft": 13.99}}, {"type": "Feature", "geometry": {"type": "Point", "coordinates": [689569.738016359, 2521641.89317419]}, "properties": {"depth_m": 4.259, "depth_ft": 13.97}}, {"type": "Feature", "geometry": {"type": "Point", "coordinates": [690349.738016359, 2521761.89317419]}, "properties": {"depth_m": 4.253, "depth_ft": 13.95}}, {"type": "Feature", "geometry": {"type": "Point", "coordinates": [689449.738016359, 2523651.89317419]}, "properties": {"depth_m": 4.245, "depth_ft": 13.93}}, {"type": "Feature", "geometry": {"type": "Point", "coordinates": [690319.738016359, 2522271.89317419]}, "properties": {"depth_m": 4.241, "depth_ft": 13.92}}, {"type": "Feature", "geometry": {"type": "Point", "coordinates": [689419.738016359, 2523381.89317419]}, "properties": {"depth_m": 4.237, "depth_ft": 13.9}}, {"type": "Feature", "geometry": {"type": "Point", "coordinates": [690289.738016359, 2520081.89317419]}, "properties": {"depth_m": 4.233, "depth_ft": 13.89}}, {"type": "Feature", "geometry": {"type": "Point", "coordinates": [689359.738016359, 2524521.89317419]}, "properties": {"depth_m": 4.232, "depth_ft": 13.88}}, {"type": "Feature", "geometry": {"type": "Point", "coordinates": [685069.738016359, 2531601.89317419]}, "properties": {"depth_m": 4.226, "depth_ft": 13.87}}, {"type": "Feature", "geometry": {"type": "Point", "coordinates": [688339.738016359, 2528331.89317419]}, "properties": {"depth_m": 4.223, "depth_ft": 13.85}}, {"type": "Feature", "geometry": {"type": "Point", "coordinates": [689329.738016359, 2524581.89317419]}, "properties": {"depth_m": 4.217, "depth_ft": 13.83}}, {"type": "Feature", "geometry": {"type": "Point", "coordinates": [689569.738016359, 2521491.89317419]}, "properties": {"depth_m": 4.212, "depth_ft": 13.82}}, {"type": "Feature", "geometry": {"type": "Point", "coordinates": [689719.738016359, 2523171.89317419]}, "properties": {"depth_m": 4.208, "depth_ft": 13.81}}, {"type": "Feature", "geometry": {"type": "Point", "coordinates": [689629.738016359, 2523171.89317419]}, "properties": {"depth_m": 4.204, "depth_ft": 13.79}}, {"type": "Feature", "geometry": {"type": "Point", "coordinates": [689689.738016359, 2523141.89317419]}, "properties": {"depth_m": 4.203, "depth_ft": 13.79}}, {"type": "Feature", "geometry": {"type": "Point", "coordinates": [689029.738016359, 2525511.89317419]}, "properties": {"depth_m": 4.192, "depth_ft": 13.75}}, {"type": "Feature", "geometry": {"type": "Point", "coordinates": [686479.738016359, 2529381.89317419]}, "properties": {"depth_m": 4.19, "depth_ft": 13.75}}, {"type": "Feature", "geometry": {"type": "Point", "coordinates": [690019.738016359, 2522751.89317419]}, "properties": {"depth_m": 4.182, "depth_ft": 13.72}}, {"type": "Feature", "geometry": {"type": "Point", "coordinates": [689869.738016359, 2522571.89317419]}, "properties": {"depth_m": 4.178, "depth_ft": 13.71}}, {"type": "Feature", "geometry": {"type": "Point", "coordinates": [691639.738016359, 2518851.89317419]}, "properties": {"depth_m": 4.173, "depth_ft": 13.69}}, {"type": "Feature", "geometry": {"type": "Point", "coordinates": [688699.738016359, 2524911.89317419]}, "properties": {"depth_m": 4.169, "depth_ft": 13.68}}, {"type": "Feature", "geometry": {"type": "Point", "coordinates": [689359.738016359, 2523561.89317419]}, "properties": {"depth_m": 4.164, "depth_ft": 13.66}}, {"type": "Feature", "geometry": {"type": "Point", "coordinates": [690799.738016359, 2519781.89317419]}, "properties": {"depth_m": 4.163, "depth_ft": 13.66}}, {"type": "Feature", "geometry": {"type": "Point", "coordinates": [690649.738016359, 2521611.89317419]}, "properties": {"depth_m": 4.16, "depth_ft": 13.65}}, {"type": "Feature", "geometry": {"type": "Point", "coordinates": [689839.738016359, 2522001.89317419]}, "properties": {"depth_m": 4.157, "depth_ft": 13.64}}, {"type": "Feature", "geometry": {"type": "Point", "coordinates": [689119.738016359, 2525151.89317419]}, "properties": {"depth_m": 4.152, "depth_ft": 13.62}}, {"type": "Feature", "geometry": {"type": "Point", "coordinates": [690739.738016359, 2521371.89317419]}, "properties": {"depth_m": 4.15, "depth_ft": 13.62}}, {"type": "Feature", "geometry": {"type": "Point", "coordinates": [690199.738016359, 2520321.89317419]}, "properties": {"depth_m": 4.145, "depth_ft": 13.6}}, {"type": "Feature", "geometry": {"type": "Point", "coordinates": [685909.738016359, 2529801.89317419]}, "properties": {"depth_m": 4.14, "depth_ft": 13.58}}, {"type": "Feature", "geometry": {"type": "Point", "coordinates": [690349.738016359, 2521671.89317419]}, "properties": {"depth_m": 4.139, "depth_ft": 13.58}}, {"type": "Feature", "geometry": {"type": "Point", "coordinates": [690499.738016359, 2520651.89317419]}, "properties": {"depth_m": 4.135, "depth_ft": 13.57}}, {"type": "Feature", "geometry": {"type": "Point", "coordinates": [685429.738016359, 2530491.89317419]}, "properties": {"depth_m": 4.13, "depth_ft": 13.55}}, {"type": "Feature", "geometry": {"type": "Point", "coordinates": [688579.738016359, 2525661.89317419]}, "properties": {"depth_m": 4.126, "depth_ft": 13.54}}, {"type": "Feature", "geometry": {"type": "Point", "coordinates": [685909.738016359, 2529501.89317419]}, "properties": {"depth_m": 4.125, "depth_ft": 13.53}}, {"type": "Feature", "geometry": {"type": "Point", "coordinates": [689629.738016359, 2522271.89317419]}, "properties": {"depth_m": 4.122, "depth_ft": 13.52}}, {"type": "Feature", "geometry": {"type": "Point", "coordinates": [687259.738016359, 2528661.89317419]}, "properties": {"depth_m": 4.119, "depth_ft": 13.51}}, {"type": "Feature", "geometry": {"type": "Point", "coordinates": [690649.738016359, 2521311.89317419]}, "properties": {"depth_m": 4.116, "depth_ft": 13.5}}, {"type": "Feature", "geometry": {"type": "Point", "coordinates": [689479.738016359, 2523321.89317419]}, "properties": {"depth_m": 4.115, "depth_ft": 13.5}}, {"type": "Feature", "geometry": {"type": "Point", "coordinates": [686209.738016359, 2529141.89317419]}, "properties": {"depth_m": 4.112, "depth_ft": 13.49}}, {"type": "Feature", "geometry": {"type": "Point", "coordinates": [685699.738016359, 2529981.89317419]}, "properties": {"depth_m": 4.107, "depth_ft": 13.48}}, {"type": "Feature", "geometry": {"type": "Point", "coordinates": [690379.738016359, 2521671.89317419]}, "properties": {"depth_m": 4.103, "depth_ft": 13.46}}, {"type": "Feature", "geometry": {"type": "Point", "coordinates": [690529.738016359, 2521641.89317419]}, "properties": {"depth_m": 4.098, "depth_ft": 13.45}}, {"type": "Feature", "geometry": {"type": "Point", "coordinates": [690499.738016359, 2520681.89317419]}, "properties": {"depth_m": 4.094, "depth_ft": 13.43}}, {"type": "Feature", "geometry": {"type": "Point", "coordinates": [685639.738016359, 2530401.89317419]}, "properties": {"depth_m": 4.083, "depth_ft": 13.39}}, {"type": "Feature", "geometry": {"type": "Point", "coordinates": [690709.738016359, 2520711.89317419]}, "properties": {"depth_m": 4.079, "depth_ft": 13.38}}, {"type": "Feature", "geometry": {"type": "Point", "coordinates": [689419.738016359, 2523561.89317419]}, "properties": {"depth_m": 4.074, "depth_ft": 13.37}}, {"type": "Feature", "geometry": {"type": "Point", "coordinates": [687019.738016359, 2529561.89317419]}, "properties": {"depth_m": 4.068, "depth_ft": 13.35}}, {"type": "Feature", "geometry": {"type": "Point", "coordinates": [689359.738016359, 2524251.89317419]}, "properties": {"depth_m": 4.064, "depth_ft": 13.33}}, {"type": "Feature", "geometry": {"type": "Point", "coordinates": [688879.738016359, 2523921.89317419]}, "properties": {"depth_m": 4.058, "depth_ft": 13.31}}, {"type": "Feature", "geometry": {"type": "Point", "coordinates": [689479.738016359, 2523801.89317419]}, "properties": {"depth_m": 4.055, "depth_ft": 13.3}}, {"type": "Feature", "geometry": {"type": "Point", "coordinates": [685429.738016359, 2530581.89317419]}, "properties": {"depth_m": 4.054, "depth_ft": 13.3}}, {"type": "Feature", "geometry": {"type": "Point", "coordinates": [688609.738016359, 2523441.89317419]}, "properties": {"depth_m": 4.049, "depth_ft": 13.28}}, {"type": "Feature", "geometry": {"type": "Point", "coordinates": [686599.738016359, 2529171.89317419]}, "properties": {"depth_m": 4.041, "depth_ft": 13.26}}, {"type": "Feature", "geometry": {"type": "Point", "coordinates": [690439.738016359, 2521041.89317419]}, "properties": {"depth_m": 4.035, "depth_ft": 13.24}}, {"type": "Feature", "geometry": {"type": "Point", "coordinates": [685759.738016359, 2530251.89317419]}, "properties": {"depth_m": 4.032, "depth_ft": 13.23}}, {"type": "Feature", "geometry": {"type": "Point", "coordinates": [689929.738016359, 2522871.89317419]}, "properties": {"depth_m": 4.029, "depth_ft": 13.22}}, {"type": "Feature", "geometry": {"type": "Point", "coordinates": [688969.738016359, 2525751.89317419]}, "properties": {"depth_m": 4.027, "depth_ft": 13.21}}, {"type": "Feature", "geometry": {"type": "Point", "coordinates": [689509.738016359, 2523741.89317419]}, "properties": {"depth_m": 4.019, "depth_ft": 13.19}}, {"type": "Feature", "geometry": {"type": "Point", "coordinates": [689329.738016359, 2522361.89317419]}, "properties": {"depth_m": 4.011, "depth_ft": 13.16}}, {"type": "Feature", "geometry": {"type": "Point", "coordinates": [689359.738016359, 2524221.89317419]}, "properties": {"depth_m": 4.001, "depth_ft": 13.13}}, {"type": "Feature", "geometry": {"type": "Point", "coordinates": [689599.738016359, 2523591.89317419]}, "properties": {"depth_m": 3.993, "depth_ft": 13.1}}, {"type": "Feature", "geometry": {"type": "Point", "coordinates": [686359.738016359, 2528991.89317419]}, "properties": {"depth_m": 3.991, "depth_ft": 13.09}}, {"type": "Feature", "geometry": {"type": "Point", "coordinates": [689539.738016359, 2523531.89317419]}, "properties": {"depth_m": 3.985, "depth_ft": 13.07}}, {"type": "Feature", "geometry": {"type": "Point", "coordinates": [691549.738016359, 2518881.89317419]}, "properties": {"depth_m": 3.978, "depth_ft": 13.05}}, {"type": "Feature", "geometry": {"type": "Point", "coordinates": [689239.738016359, 2522271.89317419]}, "properties": {"depth_m": 3.974, "depth_ft": 13.04}}, {"type": "Feature", "geometry": {"type": "Point", "coordinates": [688969.738016359, 2524101.89317419]}, "properties": {"depth_m": 3.97, "depth_ft": 13.03}}, {"type": "Feature", "geometry": {"type": "Point", "coordinates": [688909.738016359, 2526051.89317419]}, "properties": {"depth_m": 3.966, "depth_ft": 13.01}}, {"type": "Feature", "geometry": {"type": "Point", "coordinates": [689539.738016359, 2522301.89317419]}, "properties": {"depth_m": 3.961, "depth_ft": 12.99}}, {"type": "Feature", "geometry": {"type": "Point", "coordinates": [689629.738016359, 2521311.89317419]}, "properties": {"depth_m": 3.955, "depth_ft": 12.97}}, {"type": "Feature", "geometry": {"type": "Point", "coordinates": [685459.738016359, 2530491.89317419]}, "properties": {"depth_m": 3.95, "depth_ft": 12.96}}, {"type": "Feature", "geometry": {"type": "Point", "coordinates": [689239.738016359, 2523801.89317419]}, "properties": {"depth_m": 3.945, "depth_ft": 12.94}}, {"type": "Feature", "geometry": {"type": "Point", "coordinates": [688009.738016359, 2527941.89317419]}, "properties": {"depth_m": 3.941, "depth_ft": 12.93}}, {"type": "Feature", "geometry": {"type": "Point", "coordinates": [688069.738016359, 2526681.89317419]}, "properties": {"depth_m": 3.938, "depth_ft": 12.92}}, {"type": "Feature", "geometry": {"type": "Point", "coordinates": [686479.738016359, 2530071.89317419]}, "properties": {"depth_m": 3.932, "depth_ft": 12.9}}, {"type": "Feature", "geometry": {"type": "Point", "coordinates": [689449.738016359, 2521821.89317419]}, "properties": {"depth_m": 3.926, "depth_ft": 12.88}}, {"type": "Feature", "geometry": {"type": "Point", "coordinates": [690739.738016359, 2520741.89317419]}, "properties": {"depth_m": 3.921, "depth_ft": 12.86}}, {"type": "Feature", "geometry": {"type": "Point", "coordinates": [690499.738016359, 2521551.89317419]}, "properties": {"depth_m": 3.911, "depth_ft": 12.83}}, {"type": "Feature", "geometry": {"type": "Point", "coordinates": [690349.738016359, 2521641.89317419]}, "properties": {"depth_m": 3.905, "depth_ft": 12.81}}, {"type": "Feature", "geometry": {"type": "Point", "coordinates": [686839.738016359, 2528751.89317419]}, "properties": {"depth_m": 3.9, "depth_ft": 12.8}}, {"type": "Feature", "geometry": {"type": "Point", "coordinates": [685609.738016359, 2530371.89317419]}, "properties": {"depth_m": 3.899, "depth_ft": 12.79}}, {"type": "Feature", "geometry": {"type": "Point", "coordinates": [689449.738016359, 2523771.89317419]}, "properties": {"depth_m": 3.895, "depth_ft": 12.78}}, {"type": "Feature", "geometry": {"type": "Point", "coordinates": [690649.738016359, 2520831.89317419]}, "properties": {"depth_m": 3.891, "depth_ft": 12.76}}, {"type": "Feature", "geometry": {"type": "Point", "coordinates": [690949.738016359, 2518881.89317419]}, "properties": {"depth_m": 3.887, "depth_ft": 12.75}}, {"type": "Feature", "geometry": {"type": "Point", "coordinates": [687589.738016359, 2527251.89317419]}, "properties": {"depth_m": 3.881, "depth_ft": 12.73}}, {"type": "Feature", "geometry": {"type": "Point", "coordinates": [688519.738016359, 2527521.89317419]}, "properties": {"depth_m": 3.874, "depth_ft": 12.71}}, {"type": "Feature", "geometry": {"type": "Point", "coordinates": [685879.738016359, 2530041.89317419]}, "properties": {"depth_m": 3.87, "depth_ft": 12.7}}, {"type": "Feature", "geometry": {"type": "Point", "coordinates": [686329.738016359, 2528961.89317419]}, "properties": {"depth_m": 3.863, "depth_ft": 12.67}}, {"type": "Feature", "geometry": {"type": "Point", "coordinates": [685639.738016359, 2530371.89317419]}, "properties": {"depth_m": 3.858, "depth_ft": 12.66}}, {"type": "Feature", "geometry": {"type": "Point", "coordinates": [690349.738016359, 2521581.89317419]}, "properties": {"depth_m": 3.852, "depth_ft": 12.64}}, {"type": "Feature", "geometry": {"type": "Point", "coordinates": [687829.738016359, 2528271.89317419]}, "properties": {"depth_m": 3.85, "depth_ft": 12.63}}, {"type": "Feature", "geometry": {"type": "Point", "coordinates": [688249.738016359, 2526501.89317419]}, "properties": {"depth_m": 3.844, "depth_ft": 12.61}}, {"type": "Feature", "geometry": {"type": "Point", "coordinates": [689359.738016359, 2523621.89317419]}, "properties": {"depth_m": 3.84, "depth_ft": 12.6}}, {"type": "Feature", "geometry": {"type": "Point", "coordinates": [690829.738016359, 2520471.89317419]}, "properties": {"depth_m": 3.837, "depth_ft": 12.59}}, {"type": "Feature", "geometry": {"type": "Point", "coordinates": [691729.738016359, 2518881.89317419]}, "properties": {"depth_m": 3.836, "depth_ft": 12.58}}, {"type": "Feature", "geometry": {"type": "Point", "coordinates": [685429.738016359, 2530611.89317419]}, "properties": {"depth_m": 3.828, "depth_ft": 12.56}}, {"type": "Feature", "geometry": {"type": "Point", "coordinates": [690049.738016359, 2519901.89317419]}, "properties": {"depth_m": 3.823, "depth_ft": 12.54}}, {"type": "Feature", "geometry": {"type": "Point", "coordinates": [689869.738016359, 2522631.89317419]}, "properties": {"depth_m": 3.821, "depth_ft": 12.54}}, {"type": "Feature", "geometry": {"type": "Point", "coordinates": [689299.738016359, 2523831.89317419]}, "properties": {"depth_m": 3.818, "depth_ft": 12.53}}, {"type": "Feature", "geometry": {"type": "Point", "coordinates": [687559.738016359, 2527281.89317419]}, "properties": {"depth_m": 3.813, "depth_ft": 12.51}}, {"type": "Feature", "geometry": {"type": "Point", "coordinates": [688639.738016359, 2523381.89317419]}, "properties": {"depth_m": 3.811, "depth_ft": 12.5}}, {"type": "Feature", "geometry": {"type": "Point", "coordinates": [686959.738016359, 2528751.89317419]}, "properties": {"depth_m": 3.809, "depth_ft": 12.5}}, {"type": "Feature", "geometry": {"type": "Point", "coordinates": [685429.738016359, 2531241.89317419]}, "properties": {"depth_m": 3.802, "depth_ft": 12.47}}, {"type": "Feature", "geometry": {"type": "Point", "coordinates": [690169.738016359, 2520291.89317419]}, "properties": {"depth_m": 3.792, "depth_ft": 12.44}}, {"type": "Feature", "geometry": {"type": "Point", "coordinates": [690259.738016359, 2519871.89317419]}, "properties": {"depth_m": 3.788, "depth_ft": 12.43}}, {"type": "Feature", "geometry": {"type": "Point", "coordinates": [690139.738016359, 2520621.89317419]}, "properties": {"depth_m": 3.784, "depth_ft": 12.41}}, {"type": "Feature", "geometry": {"type": "Point", "coordinates": [690169.738016359, 2520321.89317419]}, "properties": {"depth_m": 3.778, "depth_ft": 12.39}}, {"type": "Feature", "geometry": {"type": "Point", "coordinates": [690949.738016359, 2520411.89317419]}, "properties": {"depth_m": 3.774, "depth_ft": 12.38}}, {"type": "Feature", "geometry": {"type": "Point", "coordinates": [686599.738016359, 2529921.89317419]}, "properties": {"depth_m": 3.77, "depth_ft": 12.37}}, {"type": "Feature", "geometry": {"type": "Point", "coordinates": [685819.738016359, 2529591.89317419]}, "properties": {"depth_m": 3.769, "depth_ft": 12.37}}, {"type": "Feature", "geometry": {"type": "Point", "coordinates": [686239.738016359, 2530521.89317419]}, "properties": {"depth_m": 3.768, "depth_ft": 12.36}}, {"type": "Feature", "geometry": {"type": "Point", "coordinates": [688969.738016359, 2525331.89317419]}, "properties": {"depth_m": 3.76, "depth_ft": 12.34}}, {"type": "Feature", "geometry": {"type": "Point", "coordinates": [686959.738016359, 2529621.89317419]}, "properties": {"depth_m": 3.757, "depth_ft": 12.33}}, {"type": "Feature", "geometry": {"type": "Point", "coordinates": [687949.738016359, 2528301.89317419]}, "properties": {"depth_m": 3.756, "depth_ft": 12.32}}, {"type": "Feature", "geometry": {"type": "Point", "coordinates": [690409.738016359, 2521761.89317419]}, "properties": {"depth_m": 3.753, "depth_ft": 12.31}}, {"type": "Feature", "geometry": {"type": "Point", "coordinates": [686209.738016359, 2530551.89317419]}, "properties": {"depth_m": 3.747, "depth_ft": 12.29}}, {"type": "Feature", "geometry": {"type": "Point", "coordinates": [690409.738016359, 2521701.89317419]}, "properties": {"depth_m": 3.745, "depth_ft": 12.29}}, {"type": "Feature", "geometry": {"type": "Point", "coordinates": [690289.738016359, 2522271.89317419]}, "properties": {"depth_m": 3.743, "depth_ft": 12.28}}, {"type": "Feature", "geometry": {"type": "Point", "coordinates": [688189.738016359, 2528421.89317419]}, "properties": {"depth_m": 3.735, "depth_ft": 12.25}}, {"type": "Feature", "geometry": {"type": "Point", "coordinates": [685639.738016359, 2531181.89317419]}, "properties": {"depth_m": 3.727, "depth_ft": 12.23}}, {"type": "Feature", "geometry": {"type": "Point", "coordinates": [690709.738016359, 2521671.89317419]}, "properties": {"depth_m": 3.717, "depth_ft": 12.2}}, {"type": "Feature", "geometry": {"type": "Point", "coordinates": [687889.738016359, 2528751.89317419]}, "properties": {"depth_m": 3.708, "depth_ft": 12.16}}, {"type": "Feature", "geometry": {"type": "Point", "coordinates": [687979.738016359, 2528211.89317419]}, "properties": {"depth_m": 3.701, "depth_ft": 12.14}}, {"type": "Feature", "geometry": {"type": "Point", "coordinates": [688519.738016359, 2527611.89317419]}, "properties": {"depth_m": 3.697, "depth_ft": 12.13}}, {"type": "Feature", "geometry": {"type": "Point", "coordinates": [689119.738016359, 2525241.89317419]}, "properties": {"depth_m": 3.692, "depth_ft": 12.11}}, {"type": "Feature", "geometry": {"type": "Point", "coordinates": [690649.738016359, 2519331.89317419]}, "properties": {"depth_m": 3.689, "depth_ft": 12.1}}, {"type": "Feature", "geometry": {"type": "Point", "coordinates": [690679.738016359, 2519301.89317419]}, "properties": {"depth_m": 3.686, "depth_ft": 12.09}}, {"type": "Feature", "geometry": {"type": "Point", "coordinates": [685669.738016359, 2530371.89317419]}, "properties": {"depth_m": 3.683, "depth_ft": 12.08}}, {"type": "Feature", "geometry": {"type": "Point", "coordinates": [689329.738016359, 2524671.89317419]}, "properties": {"depth_m": 3.679, "depth_ft": 12.07}}, {"type": "Feature", "geometry": {"type": "Point", "coordinates": [685399.738016359, 2530611.89317419]}, "properties": {"depth_m": 3.671, "depth_ft": 12.04}}, {"type": "Feature", "geometry": {"type": "Point", "coordinates": [685579.738016359, 2530371.89317419]}, "properties": {"depth_m": 3.668, "depth_ft": 12.04}}, {"type": "Feature", "geometry": {"type": "Point", "coordinates": [690409.738016359, 2521131.89317419]}, "properties": {"depth_m": 3.663, "depth_ft": 12.02}}, {"type": "Feature", "geometry": {"type": "Point", "coordinates": [688909.738016359, 2524071.89317419]}, "properties": {"depth_m": 3.658, "depth_ft": 12.0}}, {"type": "Feature", "geometry": {"type": "Point", "coordinates": [689359.738016359, 2524161.89317419]}, "properties": {"depth_m": 3.652, "depth_ft": 11.98}}, {"type": "Feature", "geometry": {"type": "Point", "coordinates": [685669.738016359, 2531181.89317419]}, "properties": {"depth_m": 3.646, "depth_ft": 11.96}}, {"type": "Feature", "geometry": {"type": "Point", "coordinates": [688729.738016359, 2523321.89317419]}, "properties": {"depth_m": 3.643, "depth_ft": 11.95}}, {"type": "Feature", "geometry": {"type": "Point", "coordinates": [686209.738016359, 2529111.89317419]}, "properties": {"depth_m": 3.639, "depth_ft": 11.94}}, {"type": "Feature", "geometry": {"type": "Point", "coordinates": [690889.738016359, 2520291.89317419]}, "properties": {"depth_m": 3.637, "depth_ft": 11.93}}, {"type": "Feature", "geometry": {"type": "Point", "coordinates": [685519.738016359, 2530221.89317419]}, "properties": {"depth_m": 3.633, "depth_ft": 11.92}}, {"type": "Feature", "geometry": {"type": "Point", "coordinates": [689659.738016359, 2523201.89317419]}, "properties": {"depth_m": 3.626, "depth_ft": 11.9}}, {"type": "Feature", "geometry": {"type": "Point", "coordinates": [689389.738016359, 2524131.89317419]}, "properties": {"depth_m": 3.621, "depth_ft": 11.88}}, {"type": "Feature", "geometry": {"type": "Point", "coordinates": [690019.738016359, 2522661.89317419]}, "properties": {"depth_m": 3.62, "depth_ft": 11.88}}, {"type": "Feature", "geometry": {"type": "Point", "coordinates": [688039.738016359, 2528241.89317419]}, "properties": {"depth_m": 3.617, "depth_ft": 11.87}}, {"type": "Feature", "geometry": {"type": "Point", "coordinates": [690079.738016359, 2522721.89317419]}, "properties": {"depth_m": 3.614, "depth_ft": 11.86}}, {"type": "Feature", "geometry": {"type": "Point", "coordinates": [689689.738016359, 2521251.89317419]}, "properties": {"depth_m": 3.612, "depth_ft": 11.85}}, {"type": "Feature", "geometry": {"type": "Point", "coordinates": [688729.738016359, 2526411.89317419]}, "properties": {"depth_m": 3.604, "depth_ft": 11.82}}, {"type": "Feature", "geometry": {"type": "Point", "coordinates": [689539.738016359, 2523471.89317419]}, "properties": {"depth_m": 3.599, "depth_ft": 11.81}}, {"type": "Feature", "geometry": {"type": "Point", "coordinates": [688699.738016359, 2526501.89317419]}, "properties": {"depth_m": 3.593, "depth_ft": 11.79}}, {"type": "Feature", "geometry": {"type": "Point", "coordinates": [690529.738016359, 2522061.89317419]}, "properties": {"depth_m": 3.59, "depth_ft": 11.78}}, {"type": "Feature", "geometry": {"type": "Point", "coordinates": [685849.738016359, 2531001.89317419]}, "properties": {"depth_m": 3.585, "depth_ft": 11.76}}, {"type": "Feature", "geometry": {"type": "Point", "coordinates": [690409.738016359, 2521461.89317419]}, "properties": {"depth_m": 3.579, "depth_ft": 11.74}}, {"type": "Feature", "geometry": {"type": "Point", "coordinates": [686839.738016359, 2528841.89317419]}, "properties": {"depth_m": 3.573, "depth_ft": 11.72}}, {"type": "Feature", "geometry": {"type": "Point", "coordinates": [691489.738016359, 2518911.89317419]}, "properties": {"depth_m": 3.569, "depth_ft": 11.71}}, {"type": "Feature", "geometry": {"type": "Point", "coordinates": [690829.738016359, 2519061.89317419]}, "properties": {"depth_m": 3.565, "depth_ft": 11.7}}, {"type": "Feature", "geometry": {"type": "Point", "coordinates": [687679.738016359, 2527101.89317419]}, "properties": {"depth_m": 3.562, "depth_ft": 11.69}}, {"type": "Feature", "geometry": {"type": "Point", "coordinates": [685879.738016359, 2530911.89317419]}, "properties": {"depth_m": 3.56, "depth_ft": 11.68}}, {"type": "Feature", "geometry": {"type": "Point", "coordinates": [685129.738016359, 2531511.89317419]}, "properties": {"depth_m": 3.552, "depth_ft": 11.65}}, {"type": "Feature", "geometry": {"type": "Point", "coordinates": [688579.738016359, 2527131.89317419]}, "properties": {"depth_m": 3.549, "depth_ft": 11.64}}, {"type": "Feature", "geometry": {"type": "Point", "coordinates": [690109.738016359, 2520021.89317419]}, "properties": {"depth_m": 3.543, "depth_ft": 11.62}}, {"type": "Feature", "geometry": {"type": "Point", "coordinates": [689659.738016359, 2521341.89317419]}, "properties": {"depth_m": 3.538, "depth_ft": 11.61}}, {"type": "Feature", "geometry": {"type": "Point", "coordinates": [690319.738016359, 2521761.89317419]}, "properties": {"depth_m": 3.534, "depth_ft": 11.6}}, {"type": "Feature", "geometry": {"type": "Point", "coordinates": [688579.738016359, 2527371.89317419]}, "properties": {"depth_m": 3.529, "depth_ft": 11.58}}, {"type": "Feature", "geometry": {"type": "Point", "coordinates": [688129.738016359, 2527731.89317419]}, "properties": {"depth_m": 3.527, "depth_ft": 11.57}}, {"type": "Feature", "geometry": {"type": "Point", "coordinates": [690109.738016359, 2519991.89317419]}, "properties": {"depth_m": 3.523, "depth_ft": 11.56}}, {"type": "Feature", "geometry": {"type": "Point", "coordinates": [690589.738016359, 2521341.89317419]}, "properties": {"depth_m": 3.517, "depth_ft": 11.54}}, {"type": "Feature", "geometry": {"type": "Point", "coordinates": [689869.738016359, 2522901.89317419]}, "properties": {"depth_m": 3.512, "depth_ft": 11.52}}, {"type": "Feature", "geometry": {"type": "Point", "coordinates": [689059.738016359, 2526441.89317419]}, "properties": {"depth_m": 3.506, "depth_ft": 11.5}}, {"type": "Feature", "geometry": {"type": "Point", "coordinates": [687469.738016359, 2528361.89317419]}, "properties": {"depth_m": 3.503, "depth_ft": 11.49}}, {"type": "Feature", "geometry": {"type": "Point", "coordinates": [687319.738016359, 2528601.89317419]}, "properties": {"depth_m": 3.499, "depth_ft": 11.48}}, {"type": "Feature", "geometry": {"type": "Point", "coordinates": [685489.738016359, 2530431.89317419]}, "properties": {"depth_m": 3.492, "depth_ft": 11.46}}, {"type": "Feature", "geometry": {"type": "Point", "coordinates": [689419.738016359, 2523651.89317419]}, "properties": {"depth_m": 3.484, "depth_ft": 11.43}}, {"type": "Feature", "geometry": {"type": "Point", "coordinates": [690409.738016359, 2519541.89317419]}, "properties": {"depth_m": 3.482, "depth_ft": 11.42}}, {"type": "Feature", "geometry": {"type": "Point", "coordinates": [689419.738016359, 2523591.89317419]}, "properties": {"depth_m": 3.474, "depth_ft": 11.4}}, {"type": "Feature", "geometry": {"type": "Point", "coordinates": [690859.738016359, 2520561.89317419]}, "properties": {"depth_m": 3.47, "depth_ft": 11.38}}, {"type": "Feature", "geometry": {"type": "Point", "coordinates": [690499.738016359, 2521611.89317419]}, "properties": {"depth_m": 3.467, "depth_ft": 11.37}}, {"type": "Feature", "geometry": {"type": "Point", "coordinates": [686179.738016359, 2530671.89317419]}, "properties": {"depth_m": 3.465, "depth_ft": 11.37}}, {"type": "Feature", "geometry": {"type": "Point", "coordinates": [690529.738016359, 2521551.89317419]}, "properties": {"depth_m": 3.459, "depth_ft": 11.35}}, {"type": "Feature", "geometry": {"type": "Point", "coordinates": [689989.738016359, 2522661.89317419]}, "properties": {"depth_m": 3.453, "depth_ft": 11.33}}, {"type": "Feature", "geometry": {"type": "Point", "coordinates": [691009.738016359, 2519481.89317419]}, "properties": {"depth_m": 3.448, "depth_ft": 11.31}}, {"type": "Feature", "geometry": {"type": "Point", "coordinates": [690889.738016359, 2520081.89317419]}, "properties": {"depth_m": 3.444, "depth_ft": 11.3}}, {"type": "Feature", "geometry": {"type": "Point", "coordinates": [690379.738016359, 2521611.89317419]}, "properties": {"depth_m": 3.439, "depth_ft": 11.28}}, {"type": "Feature", "geometry": {"type": "Point", "coordinates": [685999.738016359, 2529321.89317419]}, "properties": {"depth_m": 3.438, "depth_ft": 11.28}}, {"type": "Feature", "geometry": {"type": "Point", "coordinates": [687949.738016359, 2528061.89317419]}, "properties": {"depth_m": 3.434, "depth_ft": 11.27}}, {"type": "Feature", "geometry": {"type": "Point", "coordinates": [689569.738016359, 2521701.89317419]}, "properties": {"depth_m": 3.43, "depth_ft": 11.25}}, {"type": "Feature", "geometry": {"type": "Point", "coordinates": [690979.738016359, 2520111.89317419]}, "properties": {"depth_m": 3.428, "depth_ft": 11.25}}, {"type": "Feature", "geometry": {"type": "Point", "coordinates": [686179.738016359, 2529231.89317419]}, "properties": {"depth_m": 3.423, "depth_ft": 11.23}}, {"type": "Feature", "geometry": {"type": "Point", "coordinates": [690979.738016359, 2518821.89317419]}, "properties": {"depth_m": 3.42, "depth_ft": 11.22}}, {"type": "Feature", "geometry": {"type": "Point", "coordinates": [690079.738016359, 2519931.89317419]}, "properties": {"depth_m": 3.415, "depth_ft": 11.21}}, {"type": "Feature", "geometry": {"type": "Point", "coordinates": [690649.738016359, 2521641.89317419]}, "properties": {"depth_m": 3.41, "depth_ft": 11.19}}, {"type": "Feature", "geometry": {"type": "Point", "coordinates": [689539.738016359, 2522271.89317419]}, "properties": {"depth_m": 3.407, "depth_ft": 11.18}}, {"type": "Feature", "geometry": {"type": "Point", "coordinates": [688459.738016359, 2527341.89317419]}, "properties": {"depth_m": 3.403, "depth_ft": 11.16}}, {"type": "Feature", "geometry": {"type": "Point", "coordinates": [690649.738016359, 2520321.89317419]}, "properties": {"depth_m": 3.4, "depth_ft": 11.16}}, {"type": "Feature", "geometry": {"type": "Point", "coordinates": [687709.738016359, 2526321.89317419]}, "properties": {"depth_m": 3.394, "depth_ft": 11.14}}, {"type": "Feature", "geometry": {"type": "Point", "coordinates": [690529.738016359, 2521581.89317419]}, "properties": {"depth_m": 3.391, "depth_ft": 11.13}}, {"type": "Feature", "geometry": {"type": "Point", "coordinates": [688819.738016359, 2524671.89317419]}, "properties": {"depth_m": 3.383, "depth_ft": 11.1}}, {"type": "Feature", "geometry": {"type": "Point", "coordinates": [690049.738016359, 2522541.89317419]}, "properties": {"depth_m": 3.381, "depth_ft": 11.09}}, {"type": "Feature", "geometry": {"type": "Point", "coordinates": [690739.738016359, 2520681.89317419]}, "properties": {"depth_m": 3.376, "depth_ft": 11.08}}, {"type": "Feature", "geometry": {"type": "Point", "coordinates": [688489.738016359, 2528271.89317419]}, "properties": {"depth_m": 3.373, "depth_ft": 11.07}}, {"type": "Feature", "geometry": {"type": "Point", "coordinates": [690439.738016359, 2522121.89317419]}, "properties": {"depth_m": 3.37, "depth_ft": 11.06}}, {"type": "Feature", "geometry": {"type": "Point", "coordinates": [690889.738016359, 2520141.89317419]}, "properties": {"depth_m": 3.363, "depth_ft": 11.03}}, {"type": "Feature", "geometry": {"type": "Point", "coordinates": [689179.738016359, 2526471.89317419]}, "properties": {"depth_m": 3.36, "depth_ft": 11.02}}, {"type": "Feature", "geometry": {"type": "Point", "coordinates": [688459.738016359, 2527581.89317419]}, "properties": {"depth_m": 3.357, "depth_ft": 11.01}}, {"type": "Feature", "geometry": {"type": "Point", "coordinates": [690649.738016359, 2521521.89317419]}, "properties": {"depth_m": 3.352, "depth_ft": 11.0}}, {"type": "Feature", "geometry": {"type": "Point", "coordinates": [690379.738016359, 2519631.89317419]}, "properties": {"depth_m": 3.347, "depth_ft": 10.98}}, {"type": "Feature", "geometry": {"type": "Point", "coordinates": [689089.738016359, 2525331.89317419]}, "properties": {"depth_m": 3.339, "depth_ft": 10.95}}, {"type": "Feature", "geometry": {"type": "Point", "coordinates": [691009.738016359, 2519691.89317419]}, "properties": {"depth_m": 3.335, "depth_ft": 10.94}}, {"type": "Feature", "geometry": {"type": "Point", "coordinates": [686329.738016359, 2530521.89317419]}, "properties": {"depth_m": 3.333, "depth_ft": 10.93}}, {"type": "Feature", "geometry": {"type": "Point", "coordinates": [688549.738016359, 2523531.89317419]}, "properties": {"depth_m": 3.33, "depth_ft": 10.93}}, {"type": "Feature", "geometry": {"type": "Point", "coordinates": [689509.738016359, 2521641.89317419]}, "properties": {"depth_m": 3.327, "depth_ft": 10.92}}, {"type": "Feature", "geometry": {"type": "Point", "coordinates": [689689.738016359, 2522991.89317419]}, "properties": {"depth_m": 3.32, "depth_ft": 10.89}}, {"type": "Feature", "geometry": {"type": "Point", "coordinates": [690679.738016359, 2521491.89317419]}, "properties": {"depth_m": 3.316, "depth_ft": 10.88}}, {"type": "Feature", "geometry": {"type": "Point", "coordinates": [690439.738016359, 2521281.89317419]}, "properties": {"depth_m": 3.308, "depth_ft": 10.85}}, {"type": "Feature", "geometry": {"type": "Point", "coordinates": [690799.738016359, 2520531.89317419]}, "properties": {"depth_m": 3.304, "depth_ft": 10.84}}, {"type": "Feature", "geometry": {"type": "Point", "coordinates": [690139.738016359, 2522301.89317419]}, "properties": {"depth_m": 3.299, "depth_ft": 10.82}}, {"type": "Feature", "geometry": {"type": "Point", "coordinates": [691009.738016359, 2519661.89317419]}, "properties": {"depth_m": 3.294, "depth_ft": 10.81}}, {"type": "Feature", "geometry": {"type": "Point", "coordinates": [690559.738016359, 2520471.89317419]}, "properties": {"depth_m": 3.287, "depth_ft": 10.78}}, {"type": "Feature", "geometry": {"type": "Point", "coordinates": [685759.738016359, 2531001.89317419]}, "properties": {"depth_m": 3.284, "depth_ft": 10.77}}, {"type": "Feature", "geometry": {"type": "Point", "coordinates": [689359.738016359, 2523591.89317419]}, "properties": {"depth_m": 3.278, "depth_ft": 10.76}}, {"type": "Feature", "geometry": {"type": "Point", "coordinates": [691279.738016359, 2519061.89317419]}, "properties": {"depth_m": 3.275, "depth_ft": 10.75}}, {"type": "Feature", "geometry": {"type": "Point", "coordinates": [687049.738016359, 2529471.89317419]}, "properties": {"depth_m": 3.274, "depth_ft": 10.74}}, {"type": "Feature", "geometry": {"type": "Point", "coordinates": [685729.738016359, 2529741.89317419]}, "properties": {"depth_m": 3.273, "depth_ft": 10.74}}, {"type": "Feature", "geometry": {"type": "Point", "coordinates": [690949.738016359, 2520171.89317419]}, "properties": {"depth_m": 3.27, "depth_ft": 10.73}}, {"type": "Feature", "geometry": {"type": "Point", "coordinates": [690439.738016359, 2521251.89317419]}, "properties": {"depth_m": 3.265, "depth_ft": 10.71}}, {"type": "Feature", "geometry": {"type": "Point", "coordinates": [688339.738016359, 2528361.89317419]}, "properties": {"depth_m": 3.259, "depth_ft": 10.69}}, {"type": "Feature", "geometry": {"type": "Point", "coordinates": [688879.738016359, 2523891.89317419]}, "properties": {"depth_m": 3.257, "depth_ft": 10.68}}, {"type": "Feature", "geometry": {"type": "Point", "coordinates": [689479.738016359, 2521941.89317419]}, "properties": {"depth_m": 3.25, "depth_ft": 10.66}}, {"type": "Feature", "geometry": {"type": "Point", "coordinates": [690709.738016359, 2519241.89317419]}, "properties": {"depth_m": 3.248, "depth_ft": 10.65}}, {"type": "Feature", "geometry": {"type": "Point", "coordinates": [687289.738016359, 2528631.89317419]}, "properties": {"depth_m": 3.244, "depth_ft": 10.64}}, {"type": "Feature", "geometry": {"type": "Point", "coordinates": [690049.738016359, 2520861.89317419]}, "properties": {"depth_m": 3.242, "depth_ft": 10.64}}, {"type": "Feature", "geometry": {"type": "Point", "coordinates": [688039.738016359, 2526681.89317419]}, "properties": {"depth_m": 3.239, "depth_ft": 10.63}}, {"type": "Feature", "geometry": {"type": "Point", "coordinates": [690859.738016359, 2520411.89317419]}, "properties": {"depth_m": 3.237, "depth_ft": 10.62}}, {"type": "Feature", "geometry": {"type": "Point", "coordinates": [688639.738016359, 2527131.89317419]}, "properties": {"depth_m": 3.232, "depth_ft": 10.6}}, {"type": "Feature", "geometry": {"type": "Point", "coordinates": [689089.738016359, 2522811.89317419]}, "properties": {"depth_m": 3.228, "depth_ft": 10.59}}, {"type": "Feature", "geometry": {"type": "Point", "coordinates": [687049.738016359, 2528571.89317419]}, "properties": {"depth_m": 3.22, "depth_ft": 10.57}}, {"type": "Feature", "geometry": {"type": "Point", "coordinates": [689359.738016359, 2521941.89317419]}, "properties": {"depth_m": 3.218, "depth_ft": 10.56}}, {"type": "Feature", "geometry": {"type": "Point", "coordinates": [690409.738016359, 2521341.89317419]}, "properties": {"depth_m": 3.217, "depth_ft": 10.55}}, {"type": "Feature", "geometry": {"type": "Point", "coordinates": [689749.738016359, 2523351.89317419]}, "properties": {"depth_m": 3.213, "depth_ft": 10.54}}, {"type": "Feature", "geometry": {"type": "Point", "coordinates": [690979.738016359, 2520021.89317419]}, "properties": {"depth_m": 3.21, "depth_ft": 10.53}}, {"type": "Feature", "geometry": {"type": "Point", "coordinates": [686299.738016359, 2529111.89317419]}, "properties": {"depth_m": 3.207, "depth_ft": 10.52}}, {"type": "Feature", "geometry": {"type": "Point", "coordinates": [690559.738016359, 2521671.89317419]}, "properties": {"depth_m": 3.204, "depth_ft": 10.51}}, {"type": "Feature", "geometry": {"type": "Point", "coordinates": [690469.738016359, 2519571.89317419]}, "properties": {"depth_m": 3.201, "depth_ft": 10.5}}, {"type": "Feature", "geometry": {"type": "Point", "coordinates": [690109.738016359, 2519961.89317419]}, "properties": {"depth_m": 3.197, "depth_ft": 10.49}}, {"type": "Feature", "geometry": {"type": "Point", "coordinates": [689539.738016359, 2523501.89317419]}, "properties": {"depth_m": 3.195, "depth_ft": 10.48}}, {"type": "Feature", "geometry": {"type": "Point", "coordinates": [686269.738016359, 2530491.89317419]}, "properties": {"depth_m": 3.192, "depth_ft": 10.47}}, {"type": "Feature", "geometry": {"type": "Point", "coordinates": [688219.738016359, 2526501.89317419]}, "properties": {"depth_m": 3.19, "depth_ft": 10.47}}, {"type": "Feature", "geometry": {"type": "Point", "coordinates": [690619.738016359, 2520321.89317419]}, "properties": {"depth_m": 3.185, "depth_ft": 10.45}}, {"type": "Feature", "geometry": {"type": "Point", "coordinates": [689509.738016359, 2523501.89317419]}, "properties": {"depth_m": 3.182, "depth_ft": 10.44}}, {"type": "Feature", "geometry": {"type": "Point", "coordinates": [689389.738016359, 2524521.89317419]}, "properties": {"depth_m": 3.176, "depth_ft": 10.42}}, {"type": "Feature", "geometry": {"type": "Point", "coordinates": [690619.738016359, 2520351.89317419]}, "properties": {"depth_m": 3.174, "depth_ft": 10.41}}, {"type": "Feature", "geometry": {"type": "Point", "coordinates": [689599.738016359, 2520921.89317419]}, "properties": {"depth_m": 3.173, "depth_ft": 10.41}}, {"type": "Feature", "geometry": {"type": "Point", "coordinates": [687979.738016359, 2528301.89317419]}, "properties": {"depth_m": 3.17, "depth_ft": 10.4}}, {"type": "Feature", "geometry": {"type": "Point", "coordinates": [685459.738016359, 2531271.89317419]}, "properties": {"depth_m": 3.168, "depth_ft": 10.39}}, {"type": "Feature", "geometry": {"type": "Point", "coordinates": [689389.738016359, 2522151.89317419]}, "properties": {"depth_m": 3.161, "depth_ft": 10.37}}, {"type": "Feature", "geometry": {"type": "Point", "coordinates": [690439.738016359, 2521101.89317419]}, "properties": {"depth_m": 3.157, "depth_ft": 10.36}}, {"type": "Feature", "geometry": {"type": "Point", "coordinates": [686329.738016359, 2529471.89317419]}, "properties": {"depth_m": 3.151, "depth_ft": 10.34}}, {"type": "Feature", "geometry": {"type": "Point", "coordinates": [688609.738016359, 2525871.89317419]}, "properties": {"depth_m": 3.149, "depth_ft": 10.33}}, {"type": "Feature", "geometry": {"type": "Point", "coordinates": [688459.738016359, 2527641.89317419]}, "properties": {"depth_m": 3.147, "depth_ft": 10.32}}, {"type": "Feature", "geometry": {"type": "Point", "coordinates": [685729.738016359, 2531031.89317419]}, "properties": {"depth_m": 3.141, "depth_ft": 10.3}}, {"type": "Feature", "geometry": {"type": "Point", "coordinates": [690379.738016359, 2519751.89317419]}, "properties": {"depth_m": 3.137, "depth_ft": 10.29}}, {"type": "Feature", "geometry": {"type": "Point", "coordinates": [685879.738016359, 2531001.89317419]}, "properties": {"depth_m": 3.135, "depth_ft": 10.28}}, {"type": "Feature", "geometry": {"type": "Point", "coordinates": [688339.738016359, 2527971.89317419]}, "properties": {"depth_m": 3.13, "depth_ft": 10.27}}, {"type": "Feature", "geometry": {"type": "Point", "coordinates": [689419.738016359, 2524131.89317419]}, "properties": {"depth_m": 3.129, "depth_ft": 10.27}}, {"type": "Feature", "geometry": {"type": "Point", "coordinates": [685729.738016359, 2529771.89317419]}, "properties": {"depth_m": 3.127, "depth_ft": 10.26}}, {"type": "Feature", "geometry": {"type": "Point", "coordinates": [688219.738016359, 2526471.89317419]}, "properties": {"depth_m": 3.124, "depth_ft": 10.25}}, {"type": "Feature", "geometry": {"type": "Point", "coordinates": [688579.738016359, 2527431.89317419]}, "properties": {"depth_m": 3.121, "depth_ft": 10.24}}, {"type": "Feature", "geometry": {"type": "Point", "coordinates": [689899.738016359, 2522841.89317419]}, "properties": {"depth_m": 3.116, "depth_ft": 10.22}}, {"type": "Feature", "geometry": {"type": "Point", "coordinates": [687859.738016359, 2526861.89317419]}, "properties": {"depth_m": 3.114, "depth_ft": 10.22}}, {"type": "Feature", "geometry": {"type": "Point", "coordinates": [689719.738016359, 2523321.89317419]}, "properties": {"depth_m": 3.11, "depth_ft": 10.2}}, {"type": "Feature", "geometry": {"type": "Point", "coordinates": [686299.738016359, 2529531.89317419]}, "properties": {"depth_m": 3.106, "depth_ft": 10.19}}, {"type": "Feature", "geometry": {"type": "Point", "coordinates": [690649.738016359, 2520651.89317419]}, "properties": {"depth_m": 3.103, "depth_ft": 10.18}}, {"type": "Feature", "geometry": {"type": "Point", "coordinates": [688639.738016359, 2525331.89317419]}, "properties": {"depth_m": 3.1, "depth_ft": 10.17}}, {"type": "Feature", "geometry": {"type": "Point", "coordinates": [688879.738016359, 2524641.89317419]}, "properties": {"depth_m": 3.098, "depth_ft": 10.16}}, {"type": "Feature", "geometry": {"type": "Point", "coordinates": [687469.738016359, 2527041.89317419]}, "properties": {"depth_m": 3.094, "depth_ft": 10.15}}, {"type": "Feature", "geometry": {"type": "Point", "coordinates": [690379.738016359, 2519691.89317419]}, "properties": {"depth_m": 3.089, "depth_ft": 10.13}}, {"type": "Feature", "geometry": {"type": "Point", "coordinates": [689389.738016359, 2524251.89317419]}, "properties": {"depth_m": 3.083, "depth_ft": 10.12}}, {"type": "Feature", "geometry": {"type": "Point", "coordinates": [690739.738016359, 2520711.89317419]}, "properties": {"depth_m": 3.076, "depth_ft": 10.09}}, {"type": "Feature", "geometry": {"type": "Point", "coordinates": [690769.738016359, 2521371.89317419]}, "properties": {"depth_m": 3.069, "depth_ft": 10.07}}, {"type": "Feature", "geometry": {"type": "Point", "coordinates": [688549.738016359, 2527581.89317419]}, "properties": {"depth_m": 3.065, "depth_ft": 10.06}}, {"type": "Feature", "geometry": {"type": "Point", "coordinates": [690499.738016359, 2522091.89317419]}, "properties": {"depth_m": 3.061, "depth_ft": 10.04}}, {"type": "Feature", "geometry": {"type": "Point", "coordinates": [686899.738016359, 2528901.89317419]}, "properties": {"depth_m": 3.058, "depth_ft": 10.03}}, {"type": "Feature", "geometry": {"type": "Point", "coordinates": [690919.738016359, 2520291.89317419]}, "properties": {"depth_m": 3.051, "depth_ft": 10.01}}, {"type": "Feature", "geometry": {"type": "Point", "coordinates": [688609.738016359, 2525511.89317419]}, "properties": {"depth_m": 3.049, "depth_ft": 10.0}}, {"type": "Feature", "geometry": {"type": "Point", "coordinates": [688699.738016359, 2523651.89317419]}, "properties": {"depth_m": 3.045, "depth_ft": 9.99}}, {"type": "Feature", "geometry": {"type": "Point", "coordinates": [685579.738016359, 2530341.89317419]}, "properties": {"depth_m": 3.042, "depth_ft": 9.98}}, {"type": "Feature", "geometry": {"type": "Point", "coordinates": [688699.738016359, 2524881.89317419]}, "properties": {"depth_m": 3.039, "depth_ft": 9.97}}, {"type": "Feature", "geometry": {"type": "Point", "coordinates": [690619.738016359, 2520531.89317419]}, "properties": {"depth_m": 3.036, "depth_ft": 9.96}}, {"type": "Feature", "geometry": {"type": "Point", "coordinates": [690229.738016359, 2519781.89317419]}, "properties": {"depth_m": 3.031, "depth_ft": 9.94}}, {"type": "Feature", "geometry": {"type": "Point", "coordinates": [686359.738016359, 2530521.89317419]}, "properties": {"depth_m": 3.028, "depth_ft": 9.93}}, {"type": "Feature", "geometry": {"type": "Point", "coordinates": [688459.738016359, 2528001.89317419]}, "properties": {"depth_m": 3.025, "depth_ft": 9.92}}, {"type": "Feature", "geometry": {"type": "Point", "coordinates": [688549.738016359, 2527551.89317419]}, "properties": {"depth_m": 3.022, "depth_ft": 9.92}}, {"type": "Feature", "geometry": {"type": "Point", "coordinates": [689509.738016359, 2520591.89317419]}, "properties": {"depth_m": 3.021, "depth_ft": 9.91}}, {"type": "Feature", "geometry": {"type": "Point", "coordinates": [685789.738016359, 2529651.89317419]}, "properties": {"depth_m": 3.018, "depth_ft": 9.9}}, {"type": "Feature", "geometry": {"type": "Point", "coordinates": [688669.738016359, 2525331.89317419]}, "properties": {"depth_m": 3.014, "depth_ft": 9.89}}, {"type": "Feature", "geometry": {"type": "Point", "coordinates": [690439.738016359, 2521341.89317419]}, "properties": {"depth_m": 3.013, "depth_ft": 9.88}}, {"type": "Feature", "geometry": {"type": "Point", "coordinates": [686239.738016359, 2530551.89317419]}, "properties": {"depth_m": 3.011, "depth_ft": 9.88}}, {"type": "Feature", "geometry": {"type": "Point", "coordinates": [688009.738016359, 2528541.89317419]}, "properties": {"depth_m": 3.009, "depth_ft": 9.87}}, {"type": "Feature", "geometry": {"type": "Point", "coordinates": [689539.738016359, 2523261.89317419]}, "properties": {"depth_m": 3.005, "depth_ft": 9.86}}, {"type": "Feature", "geometry": {"type": "Point", "coordinates": [685909.738016359, 2529411.89317419]}, "properties": {"depth_m": 3.0, "depth_ft": 9.84}}, {"type": "Feature", "geometry": {"type": "Point", "coordinates": [691039.738016359, 2519691.89317419]}, "properties": {"depth_m": 2.994, "depth_ft": 9.82}}, {"type": "Feature", "geometry": {"type": "Point", "coordinates": [690379.738016359, 2519661.89317419]}, "properties": {"depth_m": 2.991, "depth_ft": 9.81}}, {"type": "Feature", "geometry": {"type": "Point", "coordinates": [688459.738016359, 2526141.89317419]}, "properties": {"depth_m": 2.984, "depth_ft": 9.79}}, {"type": "Feature", "geometry": {"type": "Point", "coordinates": [685789.738016359, 2529621.89317419]}, "properties": {"depth_m": 2.98, "depth_ft": 9.78}}, {"type": "Feature", "geometry": {"type": "Point", "coordinates": [689539.738016359, 2520531.89317419]}, "properties": {"depth_m": 2.978, "depth_ft": 9.77}}, {"type": "Feature", "geometry": {"type": "Point", "coordinates": [689749.738016359, 2522091.89317419]}, "properties": {"depth_m": 2.974, "depth_ft": 9.76}}, {"type": "Feature", "geometry": {"type": "Point", "coordinates": [686329.738016359, 2529111.89317419]}, "properties": {"depth_m": 2.969, "depth_ft": 9.74}}, {"type": "Feature", "geometry": {"type": "Point", "coordinates": [687079.738016359, 2529471.89317419]}, "properties": {"depth_m": 2.967, "depth_ft": 9.73}}, {"type": "Feature", "geometry": {"type": "Point", "coordinates": [690979.738016359, 2520651.89317419]}, "properties": {"depth_m": 2.965, "depth_ft": 9.73}}, {"type": "Feature", "geometry": {"type": "Point", "coordinates": [689539.738016359, 2523861.89317419]}, "properties": {"depth_m": 2.963, "depth_ft": 9.72}}, {"type": "Feature", "geometry": {"type": "Point", "coordinates": [689479.738016359, 2523771.89317419]}, "properties": {"depth_m": 2.962, "depth_ft": 9.72}}, {"type": "Feature", "geometry": {"type": "Point", "coordinates": [690109.738016359, 2520201.89317419]}, "properties": {"depth_m": 2.957, "depth_ft": 9.7}}, {"type": "Feature", "geometry": {"type": "Point", "coordinates": [685639.738016359, 2529951.89317419]}, "properties": {"depth_m": 2.956, "depth_ft": 9.7}}, {"type": "Feature", "geometry": {"type": "Point", "coordinates": [686449.738016359, 2529141.89317419]}, "properties": {"depth_m": 2.954, "depth_ft": 9.69}}, {"type": "Feature", "geometry": {"type": "Point", "coordinates": [690709.738016359, 2521701.89317419]}, "properties": {"depth_m": 2.95, "depth_ft": 9.68}}, {"type": "Feature", "geometry": {"type": "Point", "coordinates": [690799.738016359, 2520681.89317419]}, "properties": {"depth_m": 2.949, "depth_ft": 9.67}}, {"type": "Feature", "geometry": {"type": "Point", "coordinates": [689779.738016359, 2523081.89317419]}, "properties": {"depth_m": 2.947, "depth_ft": 9.67}}, {"type": "Feature", "geometry": {"type": "Point", "coordinates": [690529.738016359, 2521041.89317419]}, "properties": {"depth_m": 2.942, "depth_ft": 9.65}}, {"type": "Feature", "geometry": {"type": "Point", "coordinates": [690439.738016359, 2521131.89317419]}, "properties": {"depth_m": 2.939, "depth_ft": 9.64}}, {"type": "Feature", "geometry": {"type": "Point", "coordinates": [690349.738016359, 2521821.89317419]}, "properties": {"depth_m": 2.932, "depth_ft": 9.62}}, {"type": "Feature", "geometry": {"type": "Point", "coordinates": [689569.738016359, 2520921.89317419]}, "properties": {"depth_m": 2.928, "depth_ft": 9.61}}, {"type": "Feature", "geometry": {"type": "Point", "coordinates": [689779.738016359, 2521971.89317419]}, "properties": {"depth_m": 2.926, "depth_ft": 9.6}}, {"type": "Feature", "geometry": {"type": "Point", "coordinates": [690949.738016359, 2519511.89317419]}, "properties": {"depth_m": 2.921, "depth_ft": 9.58}}, {"type": "Feature", "geometry": {"type": "Point", "coordinates": [690889.738016359, 2519871.89317419]}, "properties": {"depth_m": 2.916, "depth_ft": 9.57}}, {"type": "Feature", "geometry": {"type": "Point", "coordinates": [690619.738016359, 2520501.89317419]}, "properties": {"depth_m": 2.913, "depth_ft": 9.56}}, {"type": "Feature", "geometry": {"type": "Point", "coordinates": [690619.738016359, 2520561.89317419]}, "properties": {"depth_m": 2.911, "depth_ft": 9.55}}, {"type": "Feature", "geometry": {"type": "Point", "coordinates": [688099.738016359, 2526591.89317419]}, "properties": {"depth_m": 2.908, "depth_ft": 9.54}}, {"type": "Feature", "geometry": {"type": "Point", "coordinates": [688999.738016359, 2525931.89317419]}, "properties": {"depth_m": 2.907, "depth_ft": 9.54}}, {"type": "Feature", "geometry": {"type": "Point", "coordinates": [686359.738016359, 2530491.89317419]}, "properties": {"depth_m": 2.906, "depth_ft": 9.53}}, {"type": "Feature", "geometry": {"type": "Point", "coordinates": [687259.738016359, 2528151.89317419]}, "properties": {"depth_m": 2.903, "depth_ft": 9.52}}, {"type": "Feature", "geometry": {"type": "Point", "coordinates": [690109.738016359, 2520171.89317419]}, "properties": {"depth_m": 2.897, "depth_ft": 9.51}}, {"type": "Feature", "geometry": {"type": "Point", "coordinates": [689539.738016359, 2523771.89317419]}, "properties": {"depth_m": 2.892, "depth_ft": 9.49}}, {"type": "Feature", "geometry": {"type": "Point", "coordinates": [687229.738016359, 2528151.89317419]}, "properties": {"depth_m": 2.885, "depth_ft": 9.47}}, {"type": "Feature", "geometry": {"type": "Point", "coordinates": [690679.738016359, 2520381.89317419]}, "properties": {"depth_m": 2.883, "depth_ft": 9.46}}, {"type": "Feature", "geometry": {"type": "Point", "coordinates": [690679.738016359, 2520831.89317419]}, "properties": {"depth_m": 2.88, "depth_ft": 9.45}}, {"type": "Feature", "geometry": {"type": "Point", "coordinates": [688999.738016359, 2524161.89317419]}, "properties": {"depth_m": 2.874, "depth_ft": 9.43}}, {"type": "Feature", "geometry": {"type": "Point", "coordinates": [689329.738016359, 2522481.89317419]}, "properties": {"depth_m": 2.87, "depth_ft": 9.41}}, {"type": "Feature", "geometry": {"type": "Point", "coordinates": [686089.738016359, 2529441.89317419]}, "properties": {"depth_m": 2.868, "depth_ft": 9.41}}, {"type": "Feature", "geometry": {"type": "Point", "coordinates": [690379.738016359, 2521371.89317419]}, "properties": {"depth_m": 2.863, "depth_ft": 9.39}}, {"type": "Feature", "geometry": {"type": "Point", "coordinates": [690889.738016359, 2520531.89317419]}, "properties": {"depth_m": 2.859, "depth_ft": 9.38}}, {"type": "Feature", "geometry": {"type": "Point", "coordinates": [687259.738016359, 2529291.89317419]}, "properties": {"depth_m": 2.857, "depth_ft": 9.37}}, {"type": "Feature", "geometry": {"type": "Point", "coordinates": [689899.738016359, 2522631.89317419]}, "properties": {"depth_m": 2.853, "depth_ft": 9.36}}, {"type": "Feature", "geometry": {"type": "Point", "coordinates": [689479.738016359, 2524101.89317419]}, "properties": {"depth_m": 2.851, "depth_ft": 9.35}}, {"type": "Feature", "geometry": {"type": "Point", "coordinates": [690469.738016359, 2521941.89317419]}, "properties": {"depth_m": 2.849, "depth_ft": 9.35}}, {"type": "Feature", "geometry": {"type": "Point", "coordinates": [689569.738016359, 2520861.89317419]}, "properties": {"depth_m": 2.844, "depth_ft": 9.33}}, {"type": "Feature", "geometry": {"type": "Point", "coordinates": [689509.738016359, 2524041.89317419]}, "properties": {"depth_m": 2.843, "depth_ft": 9.33}}, {"type": "Feature", "geometry": {"type": "Point", "coordinates": [689029.738016359, 2525661.89317419]}, "properties": {"depth_m": 2.838, "depth_ft": 9.31}}, {"type": "Feature", "geometry": {"type": "Point", "coordinates": [688429.738016359, 2527101.89317419]}, "properties": {"depth_m": 2.833, "depth_ft": 9.29}}, {"type": "Feature", "geometry": {"type": "Point", "coordinates": [689659.738016359, 2523621.89317419]}, "properties": {"depth_m": 2.829, "depth_ft": 9.28}}, {"type": "Feature", "geometry": {"type": "Point", "coordinates": [685729.738016359, 2530311.89317419]}, "properties": {"depth_m": 2.827, "depth_ft": 9.28}}, {"type": "Feature", "geometry": {"type": "Point", "coordinates": [686179.738016359, 2529381.89317419]}, "properties": {"depth_m": 2.824, "depth_ft": 9.26}}, {"type": "Feature", "geometry": {"type": "Point", "coordinates": [689629.738016359, 2521191.89317419]}, "properties": {"depth_m": 2.82, "depth_ft": 9.25}}, {"type": "Feature", "geometry": {"type": "Point", "coordinates": [689539.738016359, 2523981.89317419]}, "properties": {"depth_m": 2.814, "depth_ft": 9.23}}, {"type": "Feature", "geometry": {"type": "Point", "coordinates": [689329.738016359, 2522421.89317419]}, "properties": {"depth_m": 2.806, "depth_ft": 9.21}}, {"type": "Feature", "geometry": {"type": "Point", "coordinates": [689509.738016359, 2521791.89317419]}, "properties": {"depth_m": 2.801, "depth_ft": 9.19}}, {"type": "Feature", "geometry": {"type": "Point", "coordinates": [691039.738016359, 2519481.89317419]}, "properties": {"depth_m": 2.798, "depth_ft": 9.18}}, {"type": "Feature", "geometry": {"type": "Point", "coordinates": [688849.738016359, 2523831.89317419]}, "properties": {"depth_m": 2.793, "depth_ft": 9.16}}, {"type": "Feature", "geometry": {"type": "Point", "coordinates": [690679.738016359, 2521461.89317419]}, "properties": {"depth_m": 2.791, "depth_ft": 9.16}}, {"type": "Feature", "geometry": {"type": "Point", "coordinates": [690799.738016359, 2518881.89317419]}, "properties": {"depth_m": 2.785, "depth_ft": 9.14}}, {"type": "Feature", "geometry": {"type": "Point", "coordinates": [685519.738016359, 2531271.89317419]}, "properties": {"depth_m": 2.783, "depth_ft": 9.13}}, {"type": "Feature", "geometry": {"type": "Point", "coordinates": [690829.738016359, 2519691.89317419]}, "properties": {"depth_m": 2.778, "depth_ft": 9.11}}, {"type": "Feature", "geometry": {"type": "Point", "coordinates": [688159.738016359, 2526531.89317419]}, "properties": {"depth_m": 2.772, "depth_ft": 9.09}}, {"type": "Feature", "geometry": {"type": "Point", "coordinates": [690829.738016359, 2520111.89317419]}, "properties": {"depth_m": 2.769, "depth_ft": 9.08}}, {"type": "Feature", "geometry": {"type": "Point", "coordinates": [689539.738016359, 2520861.89317419]}, "properties": {"depth_m": 2.763, "depth_ft": 9.07}}, {"type": "Feature", "geometry": {"type": "Point", "coordinates": [690859.738016359, 2519601.89317419]}, "properties": {"depth_m": 2.76, "depth_ft": 9.05}}, {"type": "Feature", "geometry": {"type": "Point", "coordinates": [688789.738016359, 2523651.89317419]}, "properties": {"depth_m": 2.751, "depth_ft": 9.02}}, {"type": "Feature", "geometry": {"type": "Point", "coordinates": [690589.738016359, 2519361.89317419]}, "properties": {"depth_m": 2.748, "depth_ft": 9.02}}, {"type": "Feature", "geometry": {"type": "Point", "coordinates": [690589.738016359, 2521371.89317419]}, "properties": {"depth_m": 2.746, "depth_ft": 9.01}}, {"type": "Feature", "geometry": {"type": "Point", "coordinates": [689599.738016359, 2521371.89317419]}, "properties": {"depth_m": 2.744, "depth_ft": 9.0}}, {"type": "Feature", "geometry": {"type": "Point", "coordinates": [690949.738016359, 2518821.89317419]}, "properties": {"depth_m": 2.74, "depth_ft": 8.99}}, {"type": "Feature", "geometry": {"type": "Point", "coordinates": [686239.738016359, 2529051.89317419]}, "properties": {"depth_m": 2.736, "depth_ft": 8.98}}, {"type": "Feature", "geometry": {"type": "Point", "coordinates": [689449.738016359, 2522151.89317419]}, "properties": {"depth_m": 2.734, "depth_ft": 8.97}}, {"type": "Feature", "geometry": {"type": "Point", "coordinates": [690229.738016359, 2522241.89317419]}, "properties": {"depth_m": 2.729, "depth_ft": 8.95}}, {"type": "Feature", "geometry": {"type": "Point", "coordinates": [688669.738016359, 2527131.89317419]}, "properties": {"depth_m": 2.727, "depth_ft": 8.95}}, {"type": "Feature", "geometry": {"type": "Point", "coordinates": [690559.738016359, 2521161.89317419]}, "properties": {"depth_m": 2.719, "depth_ft": 8.92}}, {"type": "Feature", "geometry": {"type": "Point", "coordinates": [687979.738016359, 2529291.89317419]}, "properties": {"depth_m": 2.716, "depth_ft": 8.91}}, {"type": "Feature", "geometry": {"type": "Point", "coordinates": [690919.738016359, 2518881.89317419]}, "properties": {"depth_m": 2.71, "depth_ft": 8.89}}, {"type": "Feature", "geometry": {"type": "Point", "coordinates": [687499.738016359, 2527311.89317419]}, "properties": {"depth_m": 2.707, "depth_ft": 8.88}}, {"type": "Feature", "geometry": {"type": "Point", "coordinates": [689509.738016359, 2520681.89317419]}, "properties": {"depth_m": 2.705, "depth_ft": 8.88}}, {"type": "Feature", "geometry": {"type": "Point", "coordinates": [690199.738016359, 2522241.89317419]}, "properties": {"depth_m": 2.703, "depth_ft": 8.87}}, {"type": "Feature", "geometry": {"type": "Point", "coordinates": [690169.738016359, 2520231.89317419]}, "properties": {"depth_m": 2.697, "depth_ft": 8.85}}, {"type": "Feature", "geometry": {"type": "Point", "coordinates": [690529.738016359, 2521191.89317419]}, "properties": {"depth_m": 2.695, "depth_ft": 8.84}}, {"type": "Feature", "geometry": {"type": "Point", "coordinates": [690439.738016359, 2521791.89317419]}, "properties": {"depth_m": 2.689, "depth_ft": 8.82}}, {"type": "Feature", "geometry": {"type": "Point", "coordinates": [690079.738016359, 2522991.89317419]}, "properties": {"depth_m": 2.684, "depth_ft": 8.81}}, {"type": "Feature", "geometry": {"type": "Point", "coordinates": [686029.738016359, 2529261.89317419]}, "properties": {"depth_m": 2.681, "depth_ft": 8.8}}, {"type": "Feature", "geometry": {"type": "Point", "coordinates": [691069.738016359, 2518641.89317419]}, "properties": {"depth_m": 2.676, "depth_ft": 8.78}}, {"type": "Feature", "geometry": {"type": "Point", "coordinates": [687229.738016359, 2528661.89317419]}, "properties": {"depth_m": 2.673, "depth_ft": 8.77}}, {"type": "Feature", "geometry": {"type": "Point", "coordinates": [690559.738016359, 2520201.89317419]}, "properties": {"depth_m": 2.669, "depth_ft": 8.76}}, {"type": "Feature", "geometry": {"type": "Point", "coordinates": [690439.738016359, 2521401.89317419]}, "properties": {"depth_m": 2.665, "depth_ft": 8.74}}, {"type": "Feature", "geometry": {"type": "Point", "coordinates": [685519.738016359, 2530131.89317419]}, "properties": {"depth_m": 2.663, "depth_ft": 8.74}}, {"type": "Feature", "geometry": {"type": "Point", "coordinates": [687799.738016359, 2528931.89317419]}, "properties": {"depth_m": 2.659, "depth_ft": 8.73}}, {"type": "Feature", "geometry": {"type": "Point", "coordinates": [689959.738016359, 2522451.89317419]}, "properties": {"depth_m": 2.658, "depth_ft": 8.72}}, {"type": "Feature", "geometry": {"type": "Point", "coordinates": [690589.738016359, 2522061.89317419]}, "properties": {"depth_m": 2.653, "depth_ft": 8.7}}, {"type": "Feature", "geometry": {"type": "Point", "coordinates": [688549.738016359, 2525691.89317419]}, "properties": {"depth_m": 2.649, "depth_ft": 8.69}}, {"type": "Feature", "geometry": {"type": "Point", "coordinates": [691099.738016359, 2520171.89317419]}, "properties": {"depth_m": 2.648, "depth_ft": 8.69}}, {"type": "Feature", "geometry": {"type": "Point", "coordinates": [686449.738016359, 2529351.89317419]}, "properties": {"depth_m": 2.641, "depth_ft": 8.66}}, {"type": "Feature", "geometry": {"type": "Point", "coordinates": [691039.738016359, 2519631.89317419]}, "properties": {"depth_m": 2.639, "depth_ft": 8.66}}, {"type": "Feature", "geometry": {"type": "Point", "coordinates": [689899.738016359, 2522931.89317419]}, "properties": {"depth_m": 2.635, "depth_ft": 8.65}}, {"type": "Feature", "geometry": {"type": "Point", "coordinates": [691039.738016359, 2518671.89317419]}, "properties": {"depth_m": 2.635, "depth_ft": 8.64}}, {"type": "Feature", "geometry": {"type": "Point", "coordinates": [685549.738016359, 2531211.89317419]}, "properties": {"depth_m": 2.631, "depth_ft": 8.63}}, {"type": "Feature", "geometry": {"type": "Point", "coordinates": [691099.738016359, 2520201.89317419]}, "properties": {"depth_m": 2.629, "depth_ft": 8.62}}, {"type": "Feature", "geometry": {"type": "Point", "coordinates": [686449.738016359, 2529171.89317419]}, "properties": {"depth_m": 2.622, "depth_ft": 8.6}}, {"type": "Feature", "geometry": {"type": "Point", "coordinates": [689029.738016359, 2526471.89317419]}, "properties": {"depth_m": 2.62, "depth_ft": 8.6}}, {"type": "Feature", "geometry": {"type": "Point", "coordinates": [689599.738016359, 2521191.89317419]}, "properties": {"depth_m": 2.616, "depth_ft": 8.58}}, {"type": "Feature", "geometry": {"type": "Point", "coordinates": [685579.738016359, 2531211.89317419]}, "properties": {"depth_m": 2.611, "depth_ft": 8.57}}, {"type": "Feature", "geometry": {"type": "Point", "coordinates": [685609.738016359, 2530311.89317419]}, "properties": {"depth_m": 2.605, "depth_ft": 8.55}}, {"type": "Feature", "geometry": {"type": "Point", "coordinates": [690439.738016359, 2522241.89317419]}, "properties": {"depth_m": 2.6, "depth_ft": 8.53}}, {"type": "Feature", "geometry": {"type": "Point", "coordinates": [691069.738016359, 2520111.89317419]}, "properties": {"depth_m": 2.595, "depth_ft": 8.51}}, {"type": "Feature", "geometry": {"type": "Point", "coordinates": [688669.738016359, 2527011.89317419]}, "properties": {"depth_m": 2.592, "depth_ft": 8.5}}, {"type": "Feature", "geometry": {"type": "Point", "coordinates": [690169.738016359, 2522811.89317419]}, "properties": {"depth_m": 2.588, "depth_ft": 8.49}}, {"type": "Feature", "geometry": {"type": "Point", "coordinates": [690859.738016359, 2519631.89317419]}, "properties": {"depth_m": 2.582, "depth_ft": 8.47}}, {"type": "Feature", "geometry": {"type": "Point", "coordinates": [689899.738016359, 2521761.89317419]}, "properties": {"depth_m": 2.573, "depth_ft": 8.44}}, {"type": "Feature", "geometry": {"type": "Point", "coordinates": [690379.738016359, 2519541.89317419]}, "properties": {"depth_m": 2.572, "depth_ft": 8.44}}, {"type": "Feature", "geometry": {"type": "Point", "coordinates": [686239.738016359, 2528991.89317419]}, "properties": {"depth_m": 2.569, "depth_ft": 8.43}}, {"type": "Feature", "geometry": {"type": "Point", "coordinates": [690319.738016359, 2522661.89317419]}, "properties": {"depth_m": 2.566, "depth_ft": 8.42}}, {"type": "Feature", "geometry": {"type": "Point", "coordinates": [690709.738016359, 2520831.89317419]}, "properties": {"depth_m": 2.564, "depth_ft": 8.41}}, {"type": "Feature", "geometry": {"type": "Point", "coordinates": [689479.738016359, 2522181.89317419]}, "properties": {"depth_m": 2.561, "depth_ft": 8.4}}, {"type": "Feature", "geometry": {"type": "Point", "coordinates": [690889.738016359, 2518881.89317419]}, "properties": {"depth_m": 2.56, "depth_ft": 8.4}}, {"type": "Feature", "geometry": {"type": "Point", "coordinates": [686059.738016359, 2530761.89317419]}, "properties": {"depth_m": 2.557, "depth_ft": 8.39}}, {"type": "Feature", "geometry": {"type": "Point", "coordinates": [688639.738016359, 2523441.89317419]}, "properties": {"depth_m": 2.555, "depth_ft": 8.38}}, {"type": "Feature", "geometry": {"type": "Point", "coordinates": [689869.738016359, 2520081.89317419]}, "properties": {"depth_m": 2.553, "depth_ft": 8.37}}, {"type": "Feature", "geometry": {"type": "Point", "coordinates": [687979.738016359, 2526801.89317419]}, "properties": {"depth_m": 2.55, "depth_ft": 8.37}}, {"type": "Feature", "geometry": {"type": "Point", "coordinates": [686089.738016359, 2529471.89317419]}, "properties": {"depth_m": 2.546, "depth_ft": 8.35}}, {"type": "Feature", "geometry": {"type": "Point", "coordinates": [691069.738016359, 2520201.89317419]}, "properties": {"depth_m": 2.541, "depth_ft": 8.34}}, {"type": "Feature", "geometry": {"type": "Point", "coordinates": [686089.738016359, 2529501.89317419]}, "properties": {"depth_m": 2.54, "depth_ft": 8.33}}, {"type": "Feature", "geometry": {"type": "Point", "coordinates": [690709.738016359, 2521491.89317419]}, "properties": {"depth_m": 2.539, "depth_ft": 8.33}}, {"type": "Feature", "geometry": {"type": "Point", "coordinates": [688279.738016359, 2526351.89317419]}, "properties": {"depth_m": 2.536, "depth_ft": 8.32}}, {"type": "Feature", "geometry": {"type": "Point", "coordinates": [685129.738016359, 2531541.89317419]}, "properties": {"depth_m": 2.531, "depth_ft": 8.3}}, {"type": "Feature", "geometry": {"type": "Point", "coordinates": [685489.738016359, 2530161.89317419]}, "properties": {"depth_m": 2.525, "depth_ft": 8.28}}, {"type": "Feature", "geometry": {"type": "Point", "coordinates": [688429.738016359, 2528061.89317419]}, "properties": {"depth_m": 2.522, "depth_ft": 8.27}}, {"type": "Feature", "geometry": {"type": "Point", "coordinates": [688609.738016359, 2523471.89317419]}, "properties": {"depth_m": 2.519, "depth_ft": 8.26}}, {"type": "Feature", "geometry": {"type": "Point", "coordinates": [685909.738016359, 2529351.89317419]}, "properties": {"depth_m": 2.516, "depth_ft": 8.25}}, {"type": "Feature", "geometry": {"type": "Point", "coordinates": [691699.738016359, 2518881.89317419]}, "properties": {"depth_m": 2.51, "depth_ft": 8.24}}, {"type": "Feature", "geometry": {"type": "Point", "coordinates": [689479.738016359, 2520711.89317419]}, "properties": {"depth_m": 2.505, "depth_ft": 8.22}}, {"type": "Feature", "geometry": {"type": "Point", "coordinates": [687619.738016359, 2527161.89317419]}, "properties": {"depth_m": 2.501, "depth_ft": 8.2}}, {"type": "Feature", "geometry": {"type": "Point", "coordinates": [689239.738016359, 2526381.89317419]}, "properties": {"depth_m": 2.496, "depth_ft": 8.19}}, {"type": "Feature", "geometry": {"type": "Point", "coordinates": [685489.738016359, 2530191.89317419]}, "properties": {"depth_m": 2.494, "depth_ft": 8.18}}, {"type": "Feature", "geometry": {"type": "Point", "coordinates": [690139.738016359, 2522241.89317419]}, "properties": {"depth_m": 2.488, "depth_ft": 8.16}}, {"type": "Feature", "geometry": {"type": "Point", "coordinates": [686389.738016359, 2529021.89317419]}, "properties": {"depth_m": 2.482, "depth_ft": 8.14}}, {"type": "Feature", "geometry": {"type": "Point", "coordinates": [686779.738016359, 2529051.89317419]}, "properties": {"depth_m": 2.48, "depth_ft": 8.14}}, {"type": "Feature", "geometry": {"type": "Point", "coordinates": [690589.738016359, 2521221.89317419]}, "properties": {"depth_m": 2.475, "depth_ft": 8.12}}, {"type": "Feature", "geometry": {"type": "Point", "coordinates": [689299.738016359, 2522331.89317419]}, "properties": {"depth_m": 2.473, "depth_ft": 8.12}}, {"type": "Feature", "geometry": {"type": "Point", "coordinates": [688489.738016359, 2526951.89317419]}, "properties": {"depth_m": 2.469, "depth_ft": 8.1}}, {"type": "Feature", "geometry": {"type": "Point", "coordinates": [685519.738016359, 2530191.89317419]}, "properties": {"depth_m": 2.465, "depth_ft": 8.09}}, {"type": "Feature", "geometry": {"type": "Point", "coordinates": [688729.738016359, 2523411.89317419]}, "properties": {"depth_m": 2.459, "depth_ft": 8.07}}, {"type": "Feature", "geometry": {"type": "Point", "coordinates": [686539.738016359, 2530041.89317419]}, "properties": {"depth_m": 2.453, "depth_ft": 8.05}}, {"type": "Feature", "geometry": {"type": "Point", "coordinates": [690949.738016359, 2519601.89317419]}, "properties": {"depth_m": 2.451, "depth_ft": 8.04}}, {"type": "Feature", "geometry": {"type": "Point", "coordinates": [687739.738016359, 2528961.89317419]}, "properties": {"depth_m": 2.448, "depth_ft": 8.03}}, {"type": "Feature", "geometry": {"type": "Point", "coordinates": [691099.738016359, 2519271.89317419]}, "properties": {"depth_m": 2.445, "depth_ft": 8.02}}, {"type": "Feature", "geometry": {"type": "Point", "coordinates": [689869.738016359, 2522871.89317419]}, "properties": {"depth_m": 2.442, "depth_ft": 8.01}}, {"type": "Feature", "geometry": {"type": "Point", "coordinates": [690379.738016359, 2521431.89317419]}, "properties": {"depth_m": 2.437, "depth_ft": 8.0}}, {"type": "Feature", "geometry": {"type": "Point", "coordinates": [689179.738016359, 2526411.89317419]}, "properties": {"depth_m": 2.434, "depth_ft": 7.98}}, {"type": "Feature", "geometry": {"type": "Point", "coordinates": [689029.738016359, 2524401.89317419]}, "properties": {"depth_m": 2.432, "depth_ft": 7.98}}, {"type": "Feature", "geometry": {"type": "Point", "coordinates": [690079.738016359, 2519901.89317419]}, "properties": {"depth_m": 2.43, "depth_ft": 7.97}}, {"type": "Feature", "geometry": {"type": "Point", "coordinates": [689929.738016359, 2521491.89317419]}, "properties": {"depth_m": 2.427, "depth_ft": 7.96}}, {"type": "Feature", "geometry": {"type": "Point", "coordinates": [686329.738016359, 2530371.89317419]}, "properties": {"depth_m": 2.424, "depth_ft": 7.95}}, {"type": "Feature", "geometry": {"type": "Point", "coordinates": [690439.738016359, 2522151.89317419]}, "properties": {"depth_m": 2.421, "depth_ft": 7.94}}, {"type": "Feature", "geometry": {"type": "Point", "coordinates": [690319.738016359, 2519871.89317419]}, "properties": {"depth_m": 2.419, "depth_ft": 7.94}}, {"type": "Feature", "geometry": {"type": "Point", "coordinates": [689539.738016359, 2521731.89317419]}, "properties": {"depth_m": 2.416, "depth_ft": 7.93}}, {"type": "Feature", "geometry": {"type": "Point", "coordinates": [685609.738016359, 2530071.89317419]}, "properties": {"depth_m": 2.414, "depth_ft": 7.92}}, {"type": "Feature", "geometry": {"type": "Point", "coordinates": [690379.738016359, 2521581.89317419]}, "properties": {"depth_m": 2.41, "depth_ft": 7.91}}, {"type": "Feature", "geometry": {"type": "Point", "coordinates": [690409.738016359, 2519451.89317419]}, "properties": {"depth_m": 2.409, "depth_ft": 7.9}}, {"type": "Feature", "geometry": {"type": "Point", "coordinates": [686509.738016359, 2530341.89317419]}, "properties": {"depth_m": 2.406, "depth_ft": 7.89}}, {"type": "Feature", "geometry": {"type": "Point", "coordinates": [686479.738016359, 2529261.89317419]}, "properties": {"depth_m": 2.4, "depth_ft": 7.88}}, {"type": "Feature", "geometry": {"type": "Point", "coordinates": [686329.738016359, 2530551.89317419]}, "properties": {"depth_m": 2.399, "depth_ft": 7.87}}, {"type": "Feature", "geometry": {"type": "Point", "coordinates": [686299.738016359, 2529171.89317419]}, "properties": {"depth_m": 2.395, "depth_ft": 7.86}}, {"type": "Feature", "geometry": {"type": "Point", "coordinates": [690859.738016359, 2518851.89317419]}, "properties": {"depth_m": 2.392, "depth_ft": 7.85}}, {"type": "Feature", "geometry": {"type": "Point", "coordinates": [690649.738016359, 2519301.89317419]}, "properties": {"depth_m": 2.388, "depth_ft": 7.84}}, {"type": "Feature", "geometry": {"type": "Point", "coordinates": [690709.738016359, 2519961.89317419]}, "properties": {"depth_m": 2.385, "depth_ft": 7.82}}, {"type": "Feature", "geometry": {"type": "Point", "coordinates": [686059.738016359, 2529651.89317419]}, "properties": {"depth_m": 2.383, "depth_ft": 7.82}}, {"type": "Feature", "geometry": {"type": "Point", "coordinates": [688549.738016359, 2527821.89317419]}, "properties": {"depth_m": 2.378, "depth_ft": 7.8}}, {"type": "Feature", "geometry": {"type": "Point", "coordinates": [688789.738016359, 2526801.89317419]}, "properties": {"depth_m": 2.375, "depth_ft": 7.79}}, {"type": "Feature", "geometry": {"type": "Point", "coordinates": [687799.738016359, 2526921.89317419]}, "properties": {"depth_m": 2.371, "depth_ft": 7.78}}, {"type": "Feature", "geometry": {"type": "Point", "coordinates": [685699.738016359, 2531091.89317419]}, "properties": {"depth_m": 2.367, "depth_ft": 7.76}}, {"type": "Feature", "geometry": {"type": "Point", "coordinates": [685879.738016359, 2529501.89317419]}, "properties": {"depth_m": 2.366, "depth_ft": 7.76}}, {"type": "Feature", "geometry": {"type": "Point", "coordinates": [690049.738016359, 2522361.89317419]}, "properties": {"depth_m": 2.362, "depth_ft": 7.75}}, {"type": "Feature", "geometry": {"type": "Point", "coordinates": [688579.738016359, 2527641.89317419]}, "properties": {"depth_m": 2.36, "depth_ft": 7.74}}, {"type": "Feature", "geometry": {"type": "Point", "coordinates": [686959.738016359, 2529861.89317419]}, "properties": {"depth_m": 2.356, "depth_ft": 7.73}}, {"type": "Feature", "geometry": {"type": "Point", "coordinates": [689749.738016359, 2523291.89317419]}, "properties": {"depth_m": 2.355, "depth_ft": 7.73}}, {"type": "Feature", "geometry": {"type": "Point", "coordinates": [686389.738016359, 2528871.89317419]}, "properties": {"depth_m": 2.352, "depth_ft": 7.72}}, {"type": "Feature", "geometry": {"type": "Point", "coordinates": [689779.738016359, 2523291.89317419]}, "properties": {"depth_m": 2.348, "depth_ft": 7.7}}, {"type": "Feature", "geometry": {"type": "Point", "coordinates": [690349.738016359, 2519601.89317419]}, "properties": {"depth_m": 2.346, "depth_ft": 7.7}}, {"type": "Feature", "geometry": {"type": "Point", "coordinates": [689539.738016359, 2525211.89317419]}, "properties": {"depth_m": 2.343, "depth_ft": 7.69}}, {"type": "Feature", "geometry": {"type": "Point", "coordinates": [685579.738016359, 2531241.89317419]}, "properties": {"depth_m": 2.341, "depth_ft": 7.68}}, {"type": "Feature", "geometry": {"type": "Point", "coordinates": [688249.738016359, 2526321.89317419]}, "properties": {"depth_m": 2.339, "depth_ft": 7.67}}, {"type": "Feature", "geometry": {"type": "Point", "coordinates": [690199.738016359, 2522301.89317419]}, "properties": {"depth_m": 2.335, "depth_ft": 7.66}}, {"type": "Feature", "geometry": {"type": "Point", "coordinates": [690889.738016359, 2520561.89317419]}, "properties": {"depth_m": 2.331, "depth_ft": 7.65}}, {"type": "Feature", "geometry": {"type": "Point", "coordinates": [690469.738016359, 2519361.89317419]}, "properties": {"depth_m": 2.327, "depth_ft": 7.64}}, {"type": "Feature", "geometry": {"type": "Point", "coordinates": [686419.738016359, 2529111.89317419]}, "properties": {"depth_m": 2.325, "depth_ft": 7.63}}, {"type": "Feature", "geometry": {"type": "Point", "coordinates": [689779.738016359, 2522031.89317419]}, "properties": {"depth_m": 2.323, "depth_ft": 7.62}}, {"type": "Feature", "geometry": {"type": "Point", "coordinates": [690289.738016359, 2520021.89317419]}, "properties": {"depth_m": 2.319, "depth_ft": 7.61}}, {"type": "Feature", "geometry": {"type": "Point", "coordinates": [691129.738016359, 2518581.89317419]}, "properties": {"depth_m": 2.313, "depth_ft": 7.59}}, {"type": "Feature", "geometry": {"type": "Point", "coordinates": [685609.738016359, 2530281.89317419]}, "properties": {"depth_m": 2.311, "depth_ft": 7.58}}, {"type": "Feature", "geometry": {"type": "Point", "coordinates": [688579.738016359, 2525961.89317419]}, "properties": {"depth_m": 2.31, "depth_ft": 7.58}}, {"type": "Feature", "geometry": {"type": "Point", "coordinates": [689539.738016359, 2520681.89317419]}, "properties": {"depth_m": 2.306, "depth_ft": 7.57}}, {"type": "Feature", "geometry": {"type": "Point", "coordinates": [687859.738016359, 2528811.89317419]}, "properties": {"depth_m": 2.302, "depth_ft": 7.55}}, {"type": "Feature", "geometry": {"type": "Point", "coordinates": [688789.738016359, 2526981.89317419]}, "properties": {"depth_m": 2.296, "depth_ft": 7.53}}, {"type": "Feature", "geometry": {"type": "Point", "coordinates": [689539.738016359, 2525181.89317419]}, "properties": {"depth_m": 2.294, "depth_ft": 7.53}}, {"type": "Feature", "geometry": {"type": "Point", "coordinates": [690949.738016359, 2520681.89317419]}, "properties": {"depth_m": 2.291, "depth_ft": 7.52}}, {"type": "Feature", "geometry": {"type": "Point", "coordinates": [686809.738016359, 2528781.89317419]}, "properties": {"depth_m": 2.289, "depth_ft": 7.51}}, {"type": "Feature", "geometry": {"type": "Point", "coordinates": [688009.738016359, 2529261.89317419]}, "properties": {"depth_m": 2.284, "depth_ft": 7.49}}, {"type": "Feature", "geometry": {"type": "Point", "coordinates": [691129.738016359, 2520171.89317419]}, "properties": {"depth_m": 2.283, "depth_ft": 7.49}}, {"type": "Feature", "geometry": {"type": "Point", "coordinates": [689329.738016359, 2524761.89317419]}, "properties": {"depth_m": 2.281, "depth_ft": 7.49}}, {"type": "Feature", "geometry": {"type": "Point", "coordinates": [689569.738016359, 2521281.89317419]}, "properties": {"depth_m": 2.28, "depth_ft": 7.48}}, {"type": "Feature", "geometry": {"type": "Point", "coordinates": [687919.738016359, 2528721.89317419]}, "properties": {"depth_m": 2.279, "depth_ft": 7.48}}, {"type": "Feature", "geometry": {"type": "Point", "coordinates": [689749.738016359, 2520141.89317419]}, "properties": {"depth_m": 2.275, "depth_ft": 7.46}}, {"type": "Feature", "geometry": {"type": "Point", "coordinates": [690889.738016359, 2518911.89317419]}, "properties": {"depth_m": 2.274, "depth_ft": 7.46}}, {"type": "Feature", "geometry": {"type": "Point", "coordinates": [690829.738016359, 2519721.89317419]}, "properties": {"depth_m": 2.27, "depth_ft": 7.45}}, {"type": "Feature", "geometry": {"type": "Point", "coordinates": [689719.738016359, 2522001.89317419]}, "properties": {"depth_m": 2.268, "depth_ft": 7.44}}, {"type": "Feature", "geometry": {"type": "Point", "coordinates": [690769.738016359, 2521311.89317419]}, "properties": {"depth_m": 2.266, "depth_ft": 7.43}}, {"type": "Feature", "geometry": {"type": "Point", "coordinates": [688699.738016359, 2527011.89317419]}, "properties": {"depth_m": 2.264, "depth_ft": 7.43}}, {"type": "Feature", "geometry": {"type": "Point", "coordinates": [689419.738016359, 2521281.89317419]}, "properties": {"depth_m": 2.262, "depth_ft": 7.42}}, {"type": "Feature", "geometry": {"type": "Point", "coordinates": [691039.738016359, 2519901.89317419]}, "properties": {"depth_m": 2.26, "depth_ft": 7.42}}, {"type": "Feature", "geometry": {"type": "Point", "coordinates": [689899.738016359, 2522961.89317419]}, "properties": {"depth_m": 2.258, "depth_ft": 7.41}}, {"type": "Feature", "geometry": {"type": "Point", "coordinates": [691009.738016359, 2519601.89317419]}, "properties": {"depth_m": 2.254, "depth_ft": 7.4}}, {"type": "Feature", "geometry": {"type": "Point", "coordinates": [690829.738016359, 2518911.89317419]}, "properties": {"depth_m": 2.253, "depth_ft": 7.39}}, {"type": "Feature", "geometry": {"type": "Point", "coordinates": [689689.738016359, 2523021.89317419]}, "properties": {"depth_m": 2.25, "depth_ft": 7.38}}, {"type": "Feature", "geometry": {"type": "Point", "coordinates": [690889.738016359, 2520051.89317419]}, "properties": {"depth_m": 2.248, "depth_ft": 7.37}}, {"type": "Feature", "geometry": {"type": "Point", "coordinates": [688279.738016359, 2528331.89317419]}, "properties": {"depth_m": 2.245, "depth_ft": 7.37}}, {"type": "Feature", "geometry": {"type": "Point", "coordinates": [690589.738016359, 2521641.89317419]}, "properties": {"depth_m": 2.241, "depth_ft": 7.35}}, {"type": "Feature", "geometry": {"type": "Point", "coordinates": [689509.738016359, 2521491.89317419]}, "properties": {"depth_m": 2.238, "depth_ft": 7.34}}, {"type": "Feature", "geometry": {"type": "Point", "coordinates": [686779.738016359, 2529771.89317419]}, "properties": {"depth_m": 2.232, "depth_ft": 7.32}}, {"type": "Feature", "geometry": {"type": "Point", "coordinates": [690859.738016359, 2518911.89317419]}, "properties": {"depth_m": 2.229, "depth_ft": 7.31}}, {"type": "Feature", "geometry": {"type": "Point", "coordinates": [689269.738016359, 2522301.89317419]}, "properties": {"depth_m": 2.227, "depth_ft": 7.31}}, {"type": "Feature", "geometry": {"type": "Point", "coordinates": [686509.738016359, 2530281.89317419]}, "properties": {"depth_m": 2.221, "depth_ft": 7.29}}, {"type": "Feature", "geometry": {"type": "Point", "coordinates": [685399.738016359, 2531331.89317419]}, "properties": {"depth_m": 2.217, "depth_ft": 7.27}}, {"type": "Feature", "geometry": {"type": "Point", "coordinates": [689509.738016359, 2521821.89317419]}, "properties": {"depth_m": 2.213, "depth_ft": 7.26}}, {"type": "Feature", "geometry": {"type": "Point", "coordinates": [690709.738016359, 2521461.89317419]}, "properties": {"depth_m": 2.209, "depth_ft": 7.25}}, {"type": "Feature", "geometry": {"type": "Point", "coordinates": [686989.738016359, 2529831.89317419]}, "properties": {"depth_m": 2.206, "depth_ft": 7.24}}, {"type": "Feature", "geometry": {"type": "Point", "coordinates": [686899.738016359, 2529831.89317419]}, "properties": {"depth_m": 2.204, "depth_ft": 7.23}}, {"type": "Feature", "geometry": {"type": "Point", "coordinates": [689569.738016359, 2523381.89317419]}, "properties": {"depth_m": 2.196, "depth_ft": 7.21}}, {"type": "Feature", "geometry": {"type": "Point", "coordinates": [689659.738016359, 2523411.89317419]}, "properties": {"depth_m": 2.193, "depth_ft": 7.19}}, {"type": "Feature", "geometry": {"type": "Point", "coordinates": [690709.738016359, 2520021.89317419]}, "properties": {"depth_m": 2.19, "depth_ft": 7.19}}, {"type": "Feature", "geometry": {"type": "Point", "coordinates": [689299.738016359, 2522601.89317419]}, "properties": {"depth_m": 2.187, "depth_ft": 7.17}}, {"type": "Feature", "geometry": {"type": "Point", "coordinates": [690709.738016359, 2520051.89317419]}, "properties": {"depth_m": 2.183, "depth_ft": 7.16}}, {"type": "Feature", "geometry": {"type": "Point", "coordinates": [689719.738016359, 2523561.89317419]}, "properties": {"depth_m": 2.18, "depth_ft": 7.15}}, {"type": "Feature", "geometry": {"type": "Point", "coordinates": [690859.738016359, 2518941.89317419]}, "properties": {"depth_m": 2.177, "depth_ft": 7.14}}, {"type": "Feature", "geometry": {"type": "Point", "coordinates": [691009.738016359, 2520081.89317419]}, "properties": {"depth_m": 2.174, "depth_ft": 7.13}}, {"type": "Feature", "geometry": {"type": "Point", "coordinates": [686989.738016359, 2529681.89317419]}, "properties": {"depth_m": 2.169, "depth_ft": 7.12}}, {"type": "Feature", "geometry": {"type": "Point", "coordinates": [688999.738016359, 2525721.89317419]}, "properties": {"depth_m": 2.167, "depth_ft": 7.11}}, {"type": "Feature", "geometry": {"type": "Point", "coordinates": [689869.738016359, 2520111.89317419]}, "properties": {"depth_m": 2.163, "depth_ft": 7.1}}, {"type": "Feature", "geometry": {"type": "Point", "coordinates": [689389.738016359, 2524401.89317419]}, "properties": {"depth_m": 2.159, "depth_ft": 7.08}}, {"type": "Feature", "geometry": {"type": "Point", "coordinates": [686389.738016359, 2530521.89317419]}, "properties": {"depth_m": 2.156, "depth_ft": 7.07}}, {"type": "Feature", "geometry": {"type": "Point", "coordinates": [690529.738016359, 2521161.89317419]}, "properties": {"depth_m": 2.151, "depth_ft": 7.06}}, {"type": "Feature", "geometry": {"type": "Point", "coordinates": [688459.738016359, 2527071.89317419]}, "properties": {"depth_m": 2.15, "depth_ft": 7.05}}, {"type": "Feature", "geometry": {"type": "Point", "coordinates": [685669.738016359, 2530281.89317419]}, "properties": {"depth_m": 2.145, "depth_ft": 7.04}}, {"type": "Feature", "geometry": {"type": "Point", "coordinates": [689179.738016359, 2525181.89317419]}, "properties": {"depth_m": 2.143, "depth_ft": 7.03}}, {"type": "Feature", "geometry": {"type": "Point", "coordinates": [689479.738016359, 2525151.89317419]}, "properties": {"depth_m": 2.141, "depth_ft": 7.02}}, {"type": "Feature", "geometry": {"type": "Point", "coordinates": [685639.738016359, 2530281.89317419]}, "properties": {"depth_m": 2.137, "depth_ft": 7.01}}, {"type": "Feature", "geometry": {"type": "Point", "coordinates": [688669.738016359, 2523381.89317419]}, "properties": {"depth_m": 2.136, "depth_ft": 7.01}}, {"type": "Feature", "geometry": {"type": "Point", "coordinates": [688249.738016359, 2527401.89317419]}, "properties": {"depth_m": 2.132, "depth_ft": 6.99}}, {"type": "Feature", "geometry": {"type": "Point", "coordinates": [690769.738016359, 2520771.89317419]}, "properties": {"depth_m": 2.131, "depth_ft": 6.99}}, {"type": "Feature", "geometry": {"type": "Point", "coordinates": [688399.738016359, 2528421.89317419]}, "properties": {"depth_m": 2.128, "depth_ft": 6.98}}, {"type": "Feature", "geometry": {"type": "Point", "coordinates": [689059.738016359, 2524371.89317419]}, "properties": {"depth_m": 2.126, "depth_ft": 6.97}}, {"type": "Feature", "geometry": {"type": "Point", "coordinates": [690829.738016359, 2518881.89317419]}, "properties": {"depth_m": 2.123, "depth_ft": 6.97}}, {"type": "Feature", "geometry": {"type": "Point", "coordinates": [688069.738016359, 2527851.89317419]}, "properties": {"depth_m": 2.122, "depth_ft": 6.96}}, {"type": "Feature", "geometry": {"type": "Point", "coordinates": [686359.738016359, 2529111.89317419]}, "properties": {"depth_m": 2.12, "depth_ft": 6.95}}, {"type": "Feature", "geometry": {"type": "Point", "coordinates": [685669.738016359, 2530191.89317419]}, "properties": {"depth_m": 2.116, "depth_ft": 6.94}}, {"type": "Feature", "geometry": {"type": "Point", "coordinates": [690139.738016359, 2520021.89317419]}, "properties": {"depth_m": 2.113, "depth_ft": 6.93}}, {"type": "Feature", "geometry": {"type": "Point", "coordinates": [689179.738016359, 2525211.89317419]}, "properties": {"depth_m": 2.11, "depth_ft": 6.92}}, {"type": "Feature", "geometry": {"type": "Point", "coordinates": [685819.738016359, 2531061.89317419]}, "properties": {"depth_m": 2.108, "depth_ft": 6.91}}, {"type": "Feature", "geometry": {"type": "Point", "coordinates": [690139.738016359, 2520321.89317419]}, "properties": {"depth_m": 2.106, "depth_ft": 6.91}}, {"type": "Feature", "geometry": {"type": "Point", "coordinates": [687979.738016359, 2528061.89317419]}, "properties": {"depth_m": 2.102, "depth_ft": 6.9}}, {"type": "Feature", "geometry": {"type": "Point", "coordinates": [688519.738016359, 2527941.89317419]}, "properties": {"depth_m": 2.1, "depth_ft": 6.89}}, {"type": "Feature", "geometry": {"type": "Point", "coordinates": [689959.738016359, 2520051.89317419]}, "properties": {"depth_m": 2.094, "depth_ft": 6.87}}, {"type": "Feature", "geometry": {"type": "Point", "coordinates": [687769.738016359, 2528961.89317419]}, "properties": {"depth_m": 2.091, "depth_ft": 6.86}}, {"type": "Feature", "geometry": {"type": "Point", "coordinates": [690559.738016359, 2521521.89317419]}, "properties": {"depth_m": 2.088, "depth_ft": 6.85}}, {"type": "Feature", "geometry": {"type": "Point", "coordinates": [690379.738016359, 2521911.89317419]}, "properties": {"depth_m": 2.085, "depth_ft": 6.84}}, {"type": "Feature", "geometry": {"type": "Point", "coordinates": [691099.738016359, 2518611.89317419]}, "properties": {"depth_m": 2.081, "depth_ft": 6.83}}, {"type": "Feature", "geometry": {"type": "Point", "coordinates": [690529.738016359, 2521251.89317419]}, "properties": {"depth_m": 2.077, "depth_ft": 6.82}}, {"type": "Feature", "geometry": {"type": "Point", "coordinates": [690349.738016359, 2522601.89317419]}, "properties": {"depth_m": 2.075, "depth_ft": 6.81}}, {"type": "Feature", "geometry": {"type": "Point", "coordinates": [689749.738016359, 2521041.89317419]}, "properties": {"depth_m": 2.072, "depth_ft": 6.8}}, {"type": "Feature", "geometry": {"type": "Point", "coordinates": [689899.738016359, 2521551.89317419]}, "properties": {"depth_m": 2.069, "depth_ft": 6.79}}, {"type": "Feature", "geometry": {"type": "Point", "coordinates": [685429.738016359, 2531301.89317419]}, "properties": {"depth_m": 2.065, "depth_ft": 6.77}}, {"type": "Feature", "geometry": {"type": "Point", "coordinates": [689779.738016359, 2521911.89317419]}, "properties": {"depth_m": 2.063, "depth_ft": 6.77}}, {"type": "Feature", "geometry": {"type": "Point", "coordinates": [689779.738016359, 2522871.89317419]}, "properties": {"depth_m": 2.059, "depth_ft": 6.75}}, {"type": "Feature", "geometry": {"type": "Point", "coordinates": [690469.738016359, 2521851.89317419]}, "properties": {"depth_m": 2.056, "depth_ft": 6.75}}, {"type": "Feature", "geometry": {"type": "Point", "coordinates": [685099.738016359, 2531571.89317419]}, "properties": {"depth_m": 2.055, "depth_ft": 6.74}}, {"type": "Feature", "geometry": {"type": "Point", "coordinates": [689089.738016359, 2524311.89317419]}, "properties": {"depth_m": 2.052, "depth_ft": 6.73}}, {"type": "Feature", "geometry": {"type": "Point", "coordinates": [685669.738016359, 2530221.89317419]}, "properties": {"depth_m": 2.05, "depth_ft": 6.72}}, {"type": "Feature", "geometry": {"type": "Point", "coordinates": [688669.738016359, 2523711.89317419]}, "properties": {"depth_m": 2.045, "depth_ft": 6.71}}, {"type": "Feature", "geometry": {"type": "Point", "coordinates": [690439.738016359, 2519391.89317419]}, "properties": {"depth_m": 2.041, "depth_ft": 6.7}}, {"type": "Feature", "geometry": {"type": "Point", "coordinates": [689959.738016359, 2520531.89317419]}, "properties": {"depth_m": 2.039, "depth_ft": 6.69}}, {"type": "Feature", "geometry": {"type": "Point", "coordinates": [686479.738016359, 2529141.89317419]}, "properties": {"depth_m": 2.036, "depth_ft": 6.68}}, {"type": "Feature", "geometry": {"type": "Point", "coordinates": [687289.738016359, 2529291.89317419]}, "properties": {"depth_m": 2.03, "depth_ft": 6.66}}, {"type": "Feature", "geometry": {"type": "Point", "coordinates": [688699.738016359, 2523681.89317419]}, "properties": {"depth_m": 2.027, "depth_ft": 6.65}}, {"type": "Feature", "geometry": {"type": "Point", "coordinates": [690259.738016359, 2522571.89317419]}, "properties": {"depth_m": 2.026, "depth_ft": 6.65}}, {"type": "Feature", "geometry": {"type": "Point", "coordinates": [690169.738016359, 2522541.89317419]}, "properties": {"depth_m": 2.024, "depth_ft": 6.64}}, {"type": "Feature", "geometry": {"type": "Point", "coordinates": [688609.738016359, 2527401.89317419]}, "properties": {"depth_m": 2.023, "depth_ft": 6.64}}, {"type": "Feature", "geometry": {"type": "Point", "coordinates": [685579.738016359, 2530101.89317419]}, "properties": {"depth_m": 2.017, "depth_ft": 6.62}}, {"type": "Feature", "geometry": {"type": "Point", "coordinates": [689329.738016359, 2522091.89317419]}, "properties": {"depth_m": 2.014, "depth_ft": 6.61}}, {"type": "Feature", "geometry": {"type": "Point", "coordinates": [690109.738016359, 2522421.89317419]}, "properties": {"depth_m": 2.012, "depth_ft": 6.6}}, {"type": "Feature", "geometry": {"type": "Point", "coordinates": [690619.738016359, 2519331.89317419]}, "properties": {"depth_m": 2.01, "depth_ft": 6.59}}, {"type": "Feature", "geometry": {"type": "Point", "coordinates": [690319.738016359, 2521821.89317419]}, "properties": {"depth_m": 2.007, "depth_ft": 6.59}}, {"type": "Feature", "geometry": {"type": "Point", "coordinates": [686659.738016359, 2529111.89317419]}, "properties": {"depth_m": 2.005, "depth_ft": 6.58}}, {"type": "Feature", "geometry": {"type": "Point", "coordinates": [690829.738016359, 2519031.89317419]}, "properties": {"depth_m": 2.002, "depth_ft": 6.57}}, {"type": "Feature", "geometry": {"type": "Point", "coordinates": [688129.738016359, 2528151.89317419]}, "properties": {"depth_m": 1.998, "depth_ft": 6.56}}, {"type": "Feature", "geometry": {"type": "Point", "coordinates": [688639.738016359, 2525001.89317419]}, "properties": {"depth_m": 1.996, "depth_ft": 6.55}}, {"type": "Feature", "geometry": {"type": "Point", "coordinates": [685759.738016359, 2529591.89317419]}, "properties": {"depth_m": 1.993, "depth_ft": 6.54}}, {"type": "Feature", "geometry": {"type": "Point", "coordinates": [686749.738016359, 2528601.89317419]}, "properties": {"depth_m": 1.99, "depth_ft": 6.53}}, {"type": "Feature", "geometry": {"type": "Point", "coordinates": [690949.738016359, 2519661.89317419]}, "properties": {"depth_m": 1.989, "depth_ft": 6.53}}, {"type": "Feature", "geometry": {"type": "Point", "coordinates": [689839.738016359, 2522841.89317419]}, "properties": {"depth_m": 1.986, "depth_ft": 6.52}}, {"type": "Feature", "geometry": {"type": "Point", "coordinates": [691039.738016359, 2520351.89317419]}, "properties": {"depth_m": 1.982, "depth_ft": 6.5}}, {"type": "Feature", "geometry": {"type": "Point", "coordinates": [690079.738016359, 2522421.89317419]}, "properties": {"depth_m": 1.979, "depth_ft": 6.49}}, {"type": "Feature", "geometry": {"type": "Point", "coordinates": [690349.738016359, 2519811.89317419]}, "properties": {"depth_m": 1.977, "depth_ft": 6.49}}, {"type": "Feature", "geometry": {"type": "Point", "coordinates": [691009.738016359, 2518731.89317419]}, "properties": {"depth_m": 1.975, "depth_ft": 6.48}}, {"type": "Feature", "geometry": {"type": "Point", "coordinates": [687469.738016359, 2526981.89317419]}, "properties": {"depth_m": 1.971, "depth_ft": 6.47}}, {"type": "Feature", "geometry": {"type": "Point", "coordinates": [686569.738016359, 2530311.89317419]}, "properties": {"depth_m": 1.966, "depth_ft": 6.45}}, {"type": "Feature", "geometry": {"type": "Point", "coordinates": [690379.738016359, 2519511.89317419]}, "properties": {"depth_m": 1.965, "depth_ft": 6.45}}, {"type": "Feature", "geometry": {"type": "Point", "coordinates": [689899.738016359, 2521731.89317419]}, "properties": {"depth_m": 1.962, "depth_ft": 6.44}}, {"type": "Feature", "geometry": {"type": "Point", "coordinates": [689599.738016359, 2523501.89317419]}, "properties": {"depth_m": 1.958, "depth_ft": 6.42}}, {"type": "Feature", "geometry": {"type": "Point", "coordinates": [687769.738016359, 2526261.89317419]}, "properties": {"depth_m": 1.957, "depth_ft": 6.42}}, {"type": "Feature", "geometry": {"type": "Point", "coordinates": [687649.738016359, 2529201.89317419]}, "properties": {"depth_m": 1.954, "depth_ft": 6.41}}, {"type": "Feature", "geometry": {"type": "Point", "coordinates": [690139.738016359, 2522391.89317419]}, "properties": {"depth_m": 1.951, "depth_ft": 6.4}}, {"type": "Feature", "geometry": {"type": "Point", "coordinates": [689719.738016359, 2523531.89317419]}, "properties": {"depth_m": 1.948, "depth_ft": 6.39}}, {"type": "Feature", "geometry": {"type": "Point", "coordinates": [690949.738016359, 2519631.89317419]}, "properties": {"depth_m": 1.944, "depth_ft": 6.38}}, {"type": "Feature", "geometry": {"type": "Point", "coordinates": [690079.738016359, 2520141.89317419]}, "properties": {"depth_m": 1.939, "depth_ft": 6.36}}, {"type": "Feature", "geometry": {"type": "Point", "coordinates": [688609.738016359, 2526741.89317419]}, "properties": {"depth_m": 1.937, "depth_ft": 6.35}}, {"type": "Feature", "geometry": {"type": "Point", "coordinates": [688579.738016359, 2527071.89317419]}, "properties": {"depth_m": 1.935, "depth_ft": 6.35}}, {"type": "Feature", "geometry": {"type": "Point", "coordinates": [689629.738016359, 2521011.89317419]}, "properties": {"depth_m": 1.933, "depth_ft": 6.34}}, {"type": "Feature", "geometry": {"type": "Point", "coordinates": [690889.738016359, 2519691.89317419]}, "properties": {"depth_m": 1.931, "depth_ft": 6.34}}, {"type": "Feature", "geometry": {"type": "Point", "coordinates": [686149.738016359, 2530761.89317419]}, "properties": {"depth_m": 1.928, "depth_ft": 6.33}}, {"type": "Feature", "geometry": {"type": "Point", "coordinates": [689539.738016359, 2523351.89317419]}, "properties": {"depth_m": 1.927, "depth_ft": 6.32}}, {"type": "Feature", "geometry": {"type": "Point", "coordinates": [688789.738016359, 2523681.89317419]}, "properties": {"depth_m": 1.926, "depth_ft": 6.32}}, {"type": "Feature", "geometry": {"type": "Point", "coordinates": [688159.738016359, 2528151.89317419]}, "properties": {"depth_m": 1.921, "depth_ft": 6.3}}, {"type": "Feature", "geometry": {"type": "Point", "coordinates": [688009.738016359, 2528001.89317419]}, "properties": {"depth_m": 1.918, "depth_ft": 6.29}}, {"type": "Feature", "geometry": {"type": "Point", "coordinates": [690709.738016359, 2521251.89317419]}, "properties": {"depth_m": 1.913, "depth_ft": 6.28}}, {"type": "Feature", "geometry": {"type": "Point", "coordinates": [689749.738016359, 2521071.89317419]}, "properties": {"depth_m": 1.911, "depth_ft": 6.27}}, {"type": "Feature", "geometry": {"type": "Point", "coordinates": [686899.738016359, 2529711.89317419]}, "properties": {"depth_m": 1.909, "depth_ft": 6.26}}, {"type": "Feature", "geometry": {"type": "Point", "coordinates": [688579.738016359, 2523801.89317419]}, "properties": {"depth_m": 1.905, "depth_ft": 6.25}}, {"type": "Feature", "geometry": {"type": "Point", "coordinates": [689299.738016359, 2525421.89317419]}, "properties": {"depth_m": 1.902, "depth_ft": 6.24}}, {"type": "Feature", "geometry": {"type": "Point", "coordinates": [687439.738016359, 2526801.89317419]}, "properties": {"depth_m": 1.898, "depth_ft": 6.23}}, {"type": "Feature", "geometry": {"type": "Point", "coordinates": [690469.738016359, 2522241.89317419]}, "properties": {"depth_m": 1.896, "depth_ft": 6.22}}, {"type": "Feature", "geometry": {"type": "Point", "coordinates": [689569.738016359, 2523861.89317419]}, "properties": {"depth_m": 1.894, "depth_ft": 6.21}}, {"type": "Feature", "geometry": {"type": "Point", "coordinates": [688459.738016359, 2527041.89317419]}, "properties": {"depth_m": 1.892, "depth_ft": 6.21}}, {"type": "Feature", "geometry": {"type": "Point", "coordinates": [690109.738016359, 2522331.89317419]}, "properties": {"depth_m": 1.889, "depth_ft": 6.2}}, {"type": "Feature", "geometry": {"type": "Point", "coordinates": [689989.738016359, 2521281.89317419]}, "properties": {"depth_m": 1.884, "depth_ft": 6.18}}, {"type": "Feature", "geometry": {"type": "Point", "coordinates": [688579.738016359, 2527731.89317419]}, "properties": {"depth_m": 1.882, "depth_ft": 6.18}}, {"type": "Feature", "geometry": {"type": "Point", "coordinates": [689539.738016359, 2523321.89317419]}, "properties": {"depth_m": 1.879, "depth_ft": 6.16}}, {"type": "Feature", "geometry": {"type": "Point", "coordinates": [688249.738016359, 2528031.89317419]}, "properties": {"depth_m": 1.877, "depth_ft": 6.16}}, {"type": "Feature", "geometry": {"type": "Point", "coordinates": [690259.738016359, 2520081.89317419]}, "properties": {"depth_m": 1.874, "depth_ft": 6.15}}, {"type": "Feature", "geometry": {"type": "Point", "coordinates": [688729.738016359, 2523111.89317419]}, "properties": {"depth_m": 1.871, "depth_ft": 6.14}}, {"type": "Feature", "geometry": {"type": "Point", "coordinates": [688939.738016359, 2526081.89317419]}, "properties": {"depth_m": 1.869, "depth_ft": 6.13}}, {"type": "Feature", "geometry": {"type": "Point", "coordinates": [687439.738016359, 2526741.89317419]}, "properties": {"depth_m": 1.866, "depth_ft": 6.12}}, {"type": "Feature", "geometry": {"type": "Point", "coordinates": [688159.738016359, 2527761.89317419]}, "properties": {"depth_m": 1.864, "depth_ft": 6.12}}, {"type": "Feature", "geometry": {"type": "Point", "coordinates": [685759.738016359, 2529651.89317419]}, "properties": {"depth_m": 1.86, "depth_ft": 6.1}}, {"type": "Feature", "geometry": {"type": "Point", "coordinates": [689959.738016359, 2520111.89317419]}, "properties": {"depth_m": 1.856, "depth_ft": 6.09}}, {"type": "Feature", "geometry": {"type": "Point", "coordinates": [687589.738016359, 2529081.89317419]}, "properties": {"depth_m": 1.85, "depth_ft": 6.07}}, {"type": "Feature", "geometry": {"type": "Point", "coordinates": [686629.738016359, 2530011.89317419]}, "properties": {"depth_m": 1.847, "depth_ft": 6.06}}, {"type": "Feature", "geometry": {"type": "Point", "coordinates": [686209.738016359, 2529531.89317419]}, "properties": {"depth_m": 1.845, "depth_ft": 6.05}}, {"type": "Feature", "geometry": {"type": "Point", "coordinates": [690499.738016359, 2521791.89317419]}, "properties": {"depth_m": 1.842, "depth_ft": 6.04}}, {"type": "Feature", "geometry": {"type": "Point", "coordinates": [688159.738016359, 2527731.89317419]}, "properties": {"depth_m": 1.837, "depth_ft": 6.03}}, {"type": "Feature", "geometry": {"type": "Point", "coordinates": [688729.738016359, 2523351.89317419]}, "properties": {"depth_m": 1.833, "depth_ft": 6.01}}, {"type": "Feature", "geometry": {"type": "Point", "coordinates": [690739.738016359, 2521011.89317419]}, "properties": {"depth_m": 1.828, "depth_ft": 6.0}}, {"type": "Feature", "geometry": {"type": "Point", "coordinates": [688099.738016359, 2526561.89317419]}, "properties": {"depth_m": 1.825, "depth_ft": 5.99}}, {"type": "Feature", "geometry": {"type": "Point", "coordinates": [690049.738016359, 2522961.89317419]}, "properties": {"depth_m": 1.823, "depth_ft": 5.98}}, {"type": "Feature", "geometry": {"type": "Point", "coordinates": [688549.738016359, 2523831.89317419]}, "properties": {"depth_m": 1.82, "depth_ft": 5.97}}, {"type": "Feature", "geometry": {"type": "Point", "coordinates": [687949.738016359, 2526111.89317419]}, "properties": {"depth_m": 1.819, "depth_ft": 5.97}}, {"type": "Feature", "geometry": {"type": "Point", "coordinates": [688129.738016359, 2527641.89317419]}, "properties": {"depth_m": 1.816, "depth_ft": 5.96}}, {"type": "Feature", "geometry": {"type": "Point", "coordinates": [690289.738016359, 2522301.89317419]}, "properties": {"depth_m": 1.81, "depth_ft": 5.94}}, {"type": "Feature", "geometry": {"type": "Point", "coordinates": [688699.738016359, 2526561.89317419]}, "properties": {"depth_m": 1.809, "depth_ft": 5.93}}, {"type": "Feature", "geometry": {"type": "Point", "coordinates": [690979.738016359, 2520411.89317419]}, "properties": {"depth_m": 1.805, "depth_ft": 5.92}}, {"type": "Feature", "geometry": {"type": "Point", "coordinates": [689269.738016359, 2524851.89317419]}, "properties": {"depth_m": 1.802, "depth_ft": 5.91}}, {"type": "Feature", "geometry": {"type": "Point", "coordinates": [689899.738016359, 2521641.89317419]}, "properties": {"depth_m": 1.799, "depth_ft": 5.9}}, {"type": "Feature", "geometry": {"type": "Point", "coordinates": [687139.738016359, 2529501.89317419]}, "properties": {"depth_m": 1.796, "depth_ft": 5.89}}, {"type": "Feature", "geometry": {"type": "Point", "coordinates": [687139.738016359, 2528541.89317419]}, "properties": {"depth_m": 1.793, "depth_ft": 5.88}}, {"type": "Feature", "geometry": {"type": "Point", "coordinates": [686449.738016359, 2529261.89317419]}, "properties": {"depth_m": 1.791, "depth_ft": 5.88}}, {"type": "Feature", "geometry": {"type": "Point", "coordinates": [687799.738016359, 2528961.89317419]}, "properties": {"depth_m": 1.787, "depth_ft": 5.86}}, {"type": "Feature", "geometry": {"type": "Point", "coordinates": [690019.738016359, 2522541.89317419]}, "properties": {"depth_m": 1.783, "depth_ft": 5.85}}, {"type": "Feature", "geometry": {"type": "Point", "coordinates": [687439.738016359, 2527071.89317419]}, "properties": {"depth_m": 1.782, "depth_ft": 5.85}}, {"type": "Feature", "geometry": {"type": "Point", "coordinates": [687949.738016359, 2529231.89317419]}, "properties": {"depth_m": 1.777, "depth_ft": 5.83}}, {"type": "Feature", "geometry": {"type": "Point", "coordinates": [690109.738016359, 2522961.89317419]}, "properties": {"depth_m": 1.774, "depth_ft": 5.82}}, {"type": "Feature", "geometry": {"type": "Point", "coordinates": [687109.738016359, 2529501.89317419]}, "properties": {"depth_m": 1.769, "depth_ft": 5.8}}, {"type": "Feature", "geometry": {"type": "Point", "coordinates": [688639.738016359, 2525031.89317419]}, "properties": {"depth_m": 1.766, "depth_ft": 5.8}}, {"type": "Feature", "geometry": {"type": "Point", "coordinates": [688699.738016359, 2523711.89317419]}, "properties": {"depth_m": 1.763, "depth_ft": 5.78}}, {"type": "Feature", "geometry": {"type": "Point", "coordinates": [686749.738016359, 2528871.89317419]}, "properties": {"depth_m": 1.762, "depth_ft": 5.78}}, {"type": "Feature", "geometry": {"type": "Point", "coordinates": [688429.738016359, 2528091.89317419]}, "properties": {"depth_m": 1.757, "depth_ft": 5.76}}, {"type": "Feature", "geometry": {"type": "Point", "coordinates": [690199.738016359, 2522631.89317419]}, "properties": {"depth_m": 1.755, "depth_ft": 5.76}}, {"type": "Feature", "geometry": {"type": "Point", "coordinates": [687499.738016359, 2527941.89317419]}, "properties": {"depth_m": 1.754, "depth_ft": 5.75}}, {"type": "Feature", "geometry": {"type": "Point", "coordinates": [686749.738016359, 2528841.89317419]}, "properties": {"depth_m": 1.752, "depth_ft": 5.75}}, {"type": "Feature", "geometry": {"type": "Point", "coordinates": [689749.738016359, 2521671.89317419]}, "properties": {"depth_m": 1.75, "depth_ft": 5.74}}, {"type": "Feature", "geometry": {"type": "Point", "coordinates": [687499.738016359, 2527461.89317419]}, "properties": {"depth_m": 1.749, "depth_ft": 5.74}}, {"type": "Feature", "geometry": {"type": "Point", "coordinates": [690109.738016359, 2522511.89317419]}, "properties": {"depth_m": 1.747, "depth_ft": 5.73}}, {"type": "Feature", "geometry": {"type": "Point", "coordinates": [689929.738016359, 2523231.89317419]}, "properties": {"depth_m": 1.744, "depth_ft": 5.72}}, {"type": "Feature", "geometry": {"type": "Point", "coordinates": [689659.738016359, 2521071.89317419]}, "properties": {"depth_m": 1.742, "depth_ft": 5.72}}, {"type": "Feature", "geometry": {"type": "Point", "coordinates": [690739.738016359, 2521251.89317419]}, "properties": {"depth_m": 1.739, "depth_ft": 5.71}}, {"type": "Feature", "geometry": {"type": "Point", "coordinates": [687499.738016359, 2528181.89317419]}, "properties": {"depth_m": 1.738, "depth_ft": 5.7}}, {"type": "Feature", "geometry": {"type": "Point", "coordinates": [689479.738016359, 2521911.89317419]}, "properties": {"depth_m": 1.735, "depth_ft": 5.69}}, {"type": "Feature", "geometry": {"type": "Point", "coordinates": [689959.738016359, 2521311.89317419]}, "properties": {"depth_m": 1.733, "depth_ft": 5.69}}, {"type": "Feature", "geometry": {"type": "Point", "coordinates": [691069.738016359, 2519601.89317419]}, "properties": {"depth_m": 1.731, "depth_ft": 5.68}}, {"type": "Feature", "geometry": {"type": "Point", "coordinates": [691039.738016359, 2519601.89317419]}, "properties": {"depth_m": 1.727, "depth_ft": 5.67}}, {"type": "Feature", "geometry": {"type": "Point", "coordinates": [690229.738016359, 2522361.89317419]}, "properties": {"depth_m": 1.724, "depth_ft": 5.66}}, {"type": "Feature", "geometry": {"type": "Point", "coordinates": [690409.738016359, 2519181.89317419]}, "properties": {"depth_m": 1.722, "depth_ft": 5.65}}, {"type": "Feature", "geometry": {"type": "Point", "coordinates": [686719.738016359, 2530041.89317419]}, "properties": {"depth_m": 1.718, "depth_ft": 5.64}}, {"type": "Feature", "geometry": {"type": "Point", "coordinates": [687259.738016359, 2529351.89317419]}, "properties": {"depth_m": 1.715, "depth_ft": 5.63}}, {"type": "Feature", "geometry": {"type": "Point", "coordinates": [690289.738016359, 2519781.89317419]}, "properties": {"depth_m": 1.713, "depth_ft": 5.62}}, {"type": "Feature", "geometry": {"type": "Point", "coordinates": [690229.738016359, 2522631.89317419]}, "properties": {"depth_m": 1.712, "depth_ft": 5.62}}, {"type": "Feature", "geometry": {"type": "Point", "coordinates": [690019.738016359, 2522571.89317419]}, "properties": {"depth_m": 1.707, "depth_ft": 5.6}}, {"type": "Feature", "geometry": {"type": "Point", "coordinates": [688849.738016359, 2524641.89317419]}, "properties": {"depth_m": 1.702, "depth_ft": 5.58}}, {"type": "Feature", "geometry": {"type": "Point", "coordinates": [689389.738016359, 2524611.89317419]}, "properties": {"depth_m": 1.699, "depth_ft": 5.57}}, {"type": "Feature", "geometry": {"type": "Point", "coordinates": [690229.738016359, 2522301.89317419]}, "properties": {"depth_m": 1.697, "depth_ft": 5.57}}, {"type": "Feature", "geometry": {"type": "Point", "coordinates": [686269.738016359, 2530431.89317419]}, "properties": {"depth_m": 1.693, "depth_ft": 5.55}}, {"type": "Feature", "geometry": {"type": "Point", "coordinates": [690739.738016359, 2521491.89317419]}, "properties": {"depth_m": 1.69, "depth_ft": 5.55}}, {"type": "Feature", "geometry": {"type": "Point", "coordinates": [686959.738016359, 2528661.89317419]}, "properties": {"depth_m": 1.689, "depth_ft": 5.54}}, {"type": "Feature", "geometry": {"type": "Point", "coordinates": [690199.738016359, 2522811.89317419]}, "properties": {"depth_m": 1.685, "depth_ft": 5.53}}, {"type": "Feature", "geometry": {"type": "Point", "coordinates": [689899.738016359, 2523261.89317419]}, "properties": {"depth_m": 1.682, "depth_ft": 5.52}}, {"type": "Feature", "geometry": {"type": "Point", "coordinates": [686419.738016359, 2530251.89317419]}, "properties": {"depth_m": 1.678, "depth_ft": 5.51}}, {"type": "Feature", "geometry": {"type": "Point", "coordinates": [685909.738016359, 2529291.89317419]}, "properties": {"depth_m": 1.676, "depth_ft": 5.5}}, {"type": "Feature", "geometry": {"type": "Point", "coordinates": [686929.738016359, 2528511.89317419]}, "properties": {"depth_m": 1.675, "depth_ft": 5.49}}, {"type": "Feature", "geometry": {"type": "Point", "coordinates": [690589.738016359, 2521581.89317419]}, "properties": {"depth_m": 1.67, "depth_ft": 5.48}}, {"type": "Feature", "geometry": {"type": "Point", "coordinates": [688729.738016359, 2526621.89317419]}, "properties": {"depth_m": 1.666, "depth_ft": 5.47}}, {"type": "Feature", "geometry": {"type": "Point", "coordinates": [690799.738016359, 2520081.89317419]}, "properties": {"depth_m": 1.664, "depth_ft": 5.46}}, {"type": "Feature", "geometry": {"type": "Point", "coordinates": [686209.738016359, 2529321.89317419]}, "properties": {"depth_m": 1.66, "depth_ft": 5.45}}, {"type": "Feature", "geometry": {"type": "Point", "coordinates": [689149.738016359, 2526411.89317419]}, "properties": {"depth_m": 1.658, "depth_ft": 5.44}}, {"type": "Feature", "geometry": {"type": "Point", "coordinates": [690109.738016359, 2520711.89317419]}, "properties": {"depth_m": 1.655, "depth_ft": 5.43}}, {"type": "Feature", "geometry": {"type": "Point", "coordinates": [687859.738016359, 2526831.89317419]}, "properties": {"depth_m": 1.652, "depth_ft": 5.42}}, {"type": "Feature", "geometry": {"type": "Point", "coordinates": [690739.738016359, 2519121.89317419]}, "properties": {"depth_m": 1.649, "depth_ft": 5.41}}, {"type": "Feature", "geometry": {"type": "Point", "coordinates": [688609.738016359, 2527341.89317419]}, "properties": {"depth_m": 1.646, "depth_ft": 5.4}}, {"type": "Feature", "geometry": {"type": "Point", "coordinates": [686719.738016359, 2529081.89317419]}, "properties": {"depth_m": 1.641, "depth_ft": 5.38}}, {"type": "Feature", "geometry": {"type": "Point", "coordinates": [690439.738016359, 2522301.89317419]}, "properties": {"depth_m": 1.638, "depth_ft": 5.37}}, {"type": "Feature", "geometry": {"type": "Point", "coordinates": [688069.738016359, 2528541.89317419]}, "properties": {"depth_m": 1.636, "depth_ft": 5.37}}, {"type": "Feature", "geometry": {"type": "Point", "coordinates": [690499.738016359, 2521101.89317419]}, "properties": {"depth_m": 1.634, "depth_ft": 5.36}}, {"type": "Feature", "geometry": {"type": "Point", "coordinates": [685879.738016359, 2529441.89317419]}, "properties": {"depth_m": 1.631, "depth_ft": 5.35}}, {"type": "Feature", "geometry": {"type": "Point", "coordinates": [690589.738016359, 2519211.89317419]}, "properties": {"depth_m": 1.628, "depth_ft": 5.34}}, {"type": "Feature", "geometry": {"type": "Point", "coordinates": [687619.738016359, 2529201.89317419]}, "properties": {"depth_m": 1.625, "depth_ft": 5.33}}, {"type": "Feature", "geometry": {"type": "Point", "coordinates": [686329.738016359, 2529411.89317419]}, "properties": {"depth_m": 1.623, "depth_ft": 5.32}}, {"type": "Feature", "geometry": {"type": "Point", "coordinates": [690859.738016359, 2519781.89317419]}, "properties": {"depth_m": 1.62, "depth_ft": 5.32}}, {"type": "Feature", "geometry": {"type": "Point", "coordinates": [689569.738016359, 2522241.89317419]}, "properties": {"depth_m": 1.618, "depth_ft": 5.31}}, {"type": "Feature", "geometry": {"type": "Point", "coordinates": [685639.738016359, 2530101.89317419]}, "properties": {"depth_m": 1.615, "depth_ft": 5.3}}, {"type": "Feature", "geometry": {"type": "Point", "coordinates": [689539.738016359, 2524791.89317419]}, "properties": {"depth_m": 1.613, "depth_ft": 5.29}}, {"type": "Feature", "geometry": {"type": "Point", "coordinates": [687829.738016359, 2526861.89317419]}, "properties": {"depth_m": 1.611, "depth_ft": 5.28}}, {"type": "Feature", "geometry": {"type": "Point", "coordinates": [685699.738016359, 2530221.89317419]}, "properties": {"depth_m": 1.608, "depth_ft": 5.28}}, {"type": "Feature", "geometry": {"type": "Point", "coordinates": [690799.738016359, 2521041.89317419]}, "properties": {"depth_m": 1.607, "depth_ft": 5.27}}, {"type": "Feature", "geometry": {"type": "Point", "coordinates": [690799.738016359, 2520021.89317419]}, "properties": {"depth_m": 1.606, "depth_ft": 5.27}}, {"type": "Feature", "geometry": {"type": "Point", "coordinates": [686389.738016359, 2529171.89317419]}, "properties": {"depth_m": 1.602, "depth_ft": 5.26}}, {"type": "Feature", "geometry": {"type": "Point", "coordinates": [690589.738016359, 2519331.89317419]}, "properties": {"depth_m": 1.601, "depth_ft": 5.25}}, {"type": "Feature", "geometry": {"type": "Point", "coordinates": [686989.738016359, 2529711.89317419]}, "properties": {"depth_m": 1.598, "depth_ft": 5.24}}, {"type": "Feature", "geometry": {"type": "Point", "coordinates": [688459.738016359, 2528031.89317419]}, "properties": {"depth_m": 1.596, "depth_ft": 5.23}}, {"type": "Feature", "geometry": {"type": "Point", "coordinates": [689569.738016359, 2520531.89317419]}, "properties": {"depth_m": 1.594, "depth_ft": 5.23}}, {"type": "Feature", "geometry": {"type": "Point", "coordinates": [686779.738016359, 2528811.89317419]}, "properties": {"depth_m": 1.59, "depth_ft": 5.22}}, {"type": "Feature", "geometry": {"type": "Point", "coordinates": [690019.738016359, 2522451.89317419]}, "properties": {"depth_m": 1.587, "depth_ft": 5.21}}, {"type": "Feature", "geometry": {"type": "Point", "coordinates": [691249.738016359, 2519391.89317419]}, "properties": {"depth_m": 1.585, "depth_ft": 5.2}}, {"type": "Feature", "geometry": {"type": "Point", "coordinates": [687079.738016359, 2528481.89317419]}, "properties": {"depth_m": 1.583, "depth_ft": 5.19}}, {"type": "Feature", "geometry": {"type": "Point", "coordinates": [688669.738016359, 2527191.89317419]}, "properties": {"depth_m": 1.582, "depth_ft": 5.19}}, {"type": "Feature", "geometry": {"type": "Point", "coordinates": [690469.738016359, 2522211.89317419]}, "properties": {"depth_m": 1.58, "depth_ft": 5.18}}, {"type": "Feature", "geometry": {"type": "Point", "coordinates": [685999.738016359, 2529231.89317419]}, "properties": {"depth_m": 1.578, "depth_ft": 5.18}}, {"type": "Feature", "geometry": {"type": "Point", "coordinates": [688999.738016359, 2525841.89317419]}, "properties": {"depth_m": 1.573, "depth_ft": 5.16}}, {"type": "Feature", "geometry": {"type": "Point", "coordinates": [688759.738016359, 2527011.89317419]}, "properties": {"depth_m": 1.569, "depth_ft": 5.15}}, {"type": "Feature", "geometry": {"type": "Point", "coordinates": [688519.738016359, 2526081.89317419]}, "properties": {"depth_m": 1.567, "depth_ft": 5.14}}, {"type": "Feature", "geometry": {"type": "Point", "coordinates": [689659.738016359, 2521131.89317419]}, "properties": {"depth_m": 1.562, "depth_ft": 5.12}}, {"type": "Feature", "geometry": {"type": "Point", "coordinates": [691009.738016359, 2518701.89317419]}, "properties": {"depth_m": 1.559, "depth_ft": 5.12}}, {"type": "Feature", "geometry": {"type": "Point", "coordinates": [686989.738016359, 2528151.89317419]}, "properties": {"depth_m": 1.556, "depth_ft": 5.1}}, {"type": "Feature", "geometry": {"type": "Point", "coordinates": [686449.738016359, 2530401.89317419]}, "properties": {"depth_m": 1.552, "depth_ft": 5.09}}, {"type": "Feature", "geometry": {"type": "Point", "coordinates": [688099.738016359, 2526171.89317419]}, "properties": {"depth_m": 1.548, "depth_ft": 5.08}}, {"type": "Feature", "geometry": {"type": "Point", "coordinates": [686989.738016359, 2528481.89317419]}, "properties": {"depth_m": 1.545, "depth_ft": 5.07}}, {"type": "Feature", "geometry": {"type": "Point", "coordinates": [687499.738016359, 2528031.89317419]}, "properties": {"depth_m": 1.541, "depth_ft": 5.06}}, {"type": "Feature", "geometry": {"type": "Point", "coordinates": [689569.738016359, 2525181.89317419]}, "properties": {"depth_m": 1.534, "depth_ft": 5.03}}, {"type": "Feature", "geometry": {"type": "Point", "coordinates": [685909.738016359, 2529951.89317419]}, "properties": {"depth_m": 1.532, "depth_ft": 5.03}}, {"type": "Feature", "geometry": {"type": "Point", "coordinates": [690769.738016359, 2518851.89317419]}, "properties": {"depth_m": 1.526, "depth_ft": 5.01}}, {"type": "Feature", "geometry": {"type": "Point", "coordinates": [688999.738016359, 2522751.89317419]}, "properties": {"depth_m": 1.522, "depth_ft": 4.99}}, {"type": "Feature", "geometry": {"type": "Point", "coordinates": [685729.738016359, 2531151.89317419]}, "properties": {"depth_m": 1.518, "depth_ft": 4.98}}, {"type": "Feature", "geometry": {"type": "Point", "coordinates": [689509.738016359, 2521461.89317419]}, "properties": {"depth_m": 1.515, "depth_ft": 4.97}}, {"type": "Feature", "geometry": {"type": "Point", "coordinates": [686959.738016359, 2528181.89317419]}, "properties": {"depth_m": 1.512, "depth_ft": 4.96}}, {"type": "Feature", "geometry": {"type": "Point", "coordinates": [690979.738016359, 2520201.89317419]}, "properties": {"depth_m": 1.509, "depth_ft": 4.95}}, {"type": "Feature", "geometry": {"type": "Point", "coordinates": [690499.738016359, 2519421.89317419]}, "properties": {"depth_m": 1.503, "depth_ft": 4.93}}, {"type": "Feature", "geometry": {"type": "Point", "coordinates": [686719.738016359, 2530101.89317419]}, "properties": {"depth_m": 1.5, "depth_ft": 4.92}}, {"type": "Feature", "geometry": {"type": "Point", "coordinates": [686359.738016359, 2530371.89317419]}, "properties": {"depth_m": 1.498, "depth_ft": 4.91}}, {"type": "Feature", "geometry": {"type": "Point", "coordinates": [690079.738016359, 2523081.89317419]}, "properties": {"depth_m": 1.494, "depth_ft": 4.9}}, {"type": "Feature", "geometry": {"type": "Point", "coordinates": [688279.738016359, 2525691.89317419]}, "properties": {"depth_m": 1.492, "depth_ft": 4.89}}, {"type": "Feature", "geometry": {"type": "Point", "coordinates": [691009.738016359, 2519751.89317419]}, "properties": {"depth_m": 1.489, "depth_ft": 4.89}}, {"type": "Feature", "geometry": {"type": "Point", "coordinates": [689809.738016359, 2523171.89317419]}, "properties": {"depth_m": 1.486, "depth_ft": 4.88}}, {"type": "Feature", "geometry": {"type": "Point", "coordinates": [689479.738016359, 2525661.89317419]}, "properties": {"depth_m": 1.484, "depth_ft": 4.87}}, {"type": "Feature", "geometry": {"type": "Point", "coordinates": [689299.738016359, 2525391.89317419]}, "properties": {"depth_m": 1.482, "depth_ft": 4.86}}, {"type": "Feature", "geometry": {"type": "Point", "coordinates": [687619.738016359, 2529171.89317419]}, "properties": {"depth_m": 1.48, "depth_ft": 4.86}}, {"type": "Feature", "geometry": {"type": "Point", "coordinates": [690529.738016359, 2520591.89317419]}, "properties": {"depth_m": 1.478, "depth_ft": 4.85}}, {"type": "Feature", "geometry": {"type": "Point", "coordinates": [688999.738016359, 2522721.89317419]}, "properties": {"depth_m": 1.477, "depth_ft": 4.84}}, {"type": "Feature", "geometry": {"type": "Point", "coordinates": [687619.738016359, 2526381.89317419]}, "properties": {"depth_m": 1.476, "depth_ft": 4.84}}, {"type": "Feature", "geometry": {"type": "Point", "coordinates": [690439.738016359, 2521371.89317419]}, "properties": {"depth_m": 1.474, "depth_ft": 4.84}}, {"type": "Feature", "geometry": {"type": "Point", "coordinates": [685669.738016359, 2529801.89317419]}, "properties": {"depth_m": 1.473, "depth_ft": 4.83}}, {"type": "Feature", "geometry": {"type": "Point", "coordinates": [690409.738016359, 2521401.89317419]}, "properties": {"depth_m": 1.472, "depth_ft": 4.83}}, {"type": "Feature", "geometry": {"type": "Point", "coordinates": [688849.738016359, 2527011.89317419]}, "properties": {"depth_m": 1.47, "depth_ft": 4.82}}, {"type": "Feature", "geometry": {"type": "Point", "coordinates": [686119.738016359, 2529021.89317419]}, "properties": {"depth_m": 1.467, "depth_ft": 4.81}}, {"type": "Feature", "geometry": {"type": "Point", "coordinates": [689539.738016359, 2524161.89317419]}, "properties": {"depth_m": 1.466, "depth_ft": 4.81}}, {"type": "Feature", "geometry": {"type": "Point", "coordinates": [689089.738016359, 2526561.89317419]}, "properties": {"depth_m": 1.463, "depth_ft": 4.8}}, {"type": "Feature", "geometry": {"type": "Point", "coordinates": [688789.738016359, 2526861.89317419]}, "properties": {"depth_m": 1.462, "depth_ft": 4.8}}, {"type": "Feature", "geometry": {"type": "Point", "coordinates": [688609.738016359, 2527701.89317419]}, "properties": {"depth_m": 1.46, "depth_ft": 4.79}}, {"type": "Feature", "geometry": {"type": "Point", "coordinates": [688669.738016359, 2523501.89317419]}, "properties": {"depth_m": 1.459, "depth_ft": 4.79}}, {"type": "Feature", "geometry": {"type": "Point", "coordinates": [687469.738016359, 2527341.89317419]}, "properties": {"depth_m": 1.458, "depth_ft": 4.78}}, {"type": "Feature", "geometry": {"type": "Point", "coordinates": [691009.738016359, 2520171.89317419]}, "properties": {"depth_m": 1.455, "depth_ft": 4.77}}, {"type": "Feature", "geometry": {"type": "Point", "coordinates": [690139.738016359, 2520531.89317419]}, "properties": {"depth_m": 1.454, "depth_ft": 4.77}}, {"type": "Feature", "geometry": {"type": "Point", "coordinates": [689959.738016359, 2520501.89317419]}, "properties": {"depth_m": 1.451, "depth_ft": 4.76}}, {"type": "Feature", "geometry": {"type": "Point", "coordinates": [690679.738016359, 2521701.89317419]}, "properties": {"depth_m": 1.448, "depth_ft": 4.75}}, {"type": "Feature", "geometry": {"type": "Point", "coordinates": [686449.738016359, 2528931.89317419]}, "properties": {"depth_m": 1.446, "depth_ft": 4.74}}, {"type": "Feature", "geometry": {"type": "Point", "coordinates": [689569.738016359, 2523891.89317419]}, "properties": {"depth_m": 1.444, "depth_ft": 4.74}}, {"type": "Feature", "geometry": {"type": "Point", "coordinates": [688159.738016359, 2529021.89317419]}, "properties": {"depth_m": 1.442, "depth_ft": 4.73}}, {"type": "Feature", "geometry": {"type": "Point", "coordinates": [685939.738016359, 2530941.89317419]}, "properties": {"depth_m": 1.438, "depth_ft": 4.72}}, {"type": "Feature", "geometry": {"type": "Point", "coordinates": [686329.738016359, 2528721.89317419]}, "properties": {"depth_m": 1.434, "depth_ft": 4.7}}, {"type": "Feature", "geometry": {"type": "Point", "coordinates": [689449.738016359, 2525631.89317419]}, "properties": {"depth_m": 1.43, "depth_ft": 4.69}}, {"type": "Feature", "geometry": {"type": "Point", "coordinates": [690289.738016359, 2519691.89317419]}, "properties": {"depth_m": 1.428, "depth_ft": 4.69}}, {"type": "Feature", "geometry": {"type": "Point", "coordinates": [686899.738016359, 2528661.89317419]}, "properties": {"depth_m": 1.427, "depth_ft": 4.68}}, {"type": "Feature", "geometry": {"type": "Point", "coordinates": [690739.738016359, 2518941.89317419]}, "properties": {"depth_m": 1.425, "depth_ft": 4.68}}, {"type": "Feature", "geometry": {"type": "Point", "coordinates": [691039.738016359, 2519421.89317419]}, "properties": {"depth_m": 1.423, "depth_ft": 4.67}}, {"type": "Feature", "geometry": {"type": "Point", "coordinates": [690949.738016359, 2520621.89317419]}, "properties": {"depth_m": 1.421, "depth_ft": 4.66}}, {"type": "Feature", "geometry": {"type": "Point", "coordinates": [686359.738016359, 2528811.89317419]}, "properties": {"depth_m": 1.42, "depth_ft": 4.66}}, {"type": "Feature", "geometry": {"type": "Point", "coordinates": [686119.738016359, 2529501.89317419]}, "properties": {"depth_m": 1.417, "depth_ft": 4.65}}, {"type": "Feature", "geometry": {"type": "Point", "coordinates": [687439.738016359, 2527401.89317419]}, "properties": {"depth_m": 1.414, "depth_ft": 4.64}}, {"type": "Feature", "geometry": {"type": "Point", "coordinates": [688249.738016359, 2526141.89317419]}, "properties": {"depth_m": 1.412, "depth_ft": 4.63}}, {"type": "Feature", "geometry": {"type": "Point", "coordinates": [690469.738016359, 2521161.89317419]}, "properties": {"depth_m": 1.408, "depth_ft": 4.62}}, {"type": "Feature", "geometry": {"type": "Point", "coordinates": [689779.738016359, 2521701.89317419]}, "properties": {"depth_m": 1.406, "depth_ft": 4.61}}, {"type": "Feature", "geometry": {"type": "Point", "coordinates": [689809.738016359, 2523321.89317419]}, "properties": {"depth_m": 1.405, "depth_ft": 4.61}}, {"type": "Feature", "geometry": {"type": "Point", "coordinates": [690019.738016359, 2520951.89317419]}, "properties": {"depth_m": 1.402, "depth_ft": 4.6}}, {"type": "Feature", "geometry": {"type": "Point", "coordinates": [689029.738016359, 2526501.89317419]}, "properties": {"depth_m": 1.399, "depth_ft": 4.59}}, {"type": "Feature", "geometry": {"type": "Point", "coordinates": [687049.738016359, 2527521.89317419]}, "properties": {"depth_m": 1.397, "depth_ft": 4.58}}, {"type": "Feature", "geometry": {"type": "Point", "coordinates": [689839.738016359, 2520291.89317419]}, "properties": {"depth_m": 1.395, "depth_ft": 4.58}}, {"type": "Feature", "geometry": {"type": "Point", "coordinates": [689719.738016359, 2521221.89317419]}, "properties": {"depth_m": 1.393, "depth_ft": 4.57}}, {"type": "Feature", "geometry": {"type": "Point", "coordinates": [690979.738016359, 2519811.89317419]}, "properties": {"depth_m": 1.39, "depth_ft": 4.56}}, {"type": "Feature", "geometry": {"type": "Point", "coordinates": [689389.738016359, 2524461.89317419]}, "properties": {"depth_m": 1.386, "depth_ft": 4.55}}, {"type": "Feature", "geometry": {"type": "Point", "coordinates": [687889.738016359, 2528781.89317419]}, "properties": {"depth_m": 1.383, "depth_ft": 4.54}}, {"type": "Feature", "geometry": {"type": "Point", "coordinates": [688159.738016359, 2528841.89317419]}, "properties": {"depth_m": 1.382, "depth_ft": 4.53}}, {"type": "Feature", "geometry": {"type": "Point", "coordinates": [689569.738016359, 2520381.89317419]}, "properties": {"depth_m": 1.381, "depth_ft": 4.53}}, {"type": "Feature", "geometry": {"type": "Point", "coordinates": [686119.738016359, 2529591.89317419]}, "properties": {"depth_m": 1.38, "depth_ft": 4.53}}, {"type": "Feature", "geometry": {"type": "Point", "coordinates": [686239.738016359, 2530641.89317419]}, "properties": {"depth_m": 1.378, "depth_ft": 4.52}}, {"type": "Feature", "geometry": {"type": "Point", "coordinates": [687799.738016359, 2526261.89317419]}, "properties": {"depth_m": 1.375, "depth_ft": 4.51}}, {"type": "Feature", "geometry": {"type": "Point", "coordinates": [687229.738016359, 2527791.89317419]}, "properties": {"depth_m": 1.372, "depth_ft": 4.5}}, {"type": "Feature", "geometry": {"type": "Point", "coordinates": [686419.738016359, 2530401.89317419]}, "properties": {"depth_m": 1.37, "depth_ft": 4.49}}, {"type": "Feature", "geometry": {"type": "Point", "coordinates": [689509.738016359, 2524821.89317419]}, "properties": {"depth_m": 1.369, "depth_ft": 4.49}}, {"type": "Feature", "geometry": {"type": "Point", "coordinates": [688609.738016359, 2527521.89317419]}, "properties": {"depth_m": 1.368, "depth_ft": 4.49}}, {"type": "Feature", "geometry": {"type": "Point", "coordinates": [688399.738016359, 2525451.89317419]}, "properties": {"depth_m": 1.365, "depth_ft": 4.48}}, {"type": "Feature", "geometry": {"type": "Point", "coordinates": [688129.738016359, 2526171.89317419]}, "properties": {"depth_m": 1.364, "depth_ft": 4.47}}, {"type": "Feature", "geometry": {"type": "Point", "coordinates": [689779.738016359, 2521581.89317419]}, "properties": {"depth_m": 1.363, "depth_ft": 4.47}}, {"type": "Feature", "geometry": {"type": "Point", "coordinates": [690169.738016359, 2522901.89317419]}, "properties": {"depth_m": 1.361, "depth_ft": 4.47}}, {"type": "Feature", "geometry": {"type": "Point", "coordinates": [690139.738016359, 2522901.89317419]}, "properties": {"depth_m": 1.359, "depth_ft": 4.46}}, {"type": "Feature", "geometry": {"type": "Point", "coordinates": [687019.738016359, 2527491.89317419]}, "properties": {"depth_m": 1.357, "depth_ft": 4.45}}, {"type": "Feature", "geometry": {"type": "Point", "coordinates": [689809.738016359, 2520261.89317419]}, "properties": {"depth_m": 1.353, "depth_ft": 4.44}}, {"type": "Feature", "geometry": {"type": "Point", "coordinates": [690829.738016359, 2520051.89317419]}, "properties": {"depth_m": 1.351, "depth_ft": 4.43}}, {"type": "Feature", "geometry": {"type": "Point", "coordinates": [689329.738016359, 2525481.89317419]}, "properties": {"depth_m": 1.349, "depth_ft": 4.43}}, {"type": "Feature", "geometry": {"type": "Point", "coordinates": [690109.738016359, 2519841.89317419]}, "properties": {"depth_m": 1.347, "depth_ft": 4.42}}, {"type": "Feature", "geometry": {"type": "Point", "coordinates": [690529.738016359, 2519481.89317419]}, "properties": {"depth_m": 1.343, "depth_ft": 4.41}}, {"type": "Feature", "geometry": {"type": "Point", "coordinates": [690799.738016359, 2519001.89317419]}, "properties": {"depth_m": 1.339, "depth_ft": 4.39}}, {"type": "Feature", "geometry": {"type": "Point", "coordinates": [688129.738016359, 2528841.89317419]}, "properties": {"depth_m": 1.336, "depth_ft": 4.38}}, {"type": "Feature", "geometry": {"type": "Point", "coordinates": [690019.738016359, 2520501.89317419]}, "properties": {"depth_m": 1.333, "depth_ft": 4.37}}, {"type": "Feature", "geometry": {"type": "Point", "coordinates": [685969.738016359, 2529261.89317419]}, "properties": {"depth_m": 1.332, "depth_ft": 4.37}}, {"type": "Feature", "geometry": {"type": "Point", "coordinates": [690739.738016359, 2521461.89317419]}, "properties": {"depth_m": 1.329, "depth_ft": 4.36}}, {"type": "Feature", "geometry": {"type": "Point", "coordinates": [687529.738016359, 2526921.89317419]}, "properties": {"depth_m": 1.327, "depth_ft": 4.35}}, {"type": "Feature", "geometry": {"type": "Point", "coordinates": [687319.738016359, 2528151.89317419]}, "properties": {"depth_m": 1.324, "depth_ft": 4.34}}, {"type": "Feature", "geometry": {"type": "Point", "coordinates": [690349.738016359, 2522361.89317419]}, "properties": {"depth_m": 1.321, "depth_ft": 4.33}}, {"type": "Feature", "geometry": {"type": "Point", "coordinates": [688759.738016359, 2523081.89317419]}, "properties": {"depth_m": 1.319, "depth_ft": 4.33}}, {"type": "Feature", "geometry": {"type": "Point", "coordinates": [688339.738016359, 2525931.89317419]}, "properties": {"depth_m": 1.318, "depth_ft": 4.32}}, {"type": "Feature", "geometry": {"type": "Point", "coordinates": [687559.738016359, 2526981.89317419]}, "properties": {"depth_m": 1.314, "depth_ft": 4.31}}, {"type": "Feature", "geometry": {"type": "Point", "coordinates": [690529.738016359, 2521791.89317419]}, "properties": {"depth_m": 1.311, "depth_ft": 4.3}}, {"type": "Feature", "geometry": {"type": "Point", "coordinates": [689989.738016359, 2520471.89317419]}, "properties": {"depth_m": 1.309, "depth_ft": 4.3}}, {"type": "Feature", "geometry": {"type": "Point", "coordinates": [690379.738016359, 2522361.89317419]}, "properties": {"depth_m": 1.308, "depth_ft": 4.29}}, {"type": "Feature", "geometry": {"type": "Point", "coordinates": [689599.738016359, 2523441.89317419]}, "properties": {"depth_m": 1.304, "depth_ft": 4.28}}, {"type": "Feature", "geometry": {"type": "Point", "coordinates": [688039.738016359, 2527971.89317419]}, "properties": {"depth_m": 1.302, "depth_ft": 4.27}}, {"type": "Feature", "geometry": {"type": "Point", "coordinates": [690739.738016359, 2520981.89317419]}, "properties": {"depth_m": 1.3, "depth_ft": 4.26}}, {"type": "Feature", "geometry": {"type": "Point", "coordinates": [689569.738016359, 2520741.89317419]}, "properties": {"depth_m": 1.297, "depth_ft": 4.25}}, {"type": "Feature", "geometry": {"type": "Point", "coordinates": [689509.738016359, 2521881.89317419]}, "properties": {"depth_m": 1.296, "depth_ft": 4.25}}, {"type": "Feature", "geometry": {"type": "Point", "coordinates": [686179.738016359, 2529411.89317419]}, "properties": {"depth_m": 1.295, "depth_ft": 4.25}}, {"type": "Feature", "geometry": {"type": "Point", "coordinates": [688339.738016359, 2525781.89317419]}, "properties": {"depth_m": 1.294, "depth_ft": 4.24}}, {"type": "Feature", "geometry": {"type": "Point", "coordinates": [688339.738016359, 2525511.89317419]}, "properties": {"depth_m": 1.292, "depth_ft": 4.24}}, {"type": "Feature", "geometry": {"type": "Point", "coordinates": [690259.738016359, 2522721.89317419]}, "properties": {"depth_m": 1.288, "depth_ft": 4.23}}, {"type": "Feature", "geometry": {"type": "Point", "coordinates": [688339.738016359, 2527911.89317419]}, "properties": {"depth_m": 1.286, "depth_ft": 4.22}}, {"type": "Feature", "geometry": {"type": "Point", "coordinates": [688669.738016359, 2523231.89317419]}, "properties": {"depth_m": 1.285, "depth_ft": 4.22}}, {"type": "Feature", "geometry": {"type": "Point", "coordinates": [686449.738016359, 2530221.89317419]}, "properties": {"depth_m": 1.282, "depth_ft": 4.21}}, {"type": "Feature", "geometry": {"type": "Point", "coordinates": [688219.738016359, 2528691.89317419]}, "properties": {"depth_m": 1.277, "depth_ft": 4.19}}, {"type": "Feature", "geometry": {"type": "Point", "coordinates": [691219.738016359, 2519661.89317419]}, "properties": {"depth_m": 1.275, "depth_ft": 4.18}}, {"type": "Feature", "geometry": {"type": "Point", "coordinates": [687229.738016359, 2528511.89317419]}, "properties": {"depth_m": 1.272, "depth_ft": 4.17}}, {"type": "Feature", "geometry": {"type": "Point", "coordinates": [687709.738016359, 2529351.89317419]}, "properties": {"depth_m": 1.271, "depth_ft": 4.17}}, {"type": "Feature", "geometry": {"type": "Point", "coordinates": [687919.738016359, 2529291.89317419]}, "properties": {"depth_m": 1.269, "depth_ft": 4.16}}, {"type": "Feature", "geometry": {"type": "Point", "coordinates": [688399.738016359, 2525661.89317419]}, "properties": {"depth_m": 1.267, "depth_ft": 4.16}}, {"type": "Feature", "geometry": {"type": "Point", "coordinates": [689839.738016359, 2520231.89317419]}, "properties": {"depth_m": 1.263, "depth_ft": 4.14}}, {"type": "Feature", "geometry": {"type": "Point", "coordinates": [686869.738016359, 2528271.89317419]}, "properties": {"depth_m": 1.261, "depth_ft": 4.14}}, {"type": "Feature", "geometry": {"type": "Point", "coordinates": [689239.738016359, 2522301.89317419]}, "properties": {"depth_m": 1.258, "depth_ft": 4.13}}, {"type": "Feature", "geometry": {"type": "Point", "coordinates": [689209.738016359, 2522451.89317419]}, "properties": {"depth_m": 1.255, "depth_ft": 4.12}}, {"type": "Feature", "geometry": {"type": "Point", "coordinates": [686449.738016359, 2528721.89317419]}, "properties": {"depth_m": 1.252, "depth_ft": 4.11}}, {"type": "Feature", "geometry": {"type": "Point", "coordinates": [689359.738016359, 2521881.89317419]}, "properties": {"depth_m": 1.248, "depth_ft": 4.09}}, {"type": "Feature", "geometry": {"type": "Point", "coordinates": [689569.738016359, 2525241.89317419]}, "properties": {"depth_m": 1.245, "depth_ft": 4.08}}, {"type": "Feature", "geometry": {"type": "Point", "coordinates": [685789.738016359, 2530011.89317419]}, "properties": {"depth_m": 1.243, "depth_ft": 4.08}}, {"type": "Feature", "geometry": {"type": "Point", "coordinates": [688549.738016359, 2524941.89317419]}, "properties": {"depth_m": 1.242, "depth_ft": 4.08}}, {"type": "Feature", "geometry": {"type": "Point", "coordinates": [689719.738016359, 2521941.89317419]}, "properties": {"depth_m": 1.242, "depth_ft": 4.07}}, {"type": "Feature", "geometry": {"type": "Point", "coordinates": [686839.738016359, 2529801.89317419]}, "properties": {"depth_m": 1.239, "depth_ft": 4.06}}, {"type": "Feature", "geometry": {"type": "Point", "coordinates": [685699.738016359, 2530161.89317419]}, "properties": {"depth_m": 1.234, "depth_ft": 4.05}}, {"type": "Feature", "geometry": {"type": "Point", "coordinates": [685849.738016359, 2530041.89317419]}, "properties": {"depth_m": 1.23, "depth_ft": 4.04}}, {"type": "Feature", "geometry": {"type": "Point", "coordinates": [689809.738016359, 2520321.89317419]}, "properties": {"depth_m": 1.228, "depth_ft": 4.03}}, {"type": "Feature", "geometry": {"type": "Point", "coordinates": [690019.738016359, 2520891.89317419]}, "properties": {"depth_m": 1.225, "depth_ft": 4.02}}, {"type": "Feature", "geometry": {"type": "Point", "coordinates": [688969.738016359, 2526021.89317419]}, "properties": {"depth_m": 1.223, "depth_ft": 4.01}}, {"type": "Feature", "geometry": {"type": "Point", "coordinates": [687229.738016359, 2529471.89317419]}, "properties": {"depth_m": 1.219, "depth_ft": 4.0}}, {"type": "Feature", "geometry": {"type": "Point", "coordinates": [689059.738016359, 2525631.89317419]}, "properties": {"depth_m": 1.218, "depth_ft": 4.0}}, {"type": "Feature", "geometry": {"type": "Point", "coordinates": [687919.738016359, 2528961.89317419]}, "properties": {"depth_m": 1.215, "depth_ft": 3.98}}, {"type": "Feature", "geometry": {"type": "Point", "coordinates": [690859.738016359, 2519901.89317419]}, "properties": {"depth_m": 1.212, "depth_ft": 3.98}}, {"type": "Feature", "geometry": {"type": "Point", "coordinates": [690019.738016359, 2523171.89317419]}, "properties": {"depth_m": 1.21, "depth_ft": 3.97}}, {"type": "Feature", "geometry": {"type": "Point", "coordinates": [689839.738016359, 2523381.89317419]}, "properties": {"depth_m": 1.207, "depth_ft": 3.96}}, {"type": "Feature", "geometry": {"type": "Point", "coordinates": [690589.738016359, 2520441.89317419]}, "properties": {"depth_m": 1.205, "depth_ft": 3.95}}, {"type": "Feature", "geometry": {"type": "Point", "coordinates": [689209.738016359, 2525661.89317419]}, "properties": {"depth_m": 1.204, "depth_ft": 3.95}}, {"type": "Feature", "geometry": {"type": "Point", "coordinates": [686059.738016359, 2530851.89317419]}, "properties": {"depth_m": 1.203, "depth_ft": 3.95}}, {"type": "Feature", "geometry": {"type": "Point", "coordinates": [689719.738016359, 2523261.89317419]}, "properties": {"depth_m": 1.201, "depth_ft": 3.94}}, {"type": "Feature", "geometry": {"type": "Point", "coordinates": [688609.738016359, 2525001.89317419]}, "properties": {"depth_m": 1.199, "depth_ft": 3.93}}, {"type": "Feature", "geometry": {"type": "Point", "coordinates": [688579.738016359, 2525541.89317419]}, "properties": {"depth_m": 1.197, "depth_ft": 3.93}}, {"type": "Feature", "geometry": {"type": "Point", "coordinates": [688999.738016359, 2524251.89317419]}, "properties": {"depth_m": 1.194, "depth_ft": 3.92}}, {"type": "Feature", "geometry": {"type": "Point", "coordinates": [690769.738016359, 2521281.89317419]}, "properties": {"depth_m": 1.19, "depth_ft": 3.91}}, {"type": "Feature", "geometry": {"type": "Point", "coordinates": [688669.738016359, 2524941.89317419]}, "properties": {"depth_m": 1.189, "depth_ft": 3.9}}, {"type": "Feature", "geometry": {"type": "Point", "coordinates": [687799.738016359, 2526291.89317419]}, "properties": {"depth_m": 1.187, "depth_ft": 3.89}}, {"type": "Feature", "geometry": {"type": "Point", "coordinates": [687169.738016359, 2528511.89317419]}, "properties": {"depth_m": 1.181, "depth_ft": 3.87}}, {"type": "Feature", "geometry": {"type": "Point", "coordinates": [689719.738016359, 2521701.89317419]}, "properties": {"depth_m": 1.179, "depth_ft": 3.87}}, {"type": "Feature", "geometry": {"type": "Point", "coordinates": [689869.738016359, 2521431.89317419]}, "properties": {"depth_m": 1.175, "depth_ft": 3.85}}, {"type": "Feature", "geometry": {"type": "Point", "coordinates": [689989.738016359, 2523201.89317419]}, "properties": {"depth_m": 1.173, "depth_ft": 3.85}}, {"type": "Feature", "geometry": {"type": "Point", "coordinates": [690709.738016359, 2519181.89317419]}, "properties": {"depth_m": 1.171, "depth_ft": 3.84}}, {"type": "Feature", "geometry": {"type": "Point", "coordinates": [690649.738016359, 2521431.89317419]}, "properties": {"depth_m": 1.17, "depth_ft": 3.84}}, {"type": "Feature", "geometry": {"type": "Point", "coordinates": [689989.738016359, 2523171.89317419]}, "properties": {"depth_m": 1.166, "depth_ft": 3.83}}, {"type": "Feature", "geometry": {"type": "Point", "coordinates": [690619.738016359, 2521971.89317419]}, "properties": {"depth_m": 1.162, "depth_ft": 3.81}}, {"type": "Feature", "geometry": {"type": "Point", "coordinates": [686419.738016359, 2530521.89317419]}, "properties": {"depth_m": 1.159, "depth_ft": 3.8}}, {"type": "Feature", "geometry": {"type": "Point", "coordinates": [685939.738016359, 2529291.89317419]}, "properties": {"depth_m": 1.158, "depth_ft": 3.8}}, {"type": "Feature", "geometry": {"type": "Point", "coordinates": [687889.738016359, 2528961.89317419]}, "properties": {"depth_m": 1.155, "depth_ft": 3.79}}, {"type": "Feature", "geometry": {"type": "Point", "coordinates": [689509.738016359, 2521971.89317419]}, "properties": {"depth_m": 1.153, "depth_ft": 3.78}}, {"type": "Feature", "geometry": {"type": "Point", "coordinates": [690109.738016359, 2522781.89317419]}, "properties": {"depth_m": 1.152, "depth_ft": 3.78}}, {"type": "Feature", "geometry": {"type": "Point", "coordinates": [688969.738016359, 2526411.89317419]}, "properties": {"depth_m": 1.15, "depth_ft": 3.77}}, {"type": "Feature", "geometry": {"type": "Point", "coordinates": [688399.738016359, 2527491.89317419]}, "properties": {"depth_m": 1.147, "depth_ft": 3.76}}, {"type": "Feature", "geometry": {"type": "Point", "coordinates": [688069.738016359, 2527971.89317419]}, "properties": {"depth_m": 1.143, "depth_ft": 3.75}}, {"type": "Feature", "geometry": {"type": "Point", "coordinates": [688309.738016359, 2525931.89317419]}, "properties": {"depth_m": 1.141, "depth_ft": 3.74}}, {"type": "Feature", "geometry": {"type": "Point", "coordinates": [689239.738016359, 2522121.89317419]}, "properties": {"depth_m": 1.139, "depth_ft": 3.74}}, {"type": "Feature", "geometry": {"type": "Point", "coordinates": [690289.738016359, 2519361.89317419]}, "properties": {"depth_m": 1.138, "depth_ft": 3.73}}, {"type": "Feature", "geometry": {"type": "Point", "coordinates": [690229.738016359, 2519751.89317419]}, "properties": {"depth_m": 1.136, "depth_ft": 3.73}}, {"type": "Feature", "geometry": {"type": "Point", "coordinates": [691519.738016359, 2518941.89317419]}, "properties": {"depth_m": 1.133, "depth_ft": 3.72}}, {"type": "Feature", "geometry": {"type": "Point", "coordinates": [686959.738016359, 2528631.89317419]}, "properties": {"depth_m": 1.131, "depth_ft": 3.71}}, {"type": "Feature", "geometry": {"type": "Point", "coordinates": [686569.738016359, 2528511.89317419]}, "properties": {"depth_m": 1.126, "depth_ft": 3.7}}, {"type": "Feature", "geometry": {"type": "Point", "coordinates": [690769.738016359, 2520981.89317419]}, "properties": {"depth_m": 1.125, "depth_ft": 3.69}}, {"type": "Feature", "geometry": {"type": "Point", "coordinates": [688009.738016359, 2526081.89317419]}, "properties": {"depth_m": 1.123, "depth_ft": 3.69}}, {"type": "Feature", "geometry": {"type": "Point", "coordinates": [690259.738016359, 2519661.89317419]}, "properties": {"depth_m": 1.121, "depth_ft": 3.68}}, {"type": "Feature", "geometry": {"type": "Point", "coordinates": [690919.738016359, 2519601.89317419]}, "properties": {"depth_m": 1.118, "depth_ft": 3.67}}, {"type": "Feature", "geometry": {"type": "Point", "coordinates": [688009.738016359, 2529231.89317419]}, "properties": {"depth_m": 1.116, "depth_ft": 3.66}}, {"type": "Feature", "geometry": {"type": "Point", "coordinates": [689959.738016359, 2520141.89317419]}, "properties": {"depth_m": 1.114, "depth_ft": 3.65}}, {"type": "Feature", "geometry": {"type": "Point", "coordinates": [685969.738016359, 2529231.89317419]}, "properties": {"depth_m": 1.113, "depth_ft": 3.65}}, {"type": "Feature", "geometry": {"type": "Point", "coordinates": [689989.738016359, 2521191.89317419]}, "properties": {"depth_m": 1.111, "depth_ft": 3.64}}, {"type": "Feature", "geometry": {"type": "Point", "coordinates": [689119.738016359, 2526321.89317419]}, "properties": {"depth_m": 1.106, "depth_ft": 3.63}}, {"type": "Feature", "geometry": {"type": "Point", "coordinates": [689449.738016359, 2525721.89317419]}, "properties": {"depth_m": 1.106, "depth_ft": 3.63}}, {"type": "Feature", "geometry": {"type": "Point", "coordinates": [687349.738016359, 2529441.89317419]}, "properties": {"depth_m": 1.105, "depth_ft": 3.62}}, {"type": "Feature", "geometry": {"type": "Point", "coordinates": [690769.738016359, 2520021.89317419]}, "properties": {"depth_m": 1.104, "depth_ft": 3.62}}, {"type": "Feature", "geometry": {"type": "Point", "coordinates": [687979.738016359, 2529081.89317419]}, "properties": {"depth_m": 1.102, "depth_ft": 3.61}}, {"type": "Feature", "geometry": {"type": "Point", "coordinates": [690019.738016359, 2522991.89317419]}, "properties": {"depth_m": 1.099, "depth_ft": 3.61}}, {"type": "Feature", "geometry": {"type": "Point", "coordinates": [689569.738016359, 2520441.89317419]}, "properties": {"depth_m": 1.098, "depth_ft": 3.6}}, {"type": "Feature", "geometry": {"type": "Point", "coordinates": [689989.738016359, 2520111.89317419]}, "properties": {"depth_m": 1.096, "depth_ft": 3.6}}, {"type": "Feature", "geometry": {"type": "Point", "coordinates": [689899.738016359, 2519991.89317419]}, "properties": {"depth_m": 1.094, "depth_ft": 3.59}}, {"type": "Feature", "geometry": {"type": "Point", "coordinates": [690529.738016359, 2521101.89317419]}, "properties": {"depth_m": 1.092, "depth_ft": 3.58}}, {"type": "Feature", "geometry": {"type": "Point", "coordinates": [690829.738016359, 2520021.89317419]}, "properties": {"depth_m": 1.091, "depth_ft": 3.58}}, {"type": "Feature", "geometry": {"type": "Point", "coordinates": [688999.738016359, 2526021.89317419]}, "properties": {"depth_m": 1.087, "depth_ft": 3.57}}, {"type": "Feature", "geometry": {"type": "Point", "coordinates": [685849.738016359, 2529471.89317419]}, "properties": {"depth_m": 1.085, "depth_ft": 3.56}}, {"type": "Feature", "geometry": {"type": "Point", "coordinates": [689839.738016359, 2523441.89317419]}, "properties": {"depth_m": 1.082, "depth_ft": 3.55}}, {"type": "Feature", "geometry": {"type": "Point", "coordinates": [688639.738016359, 2527581.89317419]}, "properties": {"depth_m": 1.08, "depth_ft": 3.54}}, {"type": "Feature", "geometry": {"type": "Point", "coordinates": [689239.738016359, 2522571.89317419]}, "properties": {"depth_m": 1.078, "depth_ft": 3.54}}, {"type": "Feature", "geometry": {"type": "Point", "coordinates": [690019.738016359, 2520111.89317419]}, "properties": {"depth_m": 1.073, "depth_ft": 3.52}}, {"type": "Feature", "geometry": {"type": "Point", "coordinates": [689599.738016359, 2524131.89317419]}, "properties": {"depth_m": 1.072, "depth_ft": 3.52}}, {"type": "Feature", "geometry": {"type": "Point", "coordinates": [689809.738016359, 2521881.89317419]}, "properties": {"depth_m": 1.069, "depth_ft": 3.51}}, {"type": "Feature", "geometry": {"type": "Point", "coordinates": [687019.738016359, 2529741.89317419]}, "properties": {"depth_m": 1.066, "depth_ft": 3.5}}, {"type": "Feature", "geometry": {"type": "Point", "coordinates": [687049.738016359, 2529741.89317419]}, "properties": {"depth_m": 1.064, "depth_ft": 3.49}}, {"type": "Feature", "geometry": {"type": "Point", "coordinates": [690019.738016359, 2520561.89317419]}, "properties": {"depth_m": 1.062, "depth_ft": 3.49}}, {"type": "Feature", "geometry": {"type": "Point", "coordinates": [689989.738016359, 2521161.89317419]}, "properties": {"depth_m": 1.06, "depth_ft": 3.48}}, {"type": "Feature", "geometry": {"type": "Point", "coordinates": [687049.738016359, 2528301.89317419]}, "properties": {"depth_m": 1.058, "depth_ft": 3.47}}, {"type": "Feature", "geometry": {"type": "Point", "coordinates": [687499.738016359, 2529531.89317419]}, "properties": {"depth_m": 1.056, "depth_ft": 3.47}}, {"type": "Feature", "geometry": {"type": "Point", "coordinates": [690049.738016359, 2520111.89317419]}, "properties": {"depth_m": 1.053, "depth_ft": 3.45}}, {"type": "Feature", "geometry": {"type": "Point", "coordinates": [687649.738016359, 2526591.89317419]}, "properties": {"depth_m": 1.049, "depth_ft": 3.44}}, {"type": "Feature", "geometry": {"type": "Point", "coordinates": [689869.738016359, 2523501.89317419]}, "properties": {"depth_m": 1.046, "depth_ft": 3.43}}, {"type": "Feature", "geometry": {"type": "Point", "coordinates": [687409.738016359, 2529471.89317419]}, "properties": {"depth_m": 1.045, "depth_ft": 3.43}}, {"type": "Feature", "geometry": {"type": "Point", "coordinates": [686359.738016359, 2530341.89317419]}, "properties": {"depth_m": 1.042, "depth_ft": 3.42}}, {"type": "Feature", "geometry": {"type": "Point", "coordinates": [687919.738016359, 2529351.89317419]}, "properties": {"depth_m": 1.04, "depth_ft": 3.41}}, {"type": "Feature", "geometry": {"type": "Point", "coordinates": [691249.738016359, 2519361.89317419]}, "properties": {"depth_m": 1.04, "depth_ft": 3.41}}, {"type": "Feature", "geometry": {"type": "Point", "coordinates": [686869.738016359, 2529741.89317419]}, "properties": {"depth_m": 1.038, "depth_ft": 3.41}}, {"type": "Feature", "geometry": {"type": "Point", "coordinates": [688099.738016359, 2526021.89317419]}, "properties": {"depth_m": 1.037, "depth_ft": 3.4}}, {"type": "Feature", "geometry": {"type": "Point", "coordinates": [686989.738016359, 2529741.89317419]}, "properties": {"depth_m": 1.033, "depth_ft": 3.39}}, {"type": "Feature", "geometry": {"type": "Point", "coordinates": [689449.738016359, 2521641.89317419]}, "properties": {"depth_m": 1.03, "depth_ft": 3.38}}, {"type": "Feature", "geometry": {"type": "Point", "coordinates": [686329.738016359, 2530581.89317419]}, "properties": {"depth_m": 1.029, "depth_ft": 3.38}}, {"type": "Feature", "geometry": {"type": "Point", "coordinates": [690739.738016359, 2520831.89317419]}, "properties": {"depth_m": 1.027, "depth_ft": 3.37}}, {"type": "Feature", "geometry": {"type": "Point", "coordinates": [689689.738016359, 2523471.89317419]}, "properties": {"depth_m": 1.025, "depth_ft": 3.36}}, {"type": "Feature", "geometry": {"type": "Point", "coordinates": [689779.738016359, 2520291.89317419]}, "properties": {"depth_m": 1.023, "depth_ft": 3.36}}, {"type": "Feature", "geometry": {"type": "Point", "coordinates": [691189.738016359, 2519721.89317419]}, "properties": {"depth_m": 1.022, "depth_ft": 3.35}}, {"type": "Feature", "geometry": {"type": "Point", "coordinates": [690529.738016359, 2521281.89317419]}, "properties": {"depth_m": 1.019, "depth_ft": 3.34}}, {"type": "Feature", "geometry": {"type": "Point", "coordinates": [686449.738016359, 2529231.89317419]}, "properties": {"depth_m": 1.016, "depth_ft": 3.33}}, {"type": "Feature", "geometry": {"type": "Point", "coordinates": [690319.738016359, 2522691.89317419]}, "properties": {"depth_m": 1.014, "depth_ft": 3.33}}, {"type": "Feature", "geometry": {"type": "Point", "coordinates": [690499.738016359, 2521821.89317419]}, "properties": {"depth_m": 1.012, "depth_ft": 3.32}}, {"type": "Feature", "geometry": {"type": "Point", "coordinates": [686569.738016359, 2528991.89317419]}, "properties": {"depth_m": 1.01, "depth_ft": 3.31}}, {"type": "Feature", "geometry": {"type": "Point", "coordinates": [690649.738016359, 2519091.89317419]}, "properties": {"depth_m": 1.008, "depth_ft": 3.31}}, {"type": "Feature", "geometry": {"type": "Point", "coordinates": [689239.738016359, 2522541.89317419]}, "properties": {"depth_m": 1.006, "depth_ft": 3.3}}, {"type": "Feature", "geometry": {"type": "Point", "coordinates": [686839.738016359, 2529861.89317419]}, "properties": {"depth_m": 1.005, "depth_ft": 3.3}}, {"type": "Feature", "geometry": {"type": "Point", "coordinates": [690889.738016359, 2520591.89317419]}, "properties": {"depth_m": 1.004, "depth_ft": 3.3}}, {"type": "Feature", "geometry": {"type": "Point", "coordinates": [690799.738016359, 2519871.89317419]}, "properties": {"depth_m": 1.002, "depth_ft": 3.29}}, {"type": "Feature", "geometry": {"type": "Point", "coordinates": [686479.738016359, 2529081.89317419]}, "properties": {"depth_m": 1.0, "depth_ft": 3.28}}, {"type": "Feature", "geometry": {"type": "Point", "coordinates": [688609.738016359, 2527761.89317419]}, "properties": {"depth_m": 0.998, "depth_ft": 3.27}}, {"type": "Feature", "geometry": {"type": "Point", "coordinates": [688699.738016359, 2523801.89317419]}, "properties": {"depth_m": 0.997, "depth_ft": 3.27}}, {"type": "Feature", "geometry": {"type": "Point", "coordinates": [689389.738016359, 2521131.89317419]}, "properties": {"depth_m": 0.995, "depth_ft": 3.26}}, {"type": "Feature", "geometry": {"type": "Point", "coordinates": [685999.738016359, 2529201.89317419]}, "properties": {"depth_m": 0.993, "depth_ft": 3.26}}, {"type": "Feature", "geometry": {"type": "Point", "coordinates": [690139.738016359, 2522751.89317419]}, "properties": {"depth_m": 0.99, "depth_ft": 3.25}}, {"type": "Feature", "geometry": {"type": "Point", "coordinates": [687379.738016359, 2528181.89317419]}, "properties": {"depth_m": 0.986, "depth_ft": 3.23}}, {"type": "Feature", "geometry": {"type": "Point", "coordinates": [687079.738016359, 2529531.89317419]}, "properties": {"depth_m": 0.985, "depth_ft": 3.23}}, {"type": "Feature", "geometry": {"type": "Point", "coordinates": [687679.738016359, 2529501.89317419]}, "properties": {"depth_m": 0.983, "depth_ft": 3.23}}, {"type": "Feature", "geometry": {"type": "Point", "coordinates": [690679.738016359, 2520891.89317419]}, "properties": {"depth_m": 0.981, "depth_ft": 3.22}}, {"type": "Feature", "geometry": {"type": "Point", "coordinates": [687349.738016359, 2529501.89317419]}, "properties": {"depth_m": 0.98, "depth_ft": 3.21}}, {"type": "Feature", "geometry": {"type": "Point", "coordinates": [689089.738016359, 2522691.89317419]}, "properties": {"depth_m": 0.979, "depth_ft": 3.21}}, {"type": "Feature", "geometry": {"type": "Point", "coordinates": [687679.738016359, 2526621.89317419]}, "properties": {"depth_m": 0.978, "depth_ft": 3.21}}, {"type": "Feature", "geometry": {"type": "Point", "coordinates": [687469.738016359, 2526741.89317419]}, "properties": {"depth_m": 0.978, "depth_ft": 3.21}}, {"type": "Feature", "geometry": {"type": "Point", "coordinates": [687379.738016359, 2529501.89317419]}, "properties": {"depth_m": 0.976, "depth_ft": 3.2}}, {"type": "Feature", "geometry": {"type": "Point", "coordinates": [689239.738016359, 2525241.89317419]}, "properties": {"depth_m": 0.974, "depth_ft": 3.2}}, {"type": "Feature", "geometry": {"type": "Point", "coordinates": [688789.738016359, 2523741.89317419]}, "properties": {"depth_m": 0.971, "depth_ft": 3.19}}, {"type": "Feature", "geometry": {"type": "Point", "coordinates": [690079.738016359, 2519811.89317419]}, "properties": {"depth_m": 0.967, "depth_ft": 3.17}}, {"type": "Feature", "geometry": {"type": "Point", "coordinates": [689659.738016359, 2521101.89317419]}, "properties": {"depth_m": 0.966, "depth_ft": 3.17}}, {"type": "Feature", "geometry": {"type": "Point", "coordinates": [687619.738016359, 2526621.89317419]}, "properties": {"depth_m": 0.965, "depth_ft": 3.16}}, {"type": "Feature", "geometry": {"type": "Point", "coordinates": [688039.738016359, 2526081.89317419]}, "properties": {"depth_m": 0.963, "depth_ft": 3.16}}, {"type": "Feature", "geometry": {"type": "Point", "coordinates": [690409.738016359, 2522331.89317419]}, "properties": {"depth_m": 0.959, "depth_ft": 3.14}}, {"type": "Feature", "geometry": {"type": "Point", "coordinates": [690019.738016359, 2520651.89317419]}, "properties": {"depth_m": 0.957, "depth_ft": 3.14}}, {"type": "Feature", "geometry": {"type": "Point", "coordinates": [689059.738016359, 2526591.89317419]}, "properties": {"depth_m": 0.957, "depth_ft": 3.14}}, {"type": "Feature", "geometry": {"type": "Point", "coordinates": [688789.738016359, 2523801.89317419]}, "properties": {"depth_m": 0.954, "depth_ft": 3.13}}, {"type": "Feature", "geometry": {"type": "Point", "coordinates": [686329.738016359, 2528901.89317419]}, "properties": {"depth_m": 0.952, "depth_ft": 3.12}}, {"type": "Feature", "geometry": {"type": "Point", "coordinates": [689119.738016359, 2522691.89317419]}, "properties": {"depth_m": 0.95, "depth_ft": 3.12}}, {"type": "Feature", "geometry": {"type": "Point", "coordinates": [691039.738016359, 2518611.89317419]}, "properties": {"depth_m": 0.949, "depth_ft": 3.11}}, {"type": "Feature", "geometry": {"type": "Point", "coordinates": [688369.738016359, 2525931.89317419]}, "properties": {"depth_m": 0.946, "depth_ft": 3.1}}, {"type": "Feature", "geometry": {"type": "Point", "coordinates": [691159.738016359, 2519661.89317419]}, "properties": {"depth_m": 0.941, "depth_ft": 3.09}}, {"type": "Feature", "geometry": {"type": "Point", "coordinates": [690619.738016359, 2521221.89317419]}, "properties": {"depth_m": 0.94, "depth_ft": 3.08}}, {"type": "Feature", "geometry": {"type": "Point", "coordinates": [688999.738016359, 2522691.89317419]}, "properties": {"depth_m": 0.938, "depth_ft": 3.08}}, {"type": "Feature", "geometry": {"type": "Point", "coordinates": [689179.738016359, 2525661.89317419]}, "properties": {"depth_m": 0.933, "depth_ft": 3.06}}, {"type": "Feature", "geometry": {"type": "Point", "coordinates": [690229.738016359, 2522751.89317419]}, "properties": {"depth_m": 0.931, "depth_ft": 3.05}}, {"type": "Feature", "geometry": {"type": "Point", "coordinates": [688549.738016359, 2525961.89317419]}, "properties": {"depth_m": 0.93, "depth_ft": 3.05}}, {"type": "Feature", "geometry": {"type": "Point", "coordinates": [686719.738016359, 2528871.89317419]}, "properties": {"depth_m": 0.928, "depth_ft": 3.05}}, {"type": "Feature", "geometry": {"type": "Point", "coordinates": [689929.738016359, 2520141.89317419]}, "properties": {"depth_m": 0.926, "depth_ft": 3.04}}, {"type": "Feature", "geometry": {"type": "Point", "coordinates": [686449.738016359, 2528481.89317419]}, "properties": {"depth_m": 0.925, "depth_ft": 3.04}}, {"type": "Feature", "geometry": {"type": "Point", "coordinates": [687139.738016359, 2529591.89317419]}, "properties": {"depth_m": 0.924, "depth_ft": 3.03}}, {"type": "Feature", "geometry": {"type": "Point", "coordinates": [688339.738016359, 2525481.89317419]}, "properties": {"depth_m": 0.921, "depth_ft": 3.02}}, {"type": "Feature", "geometry": {"type": "Point", "coordinates": [690139.738016359, 2522991.89317419]}, "properties": {"depth_m": 0.92, "depth_ft": 3.02}}, {"type": "Feature", "geometry": {"type": "Point", "coordinates": [688399.738016359, 2527401.89317419]}, "properties": {"depth_m": 0.919, "depth_ft": 3.01}}, {"type": "Feature", "geometry": {"type": "Point", "coordinates": [687889.738016359, 2529381.89317419]}, "properties": {"depth_m": 0.916, "depth_ft": 3.01}}, {"type": "Feature", "geometry": {"type": "Point", "coordinates": [689479.738016359, 2525121.89317419]}, "properties": {"depth_m": 0.914, "depth_ft": 3.0}}, {"type": "Feature", "geometry": {"type": "Point", "coordinates": [687469.738016359, 2526831.89317419]}, "properties": {"depth_m": 0.911, "depth_ft": 2.99}}, {"type": "Feature", "geometry": {"type": "Point", "coordinates": [689569.738016359, 2521821.89317419]}, "properties": {"depth_m": 0.91, "depth_ft": 2.99}}, {"type": "Feature", "geometry": {"type": "Point", "coordinates": [687559.738016359, 2529531.89317419]}, "properties": {"depth_m": 0.909, "depth_ft": 2.98}}, {"type": "Feature", "geometry": {"type": "Point", "coordinates": [689449.738016359, 2525151.89317419]}, "properties": {"depth_m": 0.907, "depth_ft": 2.98}}, {"type": "Feature", "geometry": {"type": "Point", "coordinates": [689569.738016359, 2520801.89317419]}, "properties": {"depth_m": 0.905, "depth_ft": 2.97}}, {"type": "Feature", "geometry": {"type": "Point", "coordinates": [689689.738016359, 2521611.89317419]}, "properties": {"depth_m": 0.902, "depth_ft": 2.96}}, {"type": "Feature", "geometry": {"type": "Point", "coordinates": [688669.738016359, 2523441.89317419]}, "properties": {"depth_m": 0.9, "depth_ft": 2.95}}, {"type": "Feature", "geometry": {"type": "Point", "coordinates": [687409.738016359, 2529381.89317419]}, "properties": {"depth_m": 0.899, "depth_ft": 2.95}}, {"type": "Feature", "geometry": {"type": "Point", "coordinates": [687319.738016359, 2529471.89317419]}, "properties": {"depth_m": 0.897, "depth_ft": 2.94}}, {"type": "Feature", "geometry": {"type": "Point", "coordinates": [690109.738016359, 2520351.89317419]}, "properties": {"depth_m": 0.895, "depth_ft": 2.94}}, {"type": "Feature", "geometry": {"type": "Point", "coordinates": [690949.738016359, 2519901.89317419]}, "properties": {"depth_m": 0.894, "depth_ft": 2.93}}, {"type": "Feature", "geometry": {"type": "Point", "coordinates": [688729.738016359, 2526831.89317419]}, "properties": {"depth_m": 0.892, "depth_ft": 2.93}}, {"type": "Feature", "geometry": {"type": "Point", "coordinates": [690499.738016359, 2521221.89317419]}, "properties": {"depth_m": 0.89, "depth_ft": 2.92}}, {"type": "Feature", "geometry": {"type": "Point", "coordinates": [689449.738016359, 2524221.89317419]}, "properties": {"depth_m": 0.888, "depth_ft": 2.91}}, {"type": "Feature", "geometry": {"type": "Point", "coordinates": [690109.738016359, 2520591.89317419]}, "properties": {"depth_m": 0.887, "depth_ft": 2.91}}, {"type": "Feature", "geometry": {"type": "Point", "coordinates": [686479.738016359, 2530161.89317419]}, "properties": {"depth_m": 0.886, "depth_ft": 2.91}}, {"type": "Feature", "geometry": {"type": "Point", "coordinates": [686149.738016359, 2529471.89317419]}, "properties": {"depth_m": 0.884, "depth_ft": 2.9}}, {"type": "Feature", "geometry": {"type": "Point", "coordinates": [688369.738016359, 2525751.89317419]}, "properties": {"depth_m": 0.883, "depth_ft": 2.9}}, {"type": "Feature", "geometry": {"type": "Point", "coordinates": [687559.738016359, 2529561.89317419]}, "properties": {"depth_m": 0.882, "depth_ft": 2.89}}, {"type": "Feature", "geometry": {"type": "Point", "coordinates": [688639.738016359, 2527311.89317419]}, "properties": {"depth_m": 0.88, "depth_ft": 2.89}}, {"type": "Feature", "geometry": {"type": "Point", "coordinates": [689179.738016359, 2522631.89317419]}, "properties": {"depth_m": 0.879, "depth_ft": 2.88}}, {"type": "Feature", "geometry": {"type": "Point", "coordinates": [689239.738016359, 2525631.89317419]}, "properties": {"depth_m": 0.876, "depth_ft": 2.87}}, {"type": "Feature", "geometry": {"type": "Point", "coordinates": [689989.738016359, 2520591.89317419]}, "properties": {"depth_m": 0.874, "depth_ft": 2.87}}, {"type": "Feature", "geometry": {"type": "Point", "coordinates": [687889.738016359, 2529201.89317419]}, "properties": {"depth_m": 0.872, "depth_ft": 2.86}}, {"type": "Feature", "geometry": {"type": "Point", "coordinates": [690139.738016359, 2519931.89317419]}, "properties": {"depth_m": 0.869, "depth_ft": 2.85}}, {"type": "Feature", "geometry": {"type": "Point", "coordinates": [686989.738016359, 2528571.89317419]}, "properties": {"depth_m": 0.867, "depth_ft": 2.85}}, {"type": "Feature", "geometry": {"type": "Point", "coordinates": [688609.738016359, 2527731.89317419]}, "properties": {"depth_m": 0.865, "depth_ft": 2.84}}, {"type": "Feature", "geometry": {"type": "Point", "coordinates": [689329.738016359, 2525091.89317419]}, "properties": {"depth_m": 0.863, "depth_ft": 2.83}}, {"type": "Feature", "geometry": {"type": "Point", "coordinates": [688219.738016359, 2526171.89317419]}, "properties": {"depth_m": 0.861, "depth_ft": 2.83}}, {"type": "Feature", "geometry": {"type": "Point", "coordinates": [687529.738016359, 2529501.89317419]}, "properties": {"depth_m": 0.858, "depth_ft": 2.82}}, {"type": "Feature", "geometry": {"type": "Point", "coordinates": [690199.738016359, 2522421.89317419]}, "properties": {"depth_m": 0.856, "depth_ft": 2.81}}, {"type": "Feature", "geometry": {"type": "Point", "coordinates": [691579.738016359, 2518911.89317419]}, "properties": {"depth_m": 0.855, "depth_ft": 2.8}}, {"type": "Feature", "geometry": {"type": "Point", "coordinates": [686449.738016359, 2528991.89317419]}, "properties": {"depth_m": 0.853, "depth_ft": 2.8}}, {"type": "Feature", "geometry": {"type": "Point", "coordinates": [687259.738016359, 2528571.89317419]}, "properties": {"depth_m": 0.851, "depth_ft": 2.79}}, {"type": "Feature", "geometry": {"type": "Point", "coordinates": [688189.738016359, 2525841.89317419]}, "properties": {"depth_m": 0.849, "depth_ft": 2.79}}, {"type": "Feature", "geometry": {"type": "Point", "coordinates": [689599.738016359, 2524191.89317419]}, "properties": {"depth_m": 0.846, "depth_ft": 2.77}}, {"type": "Feature", "geometry": {"type": "Point", "coordinates": [689809.738016359, 2521581.89317419]}, "properties": {"depth_m": 0.844, "depth_ft": 2.77}}, {"type": "Feature", "geometry": {"type": "Point", "coordinates": [690829.738016359, 2521101.89317419]}, "properties": {"depth_m": 0.843, "depth_ft": 2.77}}, {"type": "Feature", "geometry": {"type": "Point", "coordinates": [690499.738016359, 2521161.89317419]}, "properties": {"depth_m": 0.84, "depth_ft": 2.75}}, {"type": "Feature", "geometry": {"type": "Point", "coordinates": [686239.738016359, 2528931.89317419]}, "properties": {"depth_m": 0.837, "depth_ft": 2.75}}, {"type": "Feature", "geometry": {"type": "Point", "coordinates": [689089.738016359, 2525421.89317419]}, "properties": {"depth_m": 0.834, "depth_ft": 2.74}}, {"type": "Feature", "geometry": {"type": "Point", "coordinates": [690919.738016359, 2520561.89317419]}, "properties": {"depth_m": 0.832, "depth_ft": 2.73}}, {"type": "Feature", "geometry": {"type": "Point", "coordinates": [689509.738016359, 2524101.89317419]}, "properties": {"depth_m": 0.831, "depth_ft": 2.73}}, {"type": "Feature", "geometry": {"type": "Point", "coordinates": [690649.738016359, 2519121.89317419]}, "properties": {"depth_m": 0.829, "depth_ft": 2.72}}, {"type": "Feature", "geometry": {"type": "Point", "coordinates": [689659.738016359, 2522061.89317419]}, "properties": {"depth_m": 0.826, "depth_ft": 2.71}}, {"type": "Feature", "geometry": {"type": "Point", "coordinates": [690679.738016359, 2519181.89317419]}, "properties": {"depth_m": 0.825, "depth_ft": 2.71}}, {"type": "Feature", "geometry": {"type": "Point", "coordinates": [687559.738016359, 2527071.89317419]}, "properties": {"depth_m": 0.822, "depth_ft": 2.7}}, {"type": "Feature", "geometry": {"type": "Point", "coordinates": [686119.738016359, 2529531.89317419]}, "properties": {"depth_m": 0.819, "depth_ft": 2.69}}, {"type": "Feature", "geometry": {"type": "Point", "coordinates": [686209.738016359, 2528991.89317419]}, "properties": {"depth_m": 0.817, "depth_ft": 2.68}}, {"type": "Feature", "geometry": {"type": "Point", "coordinates": [689899.738016359, 2521521.89317419]}, "properties": {"depth_m": 0.817, "depth_ft": 2.68}}, {"type": "Feature", "geometry": {"type": "Point", "coordinates": [686299.738016359, 2529201.89317419]}, "properties": {"depth_m": 0.815, "depth_ft": 2.67}}, {"type": "Feature", "geometry": {"type": "Point", "coordinates": [686539.738016359, 2529141.89317419]}, "properties": {"depth_m": 0.812, "depth_ft": 2.66}}, {"type": "Feature", "geometry": {"type": "Point", "coordinates": [691189.738016359, 2519271.89317419]}, "properties": {"depth_m": 0.809, "depth_ft": 2.65}}, {"type": "Feature", "geometry": {"type": "Point", "coordinates": [688969.738016359, 2524191.89317419]}, "properties": {"depth_m": 0.803, "depth_ft": 2.64}}, {"type": "Feature", "geometry": {"type": "Point", "coordinates": [689029.738016359, 2526621.89317419]}, "properties": {"depth_m": 0.802, "depth_ft": 2.63}}, {"type": "Feature", "geometry": {"type": "Point", "coordinates": [690919.738016359, 2519661.89317419]}, "properties": {"depth_m": 0.8, "depth_ft": 2.63}}, {"type": "Feature", "geometry": {"type": "Point", "coordinates": [688159.738016359, 2525811.89317419]}, "properties": {"depth_m": 0.799, "depth_ft": 2.62}}, {"type": "Feature", "geometry": {"type": "Point", "coordinates": [687169.738016359, 2529591.89317419]}, "properties": {"depth_m": 0.795, "depth_ft": 2.61}}, {"type": "Feature", "geometry": {"type": "Point", "coordinates": [688579.738016359, 2524971.89317419]}, "properties": {"depth_m": 0.793, "depth_ft": 2.6}}, {"type": "Feature", "geometry": {"type": "Point", "coordinates": [687949.738016359, 2528991.89317419]}, "properties": {"depth_m": 0.792, "depth_ft": 2.6}}, {"type": "Feature", "geometry": {"type": "Point", "coordinates": [685819.738016359, 2530071.89317419]}, "properties": {"depth_m": 0.791, "depth_ft": 2.59}}, {"type": "Feature", "geometry": {"type": "Point", "coordinates": [689779.738016359, 2520681.89317419]}, "properties": {"depth_m": 0.79, "depth_ft": 2.59}}, {"type": "Feature", "geometry": {"type": "Point", "coordinates": [687889.738016359, 2526471.89317419]}, "properties": {"depth_m": 0.789, "depth_ft": 2.59}}, {"type": "Feature", "geometry": {"type": "Point", "coordinates": [688309.738016359, 2527911.89317419]}, "properties": {"depth_m": 0.787, "depth_ft": 2.58}}, {"type": "Feature", "geometry": {"type": "Point", "coordinates": [689629.738016359, 2521491.89317419]}, "properties": {"depth_m": 0.785, "depth_ft": 2.57}}, {"type": "Feature", "geometry": {"type": "Point", "coordinates": [690109.738016359, 2519871.89317419]}, "properties": {"depth_m": 0.783, "depth_ft": 2.57}}, {"type": "Feature", "geometry": {"type": "Point", "coordinates": [686449.738016359, 2528781.89317419]}, "properties": {"depth_m": 0.78, "depth_ft": 2.56}}, {"type": "Feature", "geometry": {"type": "Point", "coordinates": [690949.738016359, 2520261.89317419]}, "properties": {"depth_m": 0.779, "depth_ft": 2.56}}, {"type": "Feature", "geometry": {"type": "Point", "coordinates": [689539.738016359, 2521881.89317419]}, "properties": {"depth_m": 0.777, "depth_ft": 2.55}}, {"type": "Feature", "geometry": {"type": "Point", "coordinates": [689299.738016359, 2522421.89317419]}, "properties": {"depth_m": 0.776, "depth_ft": 2.55}}, {"type": "Feature", "geometry": {"type": "Point", "coordinates": [689749.738016359, 2520711.89317419]}, "properties": {"depth_m": 0.775, "depth_ft": 2.54}}, {"type": "Feature", "geometry": {"type": "Point", "coordinates": [687139.738016359, 2527761.89317419]}, "properties": {"depth_m": 0.774, "depth_ft": 2.54}}, {"type": "Feature", "geometry": {"type": "Point", "coordinates": [687529.738016359, 2527731.89317419]}, "properties": {"depth_m": 0.772, "depth_ft": 2.53}}, {"type": "Feature", "geometry": {"type": "Point", "coordinates": [687259.738016359, 2528631.89317419]}, "properties": {"depth_m": 0.77, "depth_ft": 2.53}}, {"type": "Feature", "geometry": {"type": "Point", "coordinates": [688309.738016359, 2525781.89317419]}, "properties": {"depth_m": 0.767, "depth_ft": 2.52}}, {"type": "Feature", "geometry": {"type": "Point", "coordinates": [689449.738016359, 2525181.89317419]}, "properties": {"depth_m": 0.766, "depth_ft": 2.51}}, {"type": "Feature", "geometry": {"type": "Point", "coordinates": [689779.738016359, 2520741.89317419]}, "properties": {"depth_m": 0.766, "depth_ft": 2.51}}, {"type": "Feature", "geometry": {"type": "Point", "coordinates": [688639.738016359, 2523171.89317419]}, "properties": {"depth_m": 0.764, "depth_ft": 2.51}}, {"type": "Feature", "geometry": {"type": "Point", "coordinates": [686149.738016359, 2528961.89317419]}, "properties": {"depth_m": 0.762, "depth_ft": 2.5}}, {"type": "Feature", "geometry": {"type": "Point", "coordinates": [688849.738016359, 2523021.89317419]}, "properties": {"depth_m": 0.76, "depth_ft": 2.49}}, {"type": "Feature", "geometry": {"type": "Point", "coordinates": [688669.738016359, 2523471.89317419]}, "properties": {"depth_m": 0.758, "depth_ft": 2.49}}, {"type": "Feature", "geometry": {"type": "Point", "coordinates": [688279.738016359, 2525961.89317419]}, "properties": {"depth_m": 0.757, "depth_ft": 2.48}}, {"type": "Feature", "geometry": {"type": "Point", "coordinates": [687319.738016359, 2529621.89317419]}, "properties": {"depth_m": 0.755, "depth_ft": 2.48}}, {"type": "Feature", "geometry": {"type": "Point", "coordinates": [689749.738016359, 2521521.89317419]}, "properties": {"depth_m": 0.754, "depth_ft": 2.47}}, {"type": "Feature", "geometry": {"type": "Point", "coordinates": [690799.738016359, 2519061.89317419]}, "properties": {"depth_m": 0.752, "depth_ft": 2.47}}, {"type": "Feature", "geometry": {"type": "Point", "coordinates": [689659.738016359, 2520261.89317419]}, "properties": {"depth_m": 0.749, "depth_ft": 2.46}}, {"type": "Feature", "geometry": {"type": "Point", "coordinates": [687499.738016359, 2526711.89317419]}, "properties": {"depth_m": 0.747, "depth_ft": 2.45}}, {"type": "Feature", "geometry": {"type": "Point", "coordinates": [686869.738016359, 2529891.89317419]}, "properties": {"depth_m": 0.746, "depth_ft": 2.45}}, {"type": "Feature", "geometry": {"type": "Point", "coordinates": [688279.738016359, 2525931.89317419]}, "properties": {"depth_m": 0.745, "depth_ft": 2.44}}, {"type": "Feature", "geometry": {"type": "Point", "coordinates": [688249.738016359, 2528841.89317419]}, "properties": {"depth_m": 0.743, "depth_ft": 2.44}}, {"type": "Feature", "geometry": {"type": "Point", "coordinates": [689959.738016359, 2521161.89317419]}, "properties": {"depth_m": 0.742, "depth_ft": 2.43}}, {"type": "Feature", "geometry": {"type": "Point", "coordinates": [690109.738016359, 2519601.89317419]}, "properties": {"depth_m": 0.739, "depth_ft": 2.43}}, {"type": "Feature", "geometry": {"type": "Point", "coordinates": [686269.738016359, 2530641.89317419]}, "properties": {"depth_m": 0.737, "depth_ft": 2.42}}, {"type": "Feature", "geometry": {"type": "Point", "coordinates": [690259.738016359, 2522421.89317419]}, "properties": {"depth_m": 0.737, "depth_ft": 2.42}}, {"type": "Feature", "geometry": {"type": "Point", "coordinates": [688159.738016359, 2527641.89317419]}, "properties": {"depth_m": 0.734, "depth_ft": 2.41}}, {"type": "Feature", "geometry": {"type": "Point", "coordinates": [689569.738016359, 2524071.89317419]}, "properties": {"depth_m": 0.732, "depth_ft": 2.4}}, {"type": "Feature", "geometry": {"type": "Point", "coordinates": [687739.738016359, 2529231.89317419]}, "properties": {"depth_m": 0.729, "depth_ft": 2.39}}, {"type": "Feature", "geometry": {"type": "Point", "coordinates": [689809.738016359, 2520861.89317419]}, "properties": {"depth_m": 0.727, "depth_ft": 2.39}}, {"type": "Feature", "geometry": {"type": "Point", "coordinates": [689479.738016359, 2525721.89317419]}, "properties": {"depth_m": 0.725, "depth_ft": 2.38}}, {"type": "Feature", "geometry": {"type": "Point", "coordinates": [686419.738016359, 2529261.89317419]}, "properties": {"depth_m": 0.724, "depth_ft": 2.37}}, {"type": "Feature", "geometry": {"type": "Point", "coordinates": [688729.738016359, 2523741.89317419]}, "properties": {"depth_m": 0.721, "depth_ft": 2.37}}, {"type": "Feature", "geometry": {"type": "Point", "coordinates": [688309.738016359, 2525751.89317419]}, "properties": {"depth_m": 0.719, "depth_ft": 2.36}}, {"type": "Feature", "geometry": {"type": "Point", "coordinates": [687289.738016359, 2527851.89317419]}, "properties": {"depth_m": 0.717, "depth_ft": 2.35}}, {"type": "Feature", "geometry": {"type": "Point", "coordinates": [687229.738016359, 2527281.89317419]}, "properties": {"depth_m": 0.716, "depth_ft": 2.35}}, {"type": "Feature", "geometry": {"type": "Point", "coordinates": [687259.738016359, 2527851.89317419]}, "properties": {"depth_m": 0.714, "depth_ft": 2.34}}, {"type": "Feature", "geometry": {"type": "Point", "coordinates": [688189.738016359, 2527641.89317419]}, "properties": {"depth_m": 0.711, "depth_ft": 2.33}}, {"type": "Feature", "geometry": {"type": "Point", "coordinates": [689809.738016359, 2520801.89317419]}, "properties": {"depth_m": 0.709, "depth_ft": 2.33}}, {"type": "Feature", "geometry": {"type": "Point", "coordinates": [688219.738016359, 2526081.89317419]}, "properties": {"depth_m": 0.705, "depth_ft": 2.31}}, {"type": "Feature", "geometry": {"type": "Point", "coordinates": [688309.738016359, 2528631.89317419]}, "properties": {"depth_m": 0.703, "depth_ft": 2.31}}, {"type": "Feature", "geometry": {"type": "Point", "coordinates": [688729.738016359, 2523831.89317419]}, "properties": {"depth_m": 0.702, "depth_ft": 2.3}}, {"type": "Feature", "geometry": {"type": "Point", "coordinates": [687469.738016359, 2526951.89317419]}, "properties": {"depth_m": 0.7, "depth_ft": 2.3}}, {"type": "Feature", "geometry": {"type": "Point", "coordinates": [688309.738016359, 2528661.89317419]}, "properties": {"depth_m": 0.697, "depth_ft": 2.29}}, {"type": "Feature", "geometry": {"type": "Point", "coordinates": [687199.738016359, 2528481.89317419]}, "properties": {"depth_m": 0.696, "depth_ft": 2.28}}, {"type": "Feature", "geometry": {"type": "Point", "coordinates": [689359.738016359, 2524791.89317419]}, "properties": {"depth_m": 0.695, "depth_ft": 2.28}}, {"type": "Feature", "geometry": {"type": "Point", "coordinates": [686839.738016359, 2528901.89317419]}, "properties": {"depth_m": 0.694, "depth_ft": 2.28}}, {"type": "Feature", "geometry": {"type": "Point", "coordinates": [691099.738016359, 2519691.89317419]}, "properties": {"depth_m": 0.692, "depth_ft": 2.27}}, {"type": "Feature", "geometry": {"type": "Point", "coordinates": [689779.738016359, 2520531.89317419]}, "properties": {"depth_m": 0.689, "depth_ft": 2.26}}, {"type": "Feature", "geometry": {"type": "Point", "coordinates": [691159.738016359, 2519631.89317419]}, "properties": {"depth_m": 0.687, "depth_ft": 2.25}}, {"type": "Feature", "geometry": {"type": "Point", "coordinates": [688489.738016359, 2525661.89317419]}, "properties": {"depth_m": 0.684, "depth_ft": 2.24}}, {"type": "Feature", "geometry": {"type": "Point", "coordinates": [689389.738016359, 2525721.89317419]}, "properties": {"depth_m": 0.682, "depth_ft": 2.24}}, {"type": "Feature", "geometry": {"type": "Point", "coordinates": [687229.738016359, 2528481.89317419]}, "properties": {"depth_m": 0.681, "depth_ft": 2.23}}, {"type": "Feature", "geometry": {"type": "Point", "coordinates": [688729.738016359, 2526981.89317419]}, "properties": {"depth_m": 0.68, "depth_ft": 2.23}}, {"type": "Feature", "geometry": {"type": "Point", "coordinates": [687589.738016359, 2526981.89317419]}, "properties": {"depth_m": 0.678, "depth_ft": 2.23}}, {"type": "Feature", "geometry": {"type": "Point", "coordinates": [688699.738016359, 2527161.89317419]}, "properties": {"depth_m": 0.676, "depth_ft": 2.22}}, {"type": "Feature", "geometry": {"type": "Point", "coordinates": [688639.738016359, 2523741.89317419]}, "properties": {"depth_m": 0.675, "depth_ft": 2.22}}, {"type": "Feature", "geometry": {"type": "Point", "coordinates": [690079.738016359, 2520741.89317419]}, "properties": {"depth_m": 0.674, "depth_ft": 2.21}}, {"type": "Feature", "geometry": {"type": "Point", "coordinates": [689899.738016359, 2520801.89317419]}, "properties": {"depth_m": 0.672, "depth_ft": 2.2}}, {"type": "Feature", "geometry": {"type": "Point", "coordinates": [690079.738016359, 2520351.89317419]}, "properties": {"depth_m": 0.67, "depth_ft": 2.2}}, {"type": "Feature", "geometry": {"type": "Point", "coordinates": [690409.738016359, 2519211.89317419]}, "properties": {"depth_m": 0.667, "depth_ft": 2.19}}, {"type": "Feature", "geometry": {"type": "Point", "coordinates": [689929.738016359, 2519871.89317419]}, "properties": {"depth_m": 0.666, "depth_ft": 2.19}}, {"type": "Feature", "geometry": {"type": "Point", "coordinates": [689899.738016359, 2521491.89317419]}, "properties": {"depth_m": 0.665, "depth_ft": 2.18}}, {"type": "Feature", "geometry": {"type": "Point", "coordinates": [689899.738016359, 2520141.89317419]}, "properties": {"depth_m": 0.663, "depth_ft": 2.18}}, {"type": "Feature", "geometry": {"type": "Point", "coordinates": [690769.738016359, 2520801.89317419]}, "properties": {"depth_m": 0.661, "depth_ft": 2.17}}, {"type": "Feature", "geometry": {"type": "Point", "coordinates": [686299.738016359, 2530611.89317419]}, "properties": {"depth_m": 0.659, "depth_ft": 2.16}}, {"type": "Feature", "geometry": {"type": "Point", "coordinates": [690619.738016359, 2521671.89317419]}, "properties": {"depth_m": 0.656, "depth_ft": 2.15}}, {"type": "Feature", "geometry": {"type": "Point", "coordinates": [687319.738016359, 2529591.89317419]}, "properties": {"depth_m": 0.655, "depth_ft": 2.15}}, {"type": "Feature", "geometry": {"type": "Point", "coordinates": [686479.738016359, 2528901.89317419]}, "properties": {"depth_m": 0.655, "depth_ft": 2.15}}, {"type": "Feature", "geometry": {"type": "Point", "coordinates": [690259.738016359, 2520051.89317419]}, "properties": {"depth_m": 0.654, "depth_ft": 2.15}}, {"type": "Feature", "geometry": {"type": "Point", "coordinates": [690679.738016359, 2520981.89317419]}, "properties": {"depth_m": 0.652, "depth_ft": 2.14}}, {"type": "Feature", "geometry": {"type": "Point", "coordinates": [687349.738016359, 2529591.89317419]}, "properties": {"depth_m": 0.65, "depth_ft": 2.13}}, {"type": "Feature", "geometry": {"type": "Point", "coordinates": [689839.738016359, 2520201.89317419]}, "properties": {"depth_m": 0.647, "depth_ft": 2.12}}, {"type": "Feature", "geometry": {"type": "Point", "coordinates": [690559.738016359, 2521911.89317419]}, "properties": {"depth_m": 0.645, "depth_ft": 2.12}}, {"type": "Feature", "geometry": {"type": "Point", "coordinates": [689359.738016359, 2525691.89317419]}, "properties": {"depth_m": 0.643, "depth_ft": 2.11}}, {"type": "Feature", "geometry": {"type": "Point", "coordinates": [687439.738016359, 2526981.89317419]}, "properties": {"depth_m": 0.64, "depth_ft": 2.1}}, {"type": "Feature", "geometry": {"type": "Point", "coordinates": [687289.738016359, 2529591.89317419]}, "properties": {"depth_m": 0.639, "depth_ft": 2.1}}, {"type": "Feature", "geometry": {"type": "Point", "coordinates": [690469.738016359, 2519181.89317419]}, "properties": {"depth_m": 0.639, "depth_ft": 2.09}}, {"type": "Feature", "geometry": {"type": "Point", "coordinates": [690889.738016359, 2519751.89317419]}, "properties": {"depth_m": 0.636, "depth_ft": 2.09}}, {"type": "Feature", "geometry": {"type": "Point", "coordinates": [687079.738016359, 2529561.89317419]}, "properties": {"depth_m": 0.635, "depth_ft": 2.08}}, {"type": "Feature", "geometry": {"type": "Point", "coordinates": [689059.738016359, 2525691.89317419]}, "properties": {"depth_m": 0.635, "depth_ft": 2.08}}, {"type": "Feature", "geometry": {"type": "Point", "coordinates": [689959.738016359, 2522541.89317419]}, "properties": {"depth_m": 0.63, "depth_ft": 2.07}}, {"type": "Feature", "geometry": {"type": "Point", "coordinates": [689029.738016359, 2525751.89317419]}, "properties": {"depth_m": 0.628, "depth_ft": 2.06}}, {"type": "Feature", "geometry": {"type": "Point", "coordinates": [688189.738016359, 2526261.89317419]}, "properties": {"depth_m": 0.627, "depth_ft": 2.06}}, {"type": "Feature", "geometry": {"type": "Point", "coordinates": [690709.738016359, 2521221.89317419]}, "properties": {"depth_m": 0.625, "depth_ft": 2.05}}, {"type": "Feature", "geometry": {"type": "Point", "coordinates": [687079.738016359, 2529741.89317419]}, "properties": {"depth_m": 0.624, "depth_ft": 2.05}}, {"type": "Feature", "geometry": {"type": "Point", "coordinates": [689059.738016359, 2526561.89317419]}, "properties": {"depth_m": 0.623, "depth_ft": 2.04}}, {"type": "Feature", "geometry": {"type": "Point", "coordinates": [686989.738016359, 2527581.89317419]}, "properties": {"depth_m": 0.621, "depth_ft": 2.04}}, {"type": "Feature", "geometry": {"type": "Point", "coordinates": [688129.738016359, 2526231.89317419]}, "properties": {"depth_m": 0.619, "depth_ft": 2.03}}, {"type": "Feature", "geometry": {"type": "Point", "coordinates": [687859.738016359, 2526471.89317419]}, "properties": {"depth_m": 0.618, "depth_ft": 2.03}}, {"type": "Feature", "geometry": {"type": "Point", "coordinates": [689239.738016359, 2525451.89317419]}, "properties": {"depth_m": 0.616, "depth_ft": 2.02}}, {"type": "Feature", "geometry": {"type": "Point", "coordinates": [691069.738016359, 2519541.89317419]}, "properties": {"depth_m": 0.614, "depth_ft": 2.01}}, {"type": "Feature", "geometry": {"type": "Point", "coordinates": [688069.738016359, 2529171.89317419]}, "properties": {"depth_m": 0.612, "depth_ft": 2.01}}, {"type": "Feature", "geometry": {"type": "Point", "coordinates": [687319.738016359, 2529651.89317419]}, "properties": {"depth_m": 0.61, "depth_ft": 2.0}}, {"type": "Feature", "geometry": {"type": "Point", "coordinates": [686449.738016359, 2528751.89317419]}, "properties": {"depth_m": 0.609, "depth_ft": 2.0}}, {"type": "Feature", "geometry": {"type": "Point", "coordinates": [688909.738016359, 2526471.89317419]}, "properties": {"depth_m": 0.607, "depth_ft": 1.99}}, {"type": "Feature", "geometry": {"type": "Point", "coordinates": [690709.738016359, 2519151.89317419]}, "properties": {"depth_m": 0.605, "depth_ft": 1.99}}, {"type": "Feature", "geometry": {"type": "Point", "coordinates": [688189.738016359, 2525781.89317419]}, "properties": {"depth_m": 0.604, "depth_ft": 1.98}}, {"type": "Feature", "geometry": {"type": "Point", "coordinates": [688069.738016359, 2528781.89317419]}, "properties": {"depth_m": 0.603, "depth_ft": 1.98}}, {"type": "Feature", "geometry": {"type": "Point", "coordinates": [688189.738016359, 2528691.89317419]}, "properties": {"depth_m": 0.602, "depth_ft": 1.98}}, {"type": "Feature", "geometry": {"type": "Point", "coordinates": [687679.738016359, 2529261.89317419]}, "properties": {"depth_m": 0.601, "depth_ft": 1.97}}, {"type": "Feature", "geometry": {"type": "Point", "coordinates": [689329.738016359, 2524911.89317419]}, "properties": {"depth_m": 0.6, "depth_ft": 1.97}}, {"type": "Feature", "geometry": {"type": "Point", "coordinates": [687079.738016359, 2527461.89317419]}, "properties": {"depth_m": 0.598, "depth_ft": 1.96}}, {"type": "Feature", "geometry": {"type": "Point", "coordinates": [691039.738016359, 2520381.89317419]}, "properties": {"depth_m": 0.596, "depth_ft": 1.95}}, {"type": "Feature", "geometry": {"type": "Point", "coordinates": [689449.738016359, 2521611.89317419]}, "properties": {"depth_m": 0.594, "depth_ft": 1.95}}, {"type": "Feature", "geometry": {"type": "Point", "coordinates": [689899.738016359, 2521101.89317419]}, "properties": {"depth_m": 0.593, "depth_ft": 1.94}}, {"type": "Feature", "geometry": {"type": "Point", "coordinates": [686869.738016359, 2528631.89317419]}, "properties": {"depth_m": 0.592, "depth_ft": 1.94}}, {"type": "Feature", "geometry": {"type": "Point", "coordinates": [689299.738016359, 2521941.89317419]}, "properties": {"depth_m": 0.592, "depth_ft": 1.94}}, {"type": "Feature", "geometry": {"type": "Point", "coordinates": [686899.738016359, 2528451.89317419]}, "properties": {"depth_m": 0.59, "depth_ft": 1.94}}, {"type": "Feature", "geometry": {"type": "Point", "coordinates": [686659.738016359, 2528151.89317419]}, "properties": {"depth_m": 0.588, "depth_ft": 1.93}}, {"type": "Feature", "geometry": {"type": "Point", "coordinates": [689989.738016359, 2520441.89317419]}, "properties": {"depth_m": 0.584, "depth_ft": 1.92}}, {"type": "Feature", "geometry": {"type": "Point", "coordinates": [687619.738016359, 2527101.89317419]}, "properties": {"depth_m": 0.583, "depth_ft": 1.91}}, {"type": "Feature", "geometry": {"type": "Point", "coordinates": [689719.738016359, 2521851.89317419]}, "properties": {"depth_m": 0.581, "depth_ft": 1.91}}, {"type": "Feature", "geometry": {"type": "Point", "coordinates": [688039.738016359, 2528541.89317419]}, "properties": {"depth_m": 0.579, "depth_ft": 1.9}}, {"type": "Feature", "geometry": {"type": "Point", "coordinates": [688189.738016359, 2528601.89317419]}, "properties": {"depth_m": 0.576, "depth_ft": 1.89}}, {"type": "Feature", "geometry": {"type": "Point", "coordinates": [686719.738016359, 2528631.89317419]}, "properties": {"depth_m": 0.574, "depth_ft": 1.88}}, {"type": "Feature", "geometry": {"type": "Point", "coordinates": [689389.738016359, 2525661.89317419]}, "properties": {"depth_m": 0.573, "depth_ft": 1.88}}, {"type": "Feature", "geometry": {"type": "Point", "coordinates": [690649.738016359, 2520981.89317419]}, "properties": {"depth_m": 0.571, "depth_ft": 1.87}}, {"type": "Feature", "geometry": {"type": "Point", "coordinates": [689629.738016359, 2523711.89317419]}, "properties": {"depth_m": 0.567, "depth_ft": 1.86}}, {"type": "Feature", "geometry": {"type": "Point", "coordinates": [689719.738016359, 2521341.89317419]}, "properties": {"depth_m": 0.566, "depth_ft": 1.86}}, {"type": "Feature", "geometry": {"type": "Point", "coordinates": [691249.738016359, 2519181.89317419]}, "properties": {"depth_m": 0.564, "depth_ft": 1.85}}, {"type": "Feature", "geometry": {"type": "Point", "coordinates": [689719.738016359, 2521371.89317419]}, "properties": {"depth_m": 0.563, "depth_ft": 1.85}}, {"type": "Feature", "geometry": {"type": "Point", "coordinates": [689779.738016359, 2520831.89317419]}, "properties": {"depth_m": 0.562, "depth_ft": 1.85}}, {"type": "Feature", "geometry": {"type": "Point", "coordinates": [687859.738016359, 2528961.89317419]}, "properties": {"depth_m": 0.561, "depth_ft": 1.84}}, {"type": "Feature", "geometry": {"type": "Point", "coordinates": [689689.738016359, 2520231.89317419]}, "properties": {"depth_m": 0.56, "depth_ft": 1.84}}, {"type": "Feature", "geometry": {"type": "Point", "coordinates": [687349.738016359, 2526741.89317419]}, "properties": {"depth_m": 0.559, "depth_ft": 1.83}}, {"type": "Feature", "geometry": {"type": "Point", "coordinates": [688219.738016359, 2528841.89317419]}, "properties": {"depth_m": 0.556, "depth_ft": 1.83}}, {"type": "Feature", "geometry": {"type": "Point", "coordinates": [686689.738016359, 2528121.89317419]}, "properties": {"depth_m": 0.554, "depth_ft": 1.82}}, {"type": "Feature", "geometry": {"type": "Point", "coordinates": [689659.738016359, 2524221.89317419]}, "properties": {"depth_m": 0.553, "depth_ft": 1.81}}, {"type": "Feature", "geometry": {"type": "Point", "coordinates": [689689.738016359, 2520951.89317419]}, "properties": {"depth_m": 0.55, "depth_ft": 1.81}}, {"type": "Feature", "geometry": {"type": "Point", "coordinates": [689809.738016359, 2523651.89317419]}, "properties": {"depth_m": 0.548, "depth_ft": 1.8}}, {"type": "Feature", "geometry": {"type": "Point", "coordinates": [687679.738016359, 2529141.89317419]}, "properties": {"depth_m": 0.546, "depth_ft": 1.79}}, {"type": "Feature", "geometry": {"type": "Point", "coordinates": [688699.738016359, 2523891.89317419]}, "properties": {"depth_m": 0.545, "depth_ft": 1.79}}, {"type": "Feature", "geometry": {"type": "Point", "coordinates": [688279.738016359, 2526201.89317419]}, "properties": {"depth_m": 0.544, "depth_ft": 1.78}}, {"type": "Feature", "geometry": {"type": "Point", "coordinates": [689629.738016359, 2523891.89317419]}, "properties": {"depth_m": 0.543, "depth_ft": 1.78}}, {"type": "Feature", "geometry": {"type": "Point", "coordinates": [689479.738016359, 2525751.89317419]}, "properties": {"depth_m": 0.542, "depth_ft": 1.78}}, {"type": "Feature", "geometry": {"type": "Point", "coordinates": [690049.738016359, 2520081.89317419]}, "properties": {"depth_m": 0.539, "depth_ft": 1.77}}, {"type": "Feature", "geometry": {"type": "Point", "coordinates": [688309.738016359, 2525211.89317419]}, "properties": {"depth_m": 0.536, "depth_ft": 1.76}}, {"type": "Feature", "geometry": {"type": "Point", "coordinates": [689569.738016359, 2525541.89317419]}, "properties": {"depth_m": 0.534, "depth_ft": 1.75}}, {"type": "Feature", "geometry": {"type": "Point", "coordinates": [686749.738016359, 2528961.89317419]}, "properties": {"depth_m": 0.532, "depth_ft": 1.75}}, {"type": "Feature", "geometry": {"type": "Point", "coordinates": [689779.738016359, 2521011.89317419]}, "properties": {"depth_m": 0.531, "depth_ft": 1.74}}, {"type": "Feature", "geometry": {"type": "Point", "coordinates": [688609.738016359, 2526981.89317419]}, "properties": {"depth_m": 0.53, "depth_ft": 1.74}}, {"type": "Feature", "geometry": {"type": "Point", "coordinates": [690889.738016359, 2519961.89317419]}, "properties": {"depth_m": 0.527, "depth_ft": 1.73}}, {"type": "Feature", "geometry": {"type": "Point", "coordinates": [689389.738016359, 2525151.89317419]}, "properties": {"depth_m": 0.525, "depth_ft": 1.72}}, {"type": "Feature", "geometry": {"type": "Point", "coordinates": [688279.738016359, 2525631.89317419]}, "properties": {"depth_m": 0.523, "depth_ft": 1.72}}, {"type": "Feature", "geometry": {"type": "Point", "coordinates": [689989.738016359, 2520801.89317419]}, "properties": {"depth_m": 0.521, "depth_ft": 1.71}}, {"type": "Feature", "geometry": {"type": "Point", "coordinates": [687949.738016359, 2526711.89317419]}, "properties": {"depth_m": 0.519, "depth_ft": 1.7}}, {"type": "Feature", "geometry": {"type": "Point", "coordinates": [688969.738016359, 2526891.89317419]}, "properties": {"depth_m": 0.518, "depth_ft": 1.7}}, {"type": "Feature", "geometry": {"type": "Point", "coordinates": [688759.738016359, 2523711.89317419]}, "properties": {"depth_m": 0.515, "depth_ft": 1.69}}, {"type": "Feature", "geometry": {"type": "Point", "coordinates": [687769.738016359, 2529021.89317419]}, "properties": {"depth_m": 0.514, "depth_ft": 1.69}}, {"type": "Feature", "geometry": {"type": "Point", "coordinates": [689359.738016359, 2525541.89317419]}, "properties": {"depth_m": 0.513, "depth_ft": 1.68}}, {"type": "Feature", "geometry": {"type": "Point", "coordinates": [689059.738016359, 2526651.89317419]}, "properties": {"depth_m": 0.512, "depth_ft": 1.68}}, {"type": "Feature", "geometry": {"type": "Point", "coordinates": [691039.738016359, 2519811.89317419]}, "properties": {"depth_m": 0.511, "depth_ft": 1.68}}, {"type": "Feature", "geometry": {"type": "Point", "coordinates": [690739.738016359, 2521221.89317419]}, "properties": {"depth_m": 0.509, "depth_ft": 1.67}}, {"type": "Feature", "geometry": {"type": "Point", "coordinates": [690049.738016359, 2520441.89317419]}, "properties": {"depth_m": 0.509, "depth_ft": 1.67}}, {"type": "Feature", "geometry": {"type": "Point", "coordinates": [690979.738016359, 2518671.89317419]}, "properties": {"depth_m": 0.506, "depth_ft": 1.66}}, {"type": "Feature", "geometry": {"type": "Point", "coordinates": [687589.738016359, 2526441.89317419]}, "properties": {"depth_m": 0.504, "depth_ft": 1.65}}, {"type": "Feature", "geometry": {"type": "Point", "coordinates": [686539.738016359, 2529051.89317419]}, "properties": {"depth_m": 0.503, "depth_ft": 1.65}}, {"type": "Feature", "geometry": {"type": "Point", "coordinates": [689959.738016359, 2520471.89317419]}, "properties": {"depth_m": 0.501, "depth_ft": 1.64}}, {"type": "Feature", "geometry": {"type": "Point", "coordinates": [688129.738016359, 2526111.89317419]}, "properties": {"depth_m": 0.5, "depth_ft": 1.64}}, {"type": "Feature", "geometry": {"type": "Point", "coordinates": [687259.738016359, 2527431.89317419]}, "properties": {"depth_m": 0.499, "depth_ft": 1.64}}, {"type": "Feature", "geometry": {"type": "Point", "coordinates": [690439.738016359, 2522331.89317419]}, "properties": {"depth_m": 0.497, "depth_ft": 1.63}}, {"type": "Feature", "geometry": {"type": "Point", "coordinates": [689449.738016359, 2524581.89317419]}, "properties": {"depth_m": 0.496, "depth_ft": 1.63}}, {"type": "Feature", "geometry": {"type": "Point", "coordinates": [688099.738016359, 2526441.89317419]}, "properties": {"depth_m": 0.495, "depth_ft": 1.62}}, {"type": "Feature", "geometry": {"type": "Point", "coordinates": [689059.738016359, 2526351.89317419]}, "properties": {"depth_m": 0.493, "depth_ft": 1.62}}, {"type": "Feature", "geometry": {"type": "Point", "coordinates": [686569.738016359, 2528841.89317419]}, "properties": {"depth_m": 0.491, "depth_ft": 1.61}}, {"type": "Feature", "geometry": {"type": "Point", "coordinates": [687859.738016359, 2528901.89317419]}, "properties": {"depth_m": 0.491, "depth_ft": 1.61}}, {"type": "Feature", "geometry": {"type": "Point", "coordinates": [690379.738016359, 2522421.89317419]}, "properties": {"depth_m": 0.489, "depth_ft": 1.6}}, {"type": "Feature", "geometry": {"type": "Point", "coordinates": [686389.738016359, 2528571.89317419]}, "properties": {"depth_m": 0.487, "depth_ft": 1.6}}, {"type": "Feature", "geometry": {"type": "Point", "coordinates": [689089.738016359, 2526651.89317419]}, "properties": {"depth_m": 0.486, "depth_ft": 1.59}}, {"type": "Feature", "geometry": {"type": "Point", "coordinates": [690619.738016359, 2520951.89317419]}, "properties": {"depth_m": 0.484, "depth_ft": 1.59}}, {"type": "Feature", "geometry": {"type": "Point", "coordinates": [688339.738016359, 2525421.89317419]}, "properties": {"depth_m": 0.483, "depth_ft": 1.59}}, {"type": "Feature", "geometry": {"type": "Point", "coordinates": [690979.738016359, 2520261.89317419]}, "properties": {"depth_m": 0.482, "depth_ft": 1.58}}, {"type": "Feature", "geometry": {"type": "Point", "coordinates": [688159.738016359, 2526261.89317419]}, "properties": {"depth_m": 0.48, "depth_ft": 1.57}}, {"type": "Feature", "geometry": {"type": "Point", "coordinates": [686839.738016359, 2528601.89317419]}, "properties": {"depth_m": 0.477, "depth_ft": 1.57}}, {"type": "Feature", "geometry": {"type": "Point", "coordinates": [689479.738016359, 2520921.89317419]}, "properties": {"depth_m": 0.476, "depth_ft": 1.56}}, {"type": "Feature", "geometry": {"type": "Point", "coordinates": [688039.738016359, 2528781.89317419]}, "properties": {"depth_m": 0.475, "depth_ft": 1.56}}, {"type": "Feature", "geometry": {"type": "Point", "coordinates": [687019.738016359, 2528421.89317419]}, "properties": {"depth_m": 0.475, "depth_ft": 1.56}}, {"type": "Feature", "geometry": {"type": "Point", "coordinates": [687379.738016359, 2526711.89317419]}, "properties": {"depth_m": 0.472, "depth_ft": 1.55}}, {"type": "Feature", "geometry": {"type": "Point", "coordinates": [687439.738016359, 2527131.89317419]}, "properties": {"depth_m": 0.469, "depth_ft": 1.54}}, {"type": "Feature", "geometry": {"type": "Point", "coordinates": [688819.738016359, 2522901.89317419]}, "properties": {"depth_m": 0.468, "depth_ft": 1.54}}, {"type": "Feature", "geometry": {"type": "Point", "coordinates": [689419.738016359, 2525841.89317419]}, "properties": {"depth_m": 0.467, "depth_ft": 1.53}}, {"type": "Feature", "geometry": {"type": "Point", "coordinates": [689059.738016359, 2526171.89317419]}, "properties": {"depth_m": 0.465, "depth_ft": 1.53}}, {"type": "Feature", "geometry": {"type": "Point", "coordinates": [690259.738016359, 2519931.89317419]}, "properties": {"depth_m": 0.462, "depth_ft": 1.52}}, {"type": "Feature", "geometry": {"type": "Point", "coordinates": [689269.738016359, 2522511.89317419]}, "properties": {"depth_m": 0.461, "depth_ft": 1.51}}, {"type": "Feature", "geometry": {"type": "Point", "coordinates": [691069.738016359, 2519451.89317419]}, "properties": {"depth_m": 0.459, "depth_ft": 1.5}}, {"type": "Feature", "geometry": {"type": "Point", "coordinates": [687859.738016359, 2528871.89317419]}, "properties": {"depth_m": 0.458, "depth_ft": 1.5}}, {"type": "Feature", "geometry": {"type": "Point", "coordinates": [687259.738016359, 2529711.89317419]}, "properties": {"depth_m": 0.457, "depth_ft": 1.5}}, {"type": "Feature", "geometry": {"type": "Point", "coordinates": [687079.738016359, 2527401.89317419]}, "properties": {"depth_m": 0.455, "depth_ft": 1.49}}, {"type": "Feature", "geometry": {"type": "Point", "coordinates": [689989.738016359, 2520081.89317419]}, "properties": {"depth_m": 0.455, "depth_ft": 1.49}}, {"type": "Feature", "geometry": {"type": "Point", "coordinates": [689569.738016359, 2524761.89317419]}, "properties": {"depth_m": 0.453, "depth_ft": 1.49}}, {"type": "Feature", "geometry": {"type": "Point", "coordinates": [687079.738016359, 2527611.89317419]}, "properties": {"depth_m": 0.451, "depth_ft": 1.48}}, {"type": "Feature", "geometry": {"type": "Point", "coordinates": [687469.738016359, 2528241.89317419]}, "properties": {"depth_m": 0.45, "depth_ft": 1.48}}, {"type": "Feature", "geometry": {"type": "Point", "coordinates": [690649.738016359, 2521161.89317419]}, "properties": {"depth_m": 0.448, "depth_ft": 1.47}}, {"type": "Feature", "geometry": {"type": "Point", "coordinates": [687979.738016359, 2528721.89317419]}, "properties": {"depth_m": 0.446, "depth_ft": 1.46}}, {"type": "Feature", "geometry": {"type": "Point", "coordinates": [689359.738016359, 2525751.89317419]}, "properties": {"depth_m": 0.445, "depth_ft": 1.46}}, {"type": "Feature", "geometry": {"type": "Point", "coordinates": [690019.738016359, 2520321.89317419]}, "properties": {"depth_m": 0.444, "depth_ft": 1.46}}, {"type": "Feature", "geometry": {"type": "Point", "coordinates": [688309.738016359, 2526171.89317419]}, "properties": {"depth_m": 0.443, "depth_ft": 1.45}}, {"type": "Feature", "geometry": {"type": "Point", "coordinates": [689839.738016359, 2520051.89317419]}, "properties": {"depth_m": 0.441, "depth_ft": 1.45}}, {"type": "Feature", "geometry": {"type": "Point", "coordinates": [690439.738016359, 2519301.89317419]}, "properties": {"depth_m": 0.441, "depth_ft": 1.45}}, {"type": "Feature", "geometry": {"type": "Point", "coordinates": [687589.738016359, 2526621.89317419]}, "properties": {"depth_m": 0.439, "depth_ft": 1.44}}, {"type": "Feature", "geometry": {"type": "Point", "coordinates": [687019.738016359, 2528301.89317419]}, "properties": {"depth_m": 0.439, "depth_ft": 1.44}}, {"type": "Feature", "geometry": {"type": "Point", "coordinates": [688909.738016359, 2522931.89317419]}, "properties": {"depth_m": 0.437, "depth_ft": 1.43}}, {"type": "Feature", "geometry": {"type": "Point", "coordinates": [688159.738016359, 2526201.89317419]}, "properties": {"depth_m": 0.437, "depth_ft": 1.43}}, {"type": "Feature", "geometry": {"type": "Point", "coordinates": [689059.738016359, 2526711.89317419]}, "properties": {"depth_m": 0.436, "depth_ft": 1.43}}, {"type": "Feature", "geometry": {"type": "Point", "coordinates": [687349.738016359, 2527851.89317419]}, "properties": {"depth_m": 0.435, "depth_ft": 1.43}}, {"type": "Feature", "geometry": {"type": "Point", "coordinates": [688459.738016359, 2525451.89317419]}, "properties": {"depth_m": 0.433, "depth_ft": 1.42}}, {"type": "Feature", "geometry": {"type": "Point", "coordinates": [687139.738016359, 2528271.89317419]}, "properties": {"depth_m": 0.432, "depth_ft": 1.42}}, {"type": "Feature", "geometry": {"type": "Point", "coordinates": [689329.738016359, 2525541.89317419]}, "properties": {"depth_m": 0.432, "depth_ft": 1.42}}, {"type": "Feature", "geometry": {"type": "Point", "coordinates": [689329.738016359, 2525211.89317419]}, "properties": {"depth_m": 0.43, "depth_ft": 1.41}}, {"type": "Feature", "geometry": {"type": "Point", "coordinates": [689779.738016359, 2523591.89317419]}, "properties": {"depth_m": 0.429, "depth_ft": 1.41}}, {"type": "Feature", "geometry": {"type": "Point", "coordinates": [687829.738016359, 2526801.89317419]}, "properties": {"depth_m": 0.427, "depth_ft": 1.4}}, {"type": "Feature", "geometry": {"type": "Point", "coordinates": [689659.738016359, 2521641.89317419]}, "properties": {"depth_m": 0.426, "depth_ft": 1.4}}, {"type": "Feature", "geometry": {"type": "Point", "coordinates": [688159.738016359, 2526411.89317419]}, "properties": {"depth_m": 0.426, "depth_ft": 1.4}}, {"type": "Feature", "geometry": {"type": "Point", "coordinates": [687469.738016359, 2526651.89317419]}, "properties": {"depth_m": 0.424, "depth_ft": 1.39}}, {"type": "Feature", "geometry": {"type": "Point", "coordinates": [688039.738016359, 2528151.89317419]}, "properties": {"depth_m": 0.423, "depth_ft": 1.39}}, {"type": "Feature", "geometry": {"type": "Point", "coordinates": [689449.738016359, 2521251.89317419]}, "properties": {"depth_m": 0.422, "depth_ft": 1.38}}, {"type": "Feature", "geometry": {"type": "Point", "coordinates": [689539.738016359, 2525541.89317419]}, "properties": {"depth_m": 0.42, "depth_ft": 1.38}}, {"type": "Feature", "geometry": {"type": "Point", "coordinates": [687829.738016359, 2529021.89317419]}, "properties": {"depth_m": 0.418, "depth_ft": 1.37}}, {"type": "Feature", "geometry": {"type": "Point", "coordinates": [688669.738016359, 2523801.89317419]}, "properties": {"depth_m": 0.417, "depth_ft": 1.37}}, {"type": "Feature", "geometry": {"type": "Point", "coordinates": [687469.738016359, 2527911.89317419]}, "properties": {"depth_m": 0.417, "depth_ft": 1.37}}, {"type": "Feature", "geometry": {"type": "Point", "coordinates": [688309.738016359, 2526201.89317419]}, "properties": {"depth_m": 0.416, "depth_ft": 1.36}}, {"type": "Feature", "geometry": {"type": "Point", "coordinates": [686569.738016359, 2530191.89317419]}, "properties": {"depth_m": 0.414, "depth_ft": 1.36}}, {"type": "Feature", "geometry": {"type": "Point", "coordinates": [690619.738016359, 2519031.89317419]}, "properties": {"depth_m": 0.413, "depth_ft": 1.35}}, {"type": "Feature", "geometry": {"type": "Point", "coordinates": [688339.738016359, 2526321.89317419]}, "properties": {"depth_m": 0.412, "depth_ft": 1.35}}, {"type": "Feature", "geometry": {"type": "Point", "coordinates": [687319.738016359, 2527821.89317419]}, "properties": {"depth_m": 0.411, "depth_ft": 1.35}}, {"type": "Feature", "geometry": {"type": "Point", "coordinates": [687139.738016359, 2529801.89317419]}, "properties": {"depth_m": 0.409, "depth_ft": 1.34}}, {"type": "Feature", "geometry": {"type": "Point", "coordinates": [686569.738016359, 2529051.89317419]}, "properties": {"depth_m": 0.407, "depth_ft": 1.33}}, {"type": "Feature", "geometry": {"type": "Point", "coordinates": [689419.738016359, 2525061.89317419]}, "properties": {"depth_m": 0.405, "depth_ft": 1.33}}, {"type": "Feature", "geometry": {"type": "Point", "coordinates": [690679.738016359, 2521251.89317419]}, "properties": {"depth_m": 0.403, "depth_ft": 1.32}}, {"type": "Feature", "geometry": {"type": "Point", "coordinates": [690889.738016359, 2520021.89317419]}, "properties": {"depth_m": 0.403, "depth_ft": 1.32}}, {"type": "Feature", "geometry": {"type": "Point", "coordinates": [690679.738016359, 2521191.89317419]}, "properties": {"depth_m": 0.401, "depth_ft": 1.32}}, {"type": "Feature", "geometry": {"type": "Point", "coordinates": [689599.738016359, 2524281.89317419]}, "properties": {"depth_m": 0.399, "depth_ft": 1.31}}, {"type": "Feature", "geometry": {"type": "Point", "coordinates": [691129.738016359, 2519511.89317419]}, "properties": {"depth_m": 0.397, "depth_ft": 1.3}}, {"type": "Feature", "geometry": {"type": "Point", "coordinates": [687499.738016359, 2528151.89317419]}, "properties": {"depth_m": 0.396, "depth_ft": 1.3}}, {"type": "Feature", "geometry": {"type": "Point", "coordinates": [687529.738016359, 2526831.89317419]}, "properties": {"depth_m": 0.395, "depth_ft": 1.3}}, {"type": "Feature", "geometry": {"type": "Point", "coordinates": [689119.738016359, 2525571.89317419]}, "properties": {"depth_m": 0.394, "depth_ft": 1.29}}, {"type": "Feature", "geometry": {"type": "Point", "coordinates": [687139.738016359, 2528241.89317419]}, "properties": {"depth_m": 0.393, "depth_ft": 1.29}}, {"type": "Feature", "geometry": {"type": "Point", "coordinates": [691399.738016359, 2519211.89317419]}, "properties": {"depth_m": 0.391, "depth_ft": 1.28}}, {"type": "Feature", "geometry": {"type": "Point", "coordinates": [689419.738016359, 2521131.89317419]}, "properties": {"depth_m": 0.39, "depth_ft": 1.28}}, {"type": "Feature", "geometry": {"type": "Point", "coordinates": [687979.738016359, 2529141.89317419]}, "properties": {"depth_m": 0.388, "depth_ft": 1.27}}, {"type": "Feature", "geometry": {"type": "Point", "coordinates": [688939.738016359, 2526891.89317419]}, "properties": {"depth_m": 0.387, "depth_ft": 1.27}}, {"type": "Feature", "geometry": {"type": "Point", "coordinates": [689959.738016359, 2523201.89317419]}, "properties": {"depth_m": 0.386, "depth_ft": 1.27}}, {"type": "Feature", "geometry": {"type": "Point", "coordinates": [689719.738016359, 2524041.89317419]}, "properties": {"depth_m": 0.384, "depth_ft": 1.26}}, {"type": "Feature", "geometry": {"type": "Point", "coordinates": [688399.738016359, 2525541.89317419]}, "properties": {"depth_m": 0.383, "depth_ft": 1.26}}, {"type": "Feature", "geometry": {"type": "Point", "coordinates": [687979.738016359, 2528841.89317419]}, "properties": {"depth_m": 0.382, "depth_ft": 1.25}}, {"type": "Feature", "geometry": {"type": "Point", "coordinates": [687439.738016359, 2527881.89317419]}, "properties": {"depth_m": 0.382, "depth_ft": 1.25}}, {"type": "Feature", "geometry": {"type": "Point", "coordinates": [689299.738016359, 2525691.89317419]}, "properties": {"depth_m": 0.379, "depth_ft": 1.24}}, {"type": "Feature", "geometry": {"type": "Point", "coordinates": [689509.738016359, 2525541.89317419]}, "properties": {"depth_m": 0.379, "depth_ft": 1.24}}, {"type": "Feature", "geometry": {"type": "Point", "coordinates": [686989.738016359, 2528211.89317419]}, "properties": {"depth_m": 0.378, "depth_ft": 1.24}}, {"type": "Feature", "geometry": {"type": "Point", "coordinates": [690199.738016359, 2519421.89317419]}, "properties": {"depth_m": 0.377, "depth_ft": 1.24}}, {"type": "Feature", "geometry": {"type": "Point", "coordinates": [688969.738016359, 2526801.89317419]}, "properties": {"depth_m": 0.376, "depth_ft": 1.23}}, {"type": "Feature", "geometry": {"type": "Point", "coordinates": [687589.738016359, 2529411.89317419]}, "properties": {"depth_m": 0.374, "depth_ft": 1.23}}, {"type": "Feature", "geometry": {"type": "Point", "coordinates": [688159.738016359, 2526171.89317419]}, "properties": {"depth_m": 0.373, "depth_ft": 1.23}}, {"type": "Feature", "geometry": {"type": "Point", "coordinates": [688549.738016359, 2523921.89317419]}, "properties": {"depth_m": 0.372, "depth_ft": 1.22}}, {"type": "Feature", "geometry": {"type": "Point", "coordinates": [690979.738016359, 2520441.89317419]}, "properties": {"depth_m": 0.372, "depth_ft": 1.22}}, {"type": "Feature", "geometry": {"type": "Point", "coordinates": [691039.738016359, 2520051.89317419]}, "properties": {"depth_m": 0.371, "depth_ft": 1.22}}, {"type": "Feature", "geometry": {"type": "Point", "coordinates": [689569.738016359, 2521971.89317419]}, "properties": {"depth_m": 0.37, "depth_ft": 1.21}}, {"type": "Feature", "geometry": {"type": "Point", "coordinates": [689449.738016359, 2520921.89317419]}, "properties": {"depth_m": 0.369, "depth_ft": 1.21}}, {"type": "Feature", "geometry": {"type": "Point", "coordinates": [687049.738016359, 2527371.89317419]}, "properties": {"depth_m": 0.368, "depth_ft": 1.21}}, {"type": "Feature", "geometry": {"type": "Point", "coordinates": [690919.738016359, 2520651.89317419]}, "properties": {"depth_m": 0.366, "depth_ft": 1.2}}, {"type": "Feature", "geometry": {"type": "Point", "coordinates": [688339.738016359, 2527701.89317419]}, "properties": {"depth_m": 0.364, "depth_ft": 1.19}}, {"type": "Feature", "geometry": {"type": "Point", "coordinates": [688159.738016359, 2528571.89317419]}, "properties": {"depth_m": 0.363, "depth_ft": 1.19}}, {"type": "Feature", "geometry": {"type": "Point", "coordinates": [688669.738016359, 2526981.89317419]}, "properties": {"depth_m": 0.362, "depth_ft": 1.19}}, {"type": "Feature", "geometry": {"type": "Point", "coordinates": [688729.738016359, 2524221.89317419]}, "properties": {"depth_m": 0.361, "depth_ft": 1.18}}, {"type": "Feature", "geometry": {"type": "Point", "coordinates": [687349.738016359, 2527881.89317419]}, "properties": {"depth_m": 0.36, "depth_ft": 1.18}}, {"type": "Feature", "geometry": {"type": "Point", "coordinates": [688729.738016359, 2523921.89317419]}, "properties": {"depth_m": 0.357, "depth_ft": 1.17}}, {"type": "Feature", "geometry": {"type": "Point", "coordinates": [689989.738016359, 2520171.89317419]}, "properties": {"depth_m": 0.356, "depth_ft": 1.17}}, {"type": "Feature", "geometry": {"type": "Point", "coordinates": [686869.738016359, 2528391.89317419]}, "properties": {"depth_m": 0.355, "depth_ft": 1.17}}, {"type": "Feature", "geometry": {"type": "Point", "coordinates": [690229.738016359, 2519661.89317419]}, "properties": {"depth_m": 0.354, "depth_ft": 1.16}}, {"type": "Feature", "geometry": {"type": "Point", "coordinates": [686689.738016359, 2530191.89317419]}, "properties": {"depth_m": 0.352, "depth_ft": 1.16}}, {"type": "Feature", "geometry": {"type": "Point", "coordinates": [687169.738016359, 2528241.89317419]}, "properties": {"depth_m": 0.351, "depth_ft": 1.15}}, {"type": "Feature", "geometry": {"type": "Point", "coordinates": [688639.738016359, 2527431.89317419]}, "properties": {"depth_m": 0.35, "depth_ft": 1.15}}, {"type": "Feature", "geometry": {"type": "Point", "coordinates": [689779.738016359, 2521401.89317419]}, "properties": {"depth_m": 0.349, "depth_ft": 1.14}}, {"type": "Feature", "geometry": {"type": "Point", "coordinates": [691129.738016359, 2519691.89317419]}, "properties": {"depth_m": 0.347, "depth_ft": 1.14}}, {"type": "Feature", "geometry": {"type": "Point", "coordinates": [687289.738016359, 2529561.89317419]}, "properties": {"depth_m": 0.345, "depth_ft": 1.13}}, {"type": "Feature", "geometry": {"type": "Point", "coordinates": [687649.738016359, 2526411.89317419]}, "properties": {"depth_m": 0.343, "depth_ft": 1.13}}, {"type": "Feature", "geometry": {"type": "Point", "coordinates": [688969.738016359, 2526531.89317419]}, "properties": {"depth_m": 0.342, "depth_ft": 1.12}}, {"type": "Feature", "geometry": {"type": "Point", "coordinates": [687589.738016359, 2526501.89317419]}, "properties": {"depth_m": 0.341, "depth_ft": 1.12}}, {"type": "Feature", "geometry": {"type": "Point", "coordinates": [687259.738016359, 2529561.89317419]}, "properties": {"depth_m": 0.341, "depth_ft": 1.12}}, {"type": "Feature", "geometry": {"type": "Point", "coordinates": [687379.738016359, 2527881.89317419]}, "properties": {"depth_m": 0.34, "depth_ft": 1.11}}, {"type": "Feature", "geometry": {"type": "Point", "coordinates": [690859.738016359, 2520981.89317419]}, "properties": {"depth_m": 0.339, "depth_ft": 1.11}}, {"type": "Feature", "geometry": {"type": "Point", "coordinates": [686179.738016359, 2529441.89317419]}, "properties": {"depth_m": 0.337, "depth_ft": 1.11}}, {"type": "Feature", "geometry": {"type": "Point", "coordinates": [689989.738016359, 2520411.89317419]}, "properties": {"depth_m": 0.336, "depth_ft": 1.1}}, {"type": "Feature", "geometry": {"type": "Point", "coordinates": [689299.738016359, 2521761.89317419]}, "properties": {"depth_m": 0.335, "depth_ft": 1.1}}, {"type": "Feature", "geometry": {"type": "Point", "coordinates": [689449.738016359, 2524281.89317419]}, "properties": {"depth_m": 0.334, "depth_ft": 1.1}}, {"type": "Feature", "geometry": {"type": "Point", "coordinates": [687019.738016359, 2528391.89317419]}, "properties": {"depth_m": 0.333, "depth_ft": 1.09}}, {"type": "Feature", "geometry": {"type": "Point", "coordinates": [689269.738016359, 2525121.89317419]}, "properties": {"depth_m": 0.332, "depth_ft": 1.09}}, {"type": "Feature", "geometry": {"type": "Point", "coordinates": [688369.738016359, 2525571.89317419]}, "properties": {"depth_m": 0.331, "depth_ft": 1.09}}, {"type": "Feature", "geometry": {"type": "Point", "coordinates": [690589.738016359, 2521101.89317419]}, "properties": {"depth_m": 0.33, "depth_ft": 1.08}}, {"type": "Feature", "geometry": {"type": "Point", "coordinates": [688279.738016359, 2525541.89317419]}, "properties": {"depth_m": 0.329, "depth_ft": 1.08}}, {"type": "Feature", "geometry": {"type": "Point", "coordinates": [689389.738016359, 2525841.89317419]}, "properties": {"depth_m": 0.328, "depth_ft": 1.08}}, {"type": "Feature", "geometry": {"type": "Point", "coordinates": [687769.738016359, 2526621.89317419]}, "properties": {"depth_m": 0.328, "depth_ft": 1.07}}, {"type": "Feature", "geometry": {"type": "Point", "coordinates": [687469.738016359, 2529411.89317419]}, "properties": {"depth_m": 0.327, "depth_ft": 1.07}}, {"type": "Feature", "geometry": {"type": "Point", "coordinates": [687769.738016359, 2526351.89317419]}, "properties": {"depth_m": 0.325, "depth_ft": 1.07}}, {"type": "Feature", "geometry": {"type": "Point", "coordinates": [688639.738016359, 2525271.89317419]}, "properties": {"depth_m": 0.324, "depth_ft": 1.06}}, {"type": "Feature", "geometry": {"type": "Point", "coordinates": [688489.738016359, 2527281.89317419]}, "properties": {"depth_m": 0.322, "depth_ft": 1.06}}, {"type": "Feature", "geometry": {"type": "Point", "coordinates": [688519.738016359, 2525331.89317419]}, "properties": {"depth_m": 0.321, "depth_ft": 1.05}}, {"type": "Feature", "geometry": {"type": "Point", "coordinates": [689959.738016359, 2520411.89317419]}, "properties": {"depth_m": 0.32, "depth_ft": 1.05}}, {"type": "Feature", "geometry": {"type": "Point", "coordinates": [689389.738016359, 2525121.89317419]}, "properties": {"depth_m": 0.319, "depth_ft": 1.05}}, {"type": "Feature", "geometry": {"type": "Point", "coordinates": [689629.738016359, 2524791.89317419]}, "properties": {"depth_m": 0.318, "depth_ft": 1.04}}, {"type": "Feature", "geometry": {"type": "Point", "coordinates": [690049.738016359, 2522931.89317419]}, "properties": {"depth_m": 0.318, "depth_ft": 1.04}}, {"type": "Feature", "geometry": {"type": "Point", "coordinates": [689029.738016359, 2522721.89317419]}, "properties": {"depth_m": 0.317, "depth_ft": 1.04}}, {"type": "Feature", "geometry": {"type": "Point", "coordinates": [689599.738016359, 2520531.89317419]}, "properties": {"depth_m": 0.316, "depth_ft": 1.04}}, {"type": "Feature", "geometry": {"type": "Point", "coordinates": [686539.738016359, 2528271.89317419]}, "properties": {"depth_m": 0.315, "depth_ft": 1.03}}, {"type": "Feature", "geometry": {"type": "Point", "coordinates": [688519.738016359, 2526981.89317419]}, "properties": {"depth_m": 0.314, "depth_ft": 1.03}}, {"type": "Feature", "geometry": {"type": "Point", "coordinates": [690919.738016359, 2520681.89317419]}, "properties": {"depth_m": 0.313, "depth_ft": 1.03}}, {"type": "Feature", "geometry": {"type": "Point", "coordinates": [689869.738016359, 2523651.89317419]}, "properties": {"depth_m": 0.311, "depth_ft": 1.02}}, {"type": "Feature", "geometry": {"type": "Point", "coordinates": [687229.738016359, 2527581.89317419]}, "properties": {"depth_m": 0.308, "depth_ft": 1.01}}, {"type": "Feature", "geometry": {"type": "Point", "coordinates": [689389.738016359, 2524911.89317419]}, "properties": {"depth_m": 0.306, "depth_ft": 1.0}}, {"type": "Feature", "geometry": {"type": "Point", "coordinates": [691159.738016359, 2520051.89317419]}, "properties": {"depth_m": 0.305, "depth_ft": 1.0}}, {"type": "Feature", "geometry": {"type": "Point", "coordinates": [686449.738016359, 2528541.89317419]}, "properties": {"depth_m": 0.304, "depth_ft": 1.0}}, {"type": "Feature", "geometry": {"type": "Point", "coordinates": [689599.738016359, 2521941.89317419]}, "properties": {"depth_m": 0.302, "depth_ft": 0.99}}, {"type": "Feature", "geometry": {"type": "Point", "coordinates": [689479.738016359, 2524161.89317419]}, "properties": {"depth_m": 0.301, "depth_ft": 0.99}}, {"type": "Feature", "geometry": {"type": "Point", "coordinates": [688999.738016359, 2522871.89317419]}, "properties": {"depth_m": 0.3, "depth_ft": 0.98}}, {"type": "Feature", "geometry": {"type": "Point", "coordinates": [687529.738016359, 2527701.89317419]}, "properties": {"depth_m": 0.299, "depth_ft": 0.98}}, {"type": "Feature", "geometry": {"type": "Point", "coordinates": [685969.738016359, 2529201.89317419]}, "properties": {"depth_m": 0.298, "depth_ft": 0.98}}, {"type": "Feature", "geometry": {"type": "Point", "coordinates": [689479.738016359, 2525571.89317419]}, "properties": {"depth_m": 0.297, "depth_ft": 0.98}}, {"type": "Feature", "geometry": {"type": "Point", "coordinates": [688579.738016359, 2525871.89317419]}, "properties": {"depth_m": 0.295, "depth_ft": 0.97}}, {"type": "Feature", "geometry": {"type": "Point", "coordinates": [688879.738016359, 2526861.89317419]}, "properties": {"depth_m": 0.293, "depth_ft": 0.96}}, {"type": "Feature", "geometry": {"type": "Point", "coordinates": [687109.738016359, 2528451.89317419]}, "properties": {"depth_m": 0.293, "depth_ft": 0.96}}, {"type": "Feature", "geometry": {"type": "Point", "coordinates": [690019.738016359, 2520411.89317419]}, "properties": {"depth_m": 0.292, "depth_ft": 0.96}}, {"type": "Feature", "geometry": {"type": "Point", "coordinates": [689809.738016359, 2521371.89317419]}, "properties": {"depth_m": 0.289, "depth_ft": 0.95}}, {"type": "Feature", "geometry": {"type": "Point", "coordinates": [689479.738016359, 2521281.89317419]}, "properties": {"depth_m": 0.288, "depth_ft": 0.94}}, {"type": "Feature", "geometry": {"type": "Point", "coordinates": [689839.738016359, 2523051.89317419]}, "properties": {"depth_m": 0.287, "depth_ft": 0.94}}, {"type": "Feature", "geometry": {"type": "Point", "coordinates": [687259.738016359, 2528391.89317419]}, "properties": {"depth_m": 0.285, "depth_ft": 0.93}}, {"type": "Feature", "geometry": {"type": "Point", "coordinates": [687979.738016359, 2528601.89317419]}, "properties": {"depth_m": 0.284, "depth_ft": 0.93}}, {"type": "Feature", "geometry": {"type": "Point", "coordinates": [688879.738016359, 2526501.89317419]}, "properties": {"depth_m": 0.284, "depth_ft": 0.93}}, {"type": "Feature", "geometry": {"type": "Point", "coordinates": [688129.738016359, 2528601.89317419]}, "properties": {"depth_m": 0.282, "depth_ft": 0.93}}, {"type": "Feature", "geometry": {"type": "Point", "coordinates": [689809.738016359, 2521401.89317419]}, "properties": {"depth_m": 0.281, "depth_ft": 0.92}}, {"type": "Feature", "geometry": {"type": "Point", "coordinates": [691069.738016359, 2519811.89317419]}, "properties": {"depth_m": 0.281, "depth_ft": 0.92}}, {"type": "Feature", "geometry": {"type": "Point", "coordinates": [686809.738016359, 2528151.89317419]}, "properties": {"depth_m": 0.279, "depth_ft": 0.92}}, {"type": "Feature", "geometry": {"type": "Point", "coordinates": [686509.738016359, 2528811.89317419]}, "properties": {"depth_m": 0.278, "depth_ft": 0.91}}, {"type": "Feature", "geometry": {"type": "Point", "coordinates": [691369.738016359, 2519301.89317419]}, "properties": {"depth_m": 0.278, "depth_ft": 0.91}}, {"type": "Feature", "geometry": {"type": "Point", "coordinates": [689959.738016359, 2520801.89317419]}, "properties": {"depth_m": 0.277, "depth_ft": 0.91}}, {"type": "Feature", "geometry": {"type": "Point", "coordinates": [688339.738016359, 2528661.89317419]}, "properties": {"depth_m": 0.276, "depth_ft": 0.91}}, {"type": "Feature", "geometry": {"type": "Point", "coordinates": [687259.738016359, 2529591.89317419]}, "properties": {"depth_m": 0.275, "depth_ft": 0.9}}, {"type": "Feature", "geometry": {"type": "Point", "coordinates": [689539.738016359, 2521251.89317419]}, "properties": {"depth_m": 0.275, "depth_ft": 0.9}}, {"type": "Feature", "geometry": {"type": "Point", "coordinates": [689539.738016359, 2525121.89317419]}, "properties": {"depth_m": 0.274, "depth_ft": 0.9}}, {"type": "Feature", "geometry": {"type": "Point", "coordinates": [689869.738016359, 2523381.89317419]}, "properties": {"depth_m": 0.273, "depth_ft": 0.9}}, {"type": "Feature", "geometry": {"type": "Point", "coordinates": [687379.738016359, 2527911.89317419]}, "properties": {"depth_m": 0.272, "depth_ft": 0.89}}, {"type": "Feature", "geometry": {"type": "Point", "coordinates": [689119.738016359, 2525541.89317419]}, "properties": {"depth_m": 0.272, "depth_ft": 0.89}}, {"type": "Feature", "geometry": {"type": "Point", "coordinates": [688759.738016359, 2526891.89317419]}, "properties": {"depth_m": 0.271, "depth_ft": 0.89}}, {"type": "Feature", "geometry": {"type": "Point", "coordinates": [687769.738016359, 2526591.89317419]}, "properties": {"depth_m": 0.269, "depth_ft": 0.88}}, {"type": "Feature", "geometry": {"type": "Point", "coordinates": [687529.738016359, 2526621.89317419]}, "properties": {"depth_m": 0.267, "depth_ft": 0.88}}, {"type": "Feature", "geometry": {"type": "Point", "coordinates": [688309.738016359, 2525661.89317419]}, "properties": {"depth_m": 0.266, "depth_ft": 0.87}}, {"type": "Feature", "geometry": {"type": "Point", "coordinates": [687439.738016359, 2527791.89317419]}, "properties": {"depth_m": 0.266, "depth_ft": 0.87}}, {"type": "Feature", "geometry": {"type": "Point", "coordinates": [687859.738016359, 2529081.89317419]}, "properties": {"depth_m": 0.265, "depth_ft": 0.87}}, {"type": "Feature", "geometry": {"type": "Point", "coordinates": [691609.738016359, 2518911.89317419]}, "properties": {"depth_m": 0.264, "depth_ft": 0.87}}, {"type": "Feature", "geometry": {"type": "Point", "coordinates": [687169.738016359, 2528271.89317419]}, "properties": {"depth_m": 0.263, "depth_ft": 0.86}}, {"type": "Feature", "geometry": {"type": "Point", "coordinates": [688009.738016359, 2528721.89317419]}, "properties": {"depth_m": 0.261, "depth_ft": 0.86}}, {"type": "Feature", "geometry": {"type": "Point", "coordinates": [688459.738016359, 2525181.89317419]}, "properties": {"depth_m": 0.26, "depth_ft": 0.85}}, {"type": "Feature", "geometry": {"type": "Point", "coordinates": [686929.738016359, 2529771.89317419]}, "properties": {"depth_m": 0.259, "depth_ft": 0.85}}, {"type": "Feature", "geometry": {"type": "Point", "coordinates": [689839.738016359, 2520351.89317419]}, "properties": {"depth_m": 0.258, "depth_ft": 0.85}}, {"type": "Feature", "geometry": {"type": "Point", "coordinates": [687979.738016359, 2528871.89317419]}, "properties": {"depth_m": 0.256, "depth_ft": 0.84}}, {"type": "Feature", "geometry": {"type": "Point", "coordinates": [688159.738016359, 2526081.89317419]}, "properties": {"depth_m": 0.255, "depth_ft": 0.84}}, {"type": "Feature", "geometry": {"type": "Point", "coordinates": [689359.738016359, 2521851.89317419]}, "properties": {"depth_m": 0.254, "depth_ft": 0.83}}, {"type": "Feature", "geometry": {"type": "Point", "coordinates": [689809.738016359, 2521431.89317419]}, "properties": {"depth_m": 0.253, "depth_ft": 0.83}}, {"type": "Feature", "geometry": {"type": "Point", "coordinates": [688219.738016359, 2525871.89317419]}, "properties": {"depth_m": 0.253, "depth_ft": 0.83}}, {"type": "Feature", "geometry": {"type": "Point", "coordinates": [688399.738016359, 2526171.89317419]}, "properties": {"depth_m": 0.252, "depth_ft": 0.83}}, {"type": "Feature", "geometry": {"type": "Point", "coordinates": [686419.738016359, 2528571.89317419]}, "properties": {"depth_m": 0.251, "depth_ft": 0.82}}, {"type": "Feature", "geometry": {"type": "Point", "coordinates": [689059.738016359, 2525721.89317419]}, "properties": {"depth_m": 0.25, "depth_ft": 0.82}}, {"type": "Feature", "geometry": {"type": "Point", "coordinates": [688069.738016359, 2528001.89317419]}, "properties": {"depth_m": 0.249, "depth_ft": 0.82}}, {"type": "Feature", "geometry": {"type": "Point", "coordinates": [690679.738016359, 2521761.89317419]}, "properties": {"depth_m": 0.248, "depth_ft": 0.81}}, {"type": "Feature", "geometry": {"type": "Point", "coordinates": [686839.738016359, 2528511.89317419]}, "properties": {"depth_m": 0.247, "depth_ft": 0.81}}, {"type": "Feature", "geometry": {"type": "Point", "coordinates": [690619.738016359, 2521071.89317419]}, "properties": {"depth_m": 0.246, "depth_ft": 0.81}}, {"type": "Feature", "geometry": {"type": "Point", "coordinates": [690829.738016359, 2519991.89317419]}, "properties": {"depth_m": 0.245, "depth_ft": 0.8}}, {"type": "Feature", "geometry": {"type": "Point", "coordinates": [689269.738016359, 2525091.89317419]}, "properties": {"depth_m": 0.243, "depth_ft": 0.8}}, {"type": "Feature", "geometry": {"type": "Point", "coordinates": [688249.738016359, 2525991.89317419]}, "properties": {"depth_m": 0.243, "depth_ft": 0.8}}, {"type": "Feature", "geometry": {"type": "Point", "coordinates": [689809.738016359, 2523471.89317419]}, "properties": {"depth_m": 0.242, "depth_ft": 0.79}}, {"type": "Feature", "geometry": {"type": "Point", "coordinates": [688129.738016359, 2525871.89317419]}, "properties": {"depth_m": 0.241, "depth_ft": 0.79}}, {"type": "Feature", "geometry": {"type": "Point", "coordinates": [687319.738016359, 2527431.89317419]}, "properties": {"depth_m": 0.24, "depth_ft": 0.79}}, {"type": "Feature", "geometry": {"type": "Point", "coordinates": [688099.738016359, 2526501.89317419]}, "properties": {"depth_m": 0.239, "depth_ft": 0.79}}, {"type": "Feature", "geometry": {"type": "Point", "coordinates": [688999.738016359, 2526771.89317419]}, "properties": {"depth_m": 0.239, "depth_ft": 0.78}}, {"type": "Feature", "geometry": {"type": "Point", "coordinates": [688729.738016359, 2527191.89317419]}, "properties": {"depth_m": 0.237, "depth_ft": 0.78}}, {"type": "Feature", "geometry": {"type": "Point", "coordinates": [687979.738016359, 2529051.89317419]}, "properties": {"depth_m": 0.237, "depth_ft": 0.78}}, {"type": "Feature", "geometry": {"type": "Point", "coordinates": [687349.738016359, 2527911.89317419]}, "properties": {"depth_m": 0.237, "depth_ft": 0.78}}, {"type": "Feature", "geometry": {"type": "Point", "coordinates": [688399.738016359, 2528481.89317419]}, "properties": {"depth_m": 0.236, "depth_ft": 0.77}}, {"type": "Feature", "geometry": {"type": "Point", "coordinates": [686989.738016359, 2527551.89317419]}, "properties": {"depth_m": 0.235, "depth_ft": 0.77}}, {"type": "Feature", "geometry": {"type": "Point", "coordinates": [688549.738016359, 2527971.89317419]}, "properties": {"depth_m": 0.233, "depth_ft": 0.76}}, {"type": "Feature", "geometry": {"type": "Point", "coordinates": [687859.738016359, 2526741.89317419]}, "properties": {"depth_m": 0.233, "depth_ft": 0.76}}, {"type": "Feature", "geometry": {"type": "Point", "coordinates": [688909.738016359, 2526681.89317419]}, "properties": {"depth_m": 0.231, "depth_ft": 0.76}}, {"type": "Feature", "geometry": {"type": "Point", "coordinates": [687919.738016359, 2529051.89317419]}, "properties": {"depth_m": 0.23, "depth_ft": 0.76}}, {"type": "Feature", "geometry": {"type": "Point", "coordinates": [687169.738016359, 2529651.89317419]}, "properties": {"depth_m": 0.23, "depth_ft": 0.75}}, {"type": "Feature", "geometry": {"type": "Point", "coordinates": [689839.738016359, 2524791.89317419]}, "properties": {"depth_m": 0.229, "depth_ft": 0.75}}, {"type": "Feature", "geometry": {"type": "Point", "coordinates": [689419.738016359, 2525151.89317419]}, "properties": {"depth_m": 0.228, "depth_ft": 0.75}}, {"type": "Feature", "geometry": {"type": "Point", "coordinates": [689629.738016359, 2524611.89317419]}, "properties": {"depth_m": 0.227, "depth_ft": 0.75}}, {"type": "Feature", "geometry": {"type": "Point", "coordinates": [688369.738016359, 2527371.89317419]}, "properties": {"depth_m": 0.224, "depth_ft": 0.74}}, {"type": "Feature", "geometry": {"type": "Point", "coordinates": [689059.738016359, 2526021.89317419]}, "properties": {"depth_m": 0.224, "depth_ft": 0.73}}, {"type": "Feature", "geometry": {"type": "Point", "coordinates": [689539.738016359, 2521191.89317419]}, "properties": {"depth_m": 0.223, "depth_ft": 0.73}}, {"type": "Feature", "geometry": {"type": "Point", "coordinates": [690409.738016359, 2519331.89317419]}, "properties": {"depth_m": 0.222, "depth_ft": 0.73}}, {"type": "Feature", "geometry": {"type": "Point", "coordinates": [689629.738016359, 2520741.89317419]}, "properties": {"depth_m": 0.221, "depth_ft": 0.72}}, {"type": "Feature", "geometry": {"type": "Point", "coordinates": [688999.738016359, 2526111.89317419]}, "properties": {"depth_m": 0.22, "depth_ft": 0.72}}, {"type": "Feature", "geometry": {"type": "Point", "coordinates": [688759.738016359, 2523741.89317419]}, "properties": {"depth_m": 0.219, "depth_ft": 0.72}}, {"type": "Feature", "geometry": {"type": "Point", "coordinates": [687349.738016359, 2528301.89317419]}, "properties": {"depth_m": 0.218, "depth_ft": 0.72}}, {"type": "Feature", "geometry": {"type": "Point", "coordinates": [687469.738016359, 2527821.89317419]}, "properties": {"depth_m": 0.217, "depth_ft": 0.71}}, {"type": "Feature", "geometry": {"type": "Point", "coordinates": [687709.738016359, 2526651.89317419]}, "properties": {"depth_m": 0.216, "depth_ft": 0.71}}, {"type": "Feature", "geometry": {"type": "Point", "coordinates": [687709.738016359, 2529141.89317419]}, "properties": {"depth_m": 0.215, "depth_ft": 0.71}}, {"type": "Feature", "geometry": {"type": "Point", "coordinates": [688189.738016359, 2528511.89317419]}, "properties": {"depth_m": 0.214, "depth_ft": 0.7}}, {"type": "Feature", "geometry": {"type": "Point", "coordinates": [688819.738016359, 2524011.89317419]}, "properties": {"depth_m": 0.213, "depth_ft": 0.7}}, {"type": "Feature", "geometry": {"type": "Point", "coordinates": [690769.738016359, 2519031.89317419]}, "properties": {"depth_m": 0.212, "depth_ft": 0.7}}, {"type": "Feature", "geometry": {"type": "Point", "coordinates": [689719.738016359, 2520441.89317419]}, "properties": {"depth_m": 0.211, "depth_ft": 0.69}}, {"type": "Feature", "geometry": {"type": "Point", "coordinates": [687319.738016359, 2527131.89317419]}, "properties": {"depth_m": 0.211, "depth_ft": 0.69}}, {"type": "Feature", "geometry": {"type": "Point", "coordinates": [687649.738016359, 2526441.89317419]}, "properties": {"depth_m": 0.209, "depth_ft": 0.69}}, {"type": "Feature", "geometry": {"type": "Point", "coordinates": [688219.738016359, 2528091.89317419]}, "properties": {"depth_m": 0.209, "depth_ft": 0.69}}, {"type": "Feature", "geometry": {"type": "Point", "coordinates": [687289.738016359, 2527131.89317419]}, "properties": {"depth_m": 0.208, "depth_ft": 0.68}}, {"type": "Feature", "geometry": {"type": "Point", "coordinates": [687529.738016359, 2526651.89317419]}, "properties": {"depth_m": 0.207, "depth_ft": 0.68}}, {"type": "Feature", "geometry": {"type": "Point", "coordinates": [689509.738016359, 2525511.89317419]}, "properties": {"depth_m": 0.207, "depth_ft": 0.68}}, {"type": "Feature", "geometry": {"type": "Point", "coordinates": [689449.738016359, 2520861.89317419]}, "properties": {"depth_m": 0.206, "depth_ft": 0.68}}, {"type": "Feature", "geometry": {"type": "Point", "coordinates": [687799.738016359, 2526621.89317419]}, "properties": {"depth_m": 0.205, "depth_ft": 0.67}}, {"type": "Feature", "geometry": {"type": "Point", "coordinates": [686539.738016359, 2528781.89317419]}, "properties": {"depth_m": 0.204, "depth_ft": 0.67}}, {"type": "Feature", "geometry": {"type": "Point", "coordinates": [687379.738016359, 2527431.89317419]}, "properties": {"depth_m": 0.203, "depth_ft": 0.67}}, {"type": "Feature", "geometry": {"type": "Point", "coordinates": [686419.738016359, 2528541.89317419]}, "properties": {"depth_m": 0.202, "depth_ft": 0.66}}, {"type": "Feature", "geometry": {"type": "Point", "coordinates": [688519.738016359, 2524851.89317419]}, "properties": {"depth_m": 0.201, "depth_ft": 0.66}}, {"type": "Feature", "geometry": {"type": "Point", "coordinates": [686539.738016359, 2528901.89317419]}, "properties": {"depth_m": 0.2, "depth_ft": 0.66}}, {"type": "Feature", "geometry": {"type": "Point", "coordinates": [687109.738016359, 2528211.89317419]}, "properties": {"depth_m": 0.198, "depth_ft": 0.65}}, {"type": "Feature", "geometry": {"type": "Point", "coordinates": [689659.738016359, 2520711.89317419]}, "properties": {"depth_m": 0.197, "depth_ft": 0.65}}, {"type": "Feature", "geometry": {"type": "Point", "coordinates": [690349.738016359, 2519481.89317419]}, "properties": {"depth_m": 0.196, "depth_ft": 0.64}}, {"type": "Feature", "geometry": {"type": "Point", "coordinates": [691219.738016359, 2519751.89317419]}, "properties": {"depth_m": 0.195, "depth_ft": 0.64}}, {"type": "Feature", "geometry": {"type": "Point", "coordinates": [687439.738016359, 2527761.89317419]}, "properties": {"depth_m": 0.194, "depth_ft": 0.64}}, {"type": "Feature", "geometry": {"type": "Point", "coordinates": [689449.738016359, 2521461.89317419]}, "properties": {"depth_m": 0.194, "depth_ft": 0.64}}, {"type": "Feature", "geometry": {"type": "Point", "coordinates": [687379.738016359, 2527281.89317419]}, "properties": {"depth_m": 0.193, "depth_ft": 0.63}}, {"type": "Feature", "geometry": {"type": "Point", "coordinates": [686569.738016359, 2530101.89317419]}, "properties": {"depth_m": 0.193, "depth_ft": 0.63}}, {"type": "Feature", "geometry": {"type": "Point", "coordinates": [688819.738016359, 2526471.89317419]}, "properties": {"depth_m": 0.191, "depth_ft": 0.63}}, {"type": "Feature", "geometry": {"type": "Point", "coordinates": [689869.738016359, 2520141.89317419]}, "properties": {"depth_m": 0.191, "depth_ft": 0.63}}, {"type": "Feature", "geometry": {"type": "Point", "coordinates": [688879.738016359, 2526201.89317419]}, "properties": {"depth_m": 0.19, "depth_ft": 0.62}}, {"type": "Feature", "geometry": {"type": "Point", "coordinates": [689059.738016359, 2525841.89317419]}, "properties": {"depth_m": 0.188, "depth_ft": 0.62}}, {"type": "Feature", "geometry": {"type": "Point", "coordinates": [689869.738016359, 2521131.89317419]}, "properties": {"depth_m": 0.187, "depth_ft": 0.62}}, {"type": "Feature", "geometry": {"type": "Point", "coordinates": [688399.738016359, 2526021.89317419]}, "properties": {"depth_m": 0.187, "depth_ft": 0.61}}, {"type": "Feature", "geometry": {"type": "Point", "coordinates": [687649.738016359, 2526471.89317419]}, "properties": {"depth_m": 0.186, "depth_ft": 0.61}}, {"type": "Feature", "geometry": {"type": "Point", "coordinates": [688789.738016359, 2526471.89317419]}, "properties": {"depth_m": 0.185, "depth_ft": 0.61}}, {"type": "Feature", "geometry": {"type": "Point", "coordinates": [688129.738016359, 2525931.89317419]}, "properties": {"depth_m": 0.185, "depth_ft": 0.61}}, {"type": "Feature", "geometry": {"type": "Point", "coordinates": [689359.738016359, 2521431.89317419]}, "properties": {"depth_m": 0.184, "depth_ft": 0.6}}, {"type": "Feature", "geometry": {"type": "Point", "coordinates": [689389.738016359, 2521371.89317419]}, "properties": {"depth_m": 0.182, "depth_ft": 0.6}}, {"type": "Feature", "geometry": {"type": "Point", "coordinates": [686509.738016359, 2529051.89317419]}, "properties": {"depth_m": 0.181, "depth_ft": 0.59}}, {"type": "Feature", "geometry": {"type": "Point", "coordinates": [688639.738016359, 2526951.89317419]}, "properties": {"depth_m": 0.18, "depth_ft": 0.59}}, {"type": "Feature", "geometry": {"type": "Point", "coordinates": [689119.738016359, 2522571.89317419]}, "properties": {"depth_m": 0.179, "depth_ft": 0.59}}, {"type": "Feature", "geometry": {"type": "Point", "coordinates": [689779.738016359, 2521461.89317419]}, "properties": {"depth_m": 0.179, "depth_ft": 0.59}}, {"type": "Feature", "geometry": {"type": "Point", "coordinates": [687469.738016359, 2529501.89317419]}, "properties": {"depth_m": 0.178, "depth_ft": 0.58}}, {"type": "Feature", "geometry": {"type": "Point", "coordinates": [687349.738016359, 2528331.89317419]}, "properties": {"depth_m": 0.177, "depth_ft": 0.58}}, {"type": "Feature", "geometry": {"type": "Point", "coordinates": [691069.738016359, 2519991.89317419]}, "properties": {"depth_m": 0.177, "depth_ft": 0.58}}, {"type": "Feature", "geometry": {"type": "Point", "coordinates": [689599.738016359, 2520501.89317419]}, "properties": {"depth_m": 0.176, "depth_ft": 0.58}}, {"type": "Feature", "geometry": {"type": "Point", "coordinates": [690349.738016359, 2522541.89317419]}, "properties": {"depth_m": 0.174, "depth_ft": 0.57}}, {"type": "Feature", "geometry": {"type": "Point", "coordinates": [689899.738016359, 2521041.89317419]}, "properties": {"depth_m": 0.174, "depth_ft": 0.57}}, {"type": "Feature", "geometry": {"type": "Point", "coordinates": [686509.738016359, 2528931.89317419]}, "properties": {"depth_m": 0.174, "depth_ft": 0.57}}, {"type": "Feature", "geometry": {"type": "Point", "coordinates": [688969.738016359, 2524611.89317419]}, "properties": {"depth_m": 0.173, "depth_ft": 0.57}}, {"type": "Feature", "geometry": {"type": "Point", "coordinates": [687829.738016359, 2526711.89317419]}, "properties": {"depth_m": 0.173, "depth_ft": 0.57}}, {"type": "Feature", "geometry": {"type": "Point", "coordinates": [688069.738016359, 2528571.89317419]}, "properties": {"depth_m": 0.172, "depth_ft": 0.57}}, {"type": "Feature", "geometry": {"type": "Point", "coordinates": [689689.738016359, 2524911.89317419]}, "properties": {"depth_m": 0.172, "depth_ft": 0.56}}, {"type": "Feature", "geometry": {"type": "Point", "coordinates": [688819.738016359, 2523861.89317419]}, "properties": {"depth_m": 0.171, "depth_ft": 0.56}}, {"type": "Feature", "geometry": {"type": "Point", "coordinates": [686749.738016359, 2528781.89317419]}, "properties": {"depth_m": 0.171, "depth_ft": 0.56}}, {"type": "Feature", "geometry": {"type": "Point", "coordinates": [686689.738016359, 2528811.89317419]}, "properties": {"depth_m": 0.17, "depth_ft": 0.56}}, {"type": "Feature", "geometry": {"type": "Point", "coordinates": [687229.738016359, 2529771.89317419]}, "properties": {"depth_m": 0.169, "depth_ft": 0.56}}, {"type": "Feature", "geometry": {"type": "Point", "coordinates": [690109.738016359, 2519541.89317419]}, "properties": {"depth_m": 0.169, "depth_ft": 0.55}}, {"type": "Feature", "geometry": {"type": "Point", "coordinates": [687469.738016359, 2527941.89317419]}, "properties": {"depth_m": 0.168, "depth_ft": 0.55}}, {"type": "Feature", "geometry": {"type": "Point", "coordinates": [689359.738016359, 2524851.89317419]}, "properties": {"depth_m": 0.168, "depth_ft": 0.55}}, {"type": "Feature", "geometry": {"type": "Point", "coordinates": [688669.738016359, 2527221.89317419]}, "properties": {"depth_m": 0.167, "depth_ft": 0.55}}, {"type": "Feature", "geometry": {"type": "Point", "coordinates": [687679.738016359, 2527011.89317419]}, "properties": {"depth_m": 0.166, "depth_ft": 0.55}}, {"type": "Feature", "geometry": {"type": "Point", "coordinates": [688819.738016359, 2522961.89317419]}, "properties": {"depth_m": 0.166, "depth_ft": 0.54}}, {"type": "Feature", "geometry": {"type": "Point", "coordinates": [688009.738016359, 2526141.89317419]}, "properties": {"depth_m": 0.165, "depth_ft": 0.54}}, {"type": "Feature", "geometry": {"type": "Point", "coordinates": [689899.738016359, 2520561.89317419]}, "properties": {"depth_m": 0.165, "depth_ft": 0.54}}, {"type": "Feature", "geometry": {"type": "Point", "coordinates": [687199.738016359, 2527701.89317419]}, "properties": {"depth_m": 0.165, "depth_ft": 0.54}}, {"type": "Feature", "geometry": {"type": "Point", "coordinates": [687139.738016359, 2527701.89317419]}, "properties": {"depth_m": 0.164, "depth_ft": 0.54}}, {"type": "Feature", "geometry": {"type": "Point", "coordinates": [688819.738016359, 2523981.89317419]}, "properties": {"depth_m": 0.163, "depth_ft": 0.54}}, {"type": "Feature", "geometry": {"type": "Point", "coordinates": [690589.738016359, 2519121.89317419]}, "properties": {"depth_m": 0.162, "depth_ft": 0.53}}, {"type": "Feature", "geometry": {"type": "Point", "coordinates": [689629.738016359, 2520771.89317419]}, "properties": {"depth_m": 0.161, "depth_ft": 0.53}}, {"type": "Feature", "geometry": {"type": "Point", "coordinates": [686539.738016359, 2528661.89317419]}, "properties": {"depth_m": 0.16, "depth_ft": 0.52}}, {"type": "Feature", "geometry": {"type": "Point", "coordinates": [688639.738016359, 2524011.89317419]}, "properties": {"depth_m": 0.159, "depth_ft": 0.52}}, {"type": "Feature", "geometry": {"type": "Point", "coordinates": [688819.738016359, 2526381.89317419]}, "properties": {"depth_m": 0.158, "depth_ft": 0.52}}, {"type": "Feature", "geometry": {"type": "Point", "coordinates": [690169.738016359, 2519961.89317419]}, "properties": {"depth_m": 0.157, "depth_ft": 0.52}}, {"type": "Feature", "geometry": {"type": "Point", "coordinates": [689089.738016359, 2525961.89317419]}, "properties": {"depth_m": 0.157, "depth_ft": 0.51}}, {"type": "Feature", "geometry": {"type": "Point", "coordinates": [690229.738016359, 2519961.89317419]}, "properties": {"depth_m": 0.156, "depth_ft": 0.51}}, {"type": "Feature", "geometry": {"type": "Point", "coordinates": [689269.738016359, 2521941.89317419]}, "properties": {"depth_m": 0.156, "depth_ft": 0.51}}, {"type": "Feature", "geometry": {"type": "Point", "coordinates": [689989.738016359, 2519751.89317419]}, "properties": {"depth_m": 0.156, "depth_ft": 0.51}}, {"type": "Feature", "geometry": {"type": "Point", "coordinates": [687229.738016359, 2527191.89317419]}, "properties": {"depth_m": 0.155, "depth_ft": 0.51}}, {"type": "Feature", "geometry": {"type": "Point", "coordinates": [689359.738016359, 2525991.89317419]}, "properties": {"depth_m": 0.154, "depth_ft": 0.51}}, {"type": "Feature", "geometry": {"type": "Point", "coordinates": [688309.738016359, 2525241.89317419]}, "properties": {"depth_m": 0.153, "depth_ft": 0.5}}, {"type": "Feature", "geometry": {"type": "Point", "coordinates": [686659.738016359, 2528781.89317419]}, "properties": {"depth_m": 0.152, "depth_ft": 0.5}}]}