{"type": "FeatureCollection", "features": [{"type": "Feature", "geometry": {"type": "MultiPolygon", "coordinates": [[[[684476.5790466308, 2531548.734204462], [684365.4933164276, 2531766.89317419], [684351.30735916, 2531976.89317419], [684345.0990227573, 2532246.89317419], [684381.817921869, 2532379.81326868], [684440.0471721712, 2532501.584018378], [684501.7154305566, 2532679.9157599923], [684596.539716678, 2532876.89317419], [684625.521740074, 2532966.89317419], [684627.4541221602, 2533056.89317419], [684683.1606389284, 2533158.4705516207], [684700.5273148874, 2533176.89317419], [684702.6325780455, 2533206.89317419], [684693.9829284685, 2533236.89317419], [684702.47633204, 2533298.35924361], [684754.738016359, 2533306.7446390996], [684784.738016359, 2533297.69396391], [684819.0037617361, 2533271.1589195672], [684855.7817525528, 2533217.936910384], [684871.3222056407, 2533176.89317419], [684939.1084742567, 2532906.89317419], [684948.9432212812, 2532786.89317419], [684949.1276882067, 2532756.89317419], [684909.2789838403, 2532606.89317419], [684845.8017958809, 2532486.89317419], [684837.0473097143, 2532456.89317419], [684826.88382344, 2532336.89317419], [684782.4218702237, 2532216.89317419], [684756.6864685003, 2532096.89317419], [684757.3654853953, 2532066.89317419], [684793.9383267909, 2531926.093484622], [685007.3247062035, 2531689.479864035], [685384.738016359, 2531345.093249518], [685722.1879860739, 2531174.343143905], [685756.41329049, 2531148.568448321], [685965.8552081322, 2530938.0103659634], [686404.738016359, 2530538.1942360424], [686702.9415819675, 2530176.89317419], [686644.738016359, 2530176.89317419], [686644.738016359, 2530236.89317419], [686584.738016359, 2530236.89317419], [686584.738016359, 2530266.89317419], [686554.738016359, 2530266.89317419], [686554.738016359, 2530236.89317419], [686524.738016359, 2530236.89317419], [686524.738016359, 2530206.89317419], [686584.738016359, 2530206.89317419], [686584.738016359, 2530086.89317419], [686614.738016359, 2530086.89317419], [686614.738016359, 2530056.89317419], [686644.738016359, 2530056.89317419], [686644.738016359, 2530116.89317419], [686734.738016359, 2530116.89317419], [686744.2407661468, 2530126.3959239777], [686772.1487179219, 2530094.3038757527], [686764.738016359, 2530086.89317419], [686764.738016359, 2529996.89317419], [686734.738016359, 2529996.89317419], [686734.738016359, 2529966.89317419], [686644.738016359, 2529966.89317419], [686644.738016359, 2529936.89317419], [686674.738016359, 2529936.89317419], [686674.738016359, 2529906.89317419], [686734.738016359, 2529906.89317419], [686734.738016359, 2529846.89317419], [686764.738016359, 2529846.89317419], [686764.738016359, 2529816.89317419], [686824.738016359, 2529816.89317419], [686824.738016359, 2529876.89317419], [686794.738016359, 2529876.89317419], [686794.738016359, 2529906.89317419], [686914.738016359, 2529906.89317419], [686914.738016359, 2529936.89317419], [686854.738016359, 2529936.89317419], [686854.738016359, 2530038.7149248812], [687166.6314765408, 2529828.7866343716], [687154.738016359, 2529816.89317419], [687154.738016359, 2529786.89317419], [687124.738016359, 2529786.89317419], [687124.738016359, 2529756.89317419], [687154.738016359, 2529756.89317419], [687154.738016359, 2529666.89317419], [687184.738016359, 2529666.89317419], [687184.738016359, 2529576.89317419], [687214.738016359, 2529576.89317419], [687214.738016359, 2529546.89317419], [687184.738016359, 2529546.89317419], [687184.738016359, 2529426.89317419], [687214.738016359, 2529426.89317419], [687214.738016359, 2529516.89317419], [687244.738016359, 2529516.89317419], [687244.738016359, 2529606.89317419], [687274.738016359, 2529606.89317419], [687274.738016359, 2529636.89317419], [687304.738016359, 2529636.89317419], [687304.738016359, 2529666.89317419], [687334.738016359, 2529666.89317419], [687334.738016359, 2529696.89317419], [687244.738016359, 2529696.89317419], [687244.738016359, 2529756.89317419], [687214.738016359, 2529756.89317419], [687214.738016359, 2529796.407232571], [687438.6762233893, 2529650.8313812204], [687424.738016359, 2529636.89317419], [687394.738016359, 2529636.89317419], [687394.738016359, 2529606.89317419], [687364.738016359, 2529606.89317419], [687364.738016359, 2529576.89317419], [687334.738016359, 2529576.89317419], [687334.738016359, 2529546.89317419], [687394.738016359, 2529546.89317419], [687394.738016359, 2529516.89317419], [687424.738016359, 2529516.89317419], [687424.738016359, 2529486.89317419], [687454.738016359, 2529486.89317419], [687454.738016359, 2529516.89317419], [687484.738016359, 2529516.89317419], [687484.738016359, 2529576.89317419], [687514.738016359, 2529576.89317419], [687534.45935592, 2529596.614513751], [687591.9292354384, 2529564.0843932694], [687574.738016359, 2529546.89317419], [687574.738016359, 2529516.89317419], [687544.738016359, 2529516.89317419], [687544.738016359, 2529456.89317419], [687514.738016359, 2529456.89317419], [687514.738016359, 2529426.89317419], [687484.738016359, 2529426.89317419], [687484.738016359, 2529396.89317419], [687454.738016359, 2529396.89317419], [687454.738016359, 2529366.89317419], [687394.738016359, 2529366.89317419], [687394.738016359, 2529336.89317419], [687454.738016359, 2529336.89317419], [687454.738016359, 2529306.89317419], [687484.738016359, 2529306.89317419], [687484.738016359, 2529246.89317419], [687454.738016359, 2529246.89317419], [687454.738016359, 2529186.89317419], [687484.738016359, 2529186.89317419], [687484.738016359, 2529126.89317419], [687544.738016359, 2529126.89317419], [687544.738016359, 2529156.89317419], [687574.738016359, 2529156.89317419], [687574.738016359, 2529246.89317419], [687664.738016359, 2529246.89317419], [687664.738016359, 2529276.89317419], [687754.738016359, 2529276.89317419], [687754.738016359, 2529156.89317419], [687724.738016359, 2529156.89317419], [687724.738016359, 2529126.89317419], [687634.738016359, 2529126.89317419], [687634.738016359, 2529066.89317419], [687604.738016359, 2529066.89317419], [687604.738016359, 2529036.89317419], [687634.738016359, 2529036.89317419], [687634.738016359, 2529006.89317419], [687694.738016359, 2529006.89317419], [687694.738016359, 2528976.89317419], [687724.738016359, 2528976.89317419], [687724.738016359, 2529036.89317419], [687754.738016359, 2529036.89317419], [687754.738016359, 2529066.89317419], [687814.738016359, 2529066.89317419], [687814.738016359, 2529126.89317419], [687844.738016359, 2529126.89317419], [687844.738016359, 2529216.89317419], [687874.738016359, 2529216.89317419], [687874.738016359, 2529276.89317419], [687904.738016359, 2529276.89317419], [687904.738016359, 2529336.89317419], [687874.738016359, 2529336.89317419], [687874.738016359, 2529366.89317419], [687784.738016359, 2529366.89317419], [687784.738016359, 2529336.89317419], [687754.738016359, 2529336.89317419], [687754.738016359, 2529306.89317419], [687694.738016359, 2529306.89317419], [687694.738016359, 2529336.89317419], [687664.738016359, 2529336.89317419], [687664.738016359, 2529522.8718757676], [688013.3750185731, 2529325.5301764044], [688038.7419832583, 2529290.897141089], [688060.7439667078, 2529246.89317419], [688024.738016359, 2529246.89317419], [688024.738016359, 2529216.89317419], [687994.738016359, 2529216.89317419], [687994.738016359, 2529186.89317419], [688090.7439667078, 2529186.89317419], [688098.7419832583, 2529170.897141089], [688084.738016359, 2529156.89317419], [688084.738016359, 2529126.89317419], [688120.743966708, 2529126.89317419], [688128.7419832583, 2529110.897141089], [688114.738016359, 2529096.89317419], [688114.738016359, 2529066.89317419], [688150.743966708, 2529066.89317419], [688278.7419832584, 2528810.897141089], [688264.738016359, 2528796.89317419], [688234.738016359, 2528796.89317419], [688234.738016359, 2528826.89317419], [688204.738016359, 2528826.89317419], [688204.738016359, 2528796.89317419], [688174.738016359, 2528796.89317419], [688174.738016359, 2528766.89317419], [688084.738016359, 2528766.89317419], [688084.738016359, 2528736.89317419], [688024.738016359, 2528736.89317419], [688024.738016359, 2528706.89317419], [687964.738016359, 2528706.89317419], [687964.738016359, 2528676.89317419], [687934.738016359, 2528676.89317419], [687934.738016359, 2528646.89317419], [687964.738016359, 2528646.89317419], [687964.738016359, 2528616.89317419], [687994.738016359, 2528616.89317419], [687994.738016359, 2528586.89317419], [688024.738016359, 2528586.89317419], [688024.738016359, 2528556.89317419], [688054.738016359, 2528556.89317419], [688054.738016359, 2528586.89317419], [688114.738016359, 2528586.89317419], [688114.738016359, 2528646.89317419], [688144.738016359, 2528646.89317419], [688144.738016359, 2528706.89317419], [688330.7439667081, 2528706.89317419], [688368.7419832584, 2528630.897141089], [688354.738016359, 2528616.89317419], [688324.738016359, 2528616.89317419], [688324.738016359, 2528586.89317419], [688204.738016359, 2528586.89317419], [688204.738016359, 2528466.89317419], [688234.738016359, 2528466.89317419], [688234.738016359, 2528436.89317419], [688264.738016359, 2528436.89317419], [688264.738016359, 2528406.89317419], [688354.738016359, 2528406.89317419], [688354.738016359, 2528436.89317419], [688384.738016359, 2528436.89317419], [688384.738016359, 2528526.89317419], [688401.3881243672, 2528543.5432821983], [688516.9905447512, 2528226.89317419], [688474.738016359, 2528226.89317419], [688474.738016359, 2528166.89317419], [688444.738016359, 2528166.89317419], [688444.738016359, 2528046.89317419], [688474.738016359, 2528046.89317419], [688474.738016359, 2528016.89317419], [688504.738016359, 2528016.89317419], [688504.738016359, 2527956.89317419], [688534.738016359, 2527956.89317419], [688534.738016359, 2528016.89317419], [688564.738016359, 2528016.89317419], [688564.738016359, 2527866.89317419], [688624.738016359, 2527866.89317419], [688624.738016359, 2527836.89317419], [688653.902396853, 2527836.89317419], [688666.3552270416, 2527776.89317419], [688624.738016359, 2527776.89317419], [688624.738016359, 2527716.89317419], [688654.738016359, 2527716.89317419], [688654.738016359, 2527656.89317419], [688624.738016359, 2527656.89317419], [688624.738016359, 2527626.89317419], [688654.738016359, 2527626.89317419], [688654.738016359, 2527506.89317419], [688624.738016359, 2527506.89317419], [688624.738016359, 2527476.89317419], [688654.738016359, 2527476.89317419], [688654.738016359, 2527416.89317419], [688624.738016359, 2527416.89317419], [688624.738016359, 2527356.89317419], [688654.738016359, 2527356.89317419], [688654.738016359, 2527266.89317419], [688744.738016359, 2527266.89317419], [688744.738016359, 2527296.89317419], [688762.3272689553, 2527314.4824267863], [688778.682095568, 2527236.89317419], [688744.738016359, 2527236.89317419], [688744.738016359, 2527086.89317419], [688774.738016359, 2527086.89317419], [688774.738016359, 2527056.89317419], [688834.738016359, 2527056.89317419], [688834.738016359, 2527026.89317419], [688902.2115073326, 2527026.89317419], [689147.031143398, 2526606.89317419], [689290.7811433985, 2526306.89317419], [689254.738016359, 2526306.89317419], [689254.738016359, 2526336.89317419], [689194.738016359, 2526336.89317419], [689194.738016359, 2526366.89317419], [689134.738016359, 2526366.89317419], [689134.738016359, 2526246.89317419], [689074.738016359, 2526246.89317419], [689074.738016359, 2526276.89317419], [689044.738016359, 2526276.89317419], [689044.738016359, 2526366.89317419], [688954.738016359, 2526366.89317419], [688954.738016359, 2526396.89317419], [688924.738016359, 2526396.89317419], [688924.738016359, 2526426.89317419], [688894.738016359, 2526426.89317419], [688894.738016359, 2526456.89317419], [688864.738016359, 2526456.89317419], [688864.738016359, 2526486.89317419], [688834.738016359, 2526486.89317419], [688834.738016359, 2526456.89317419], [688774.738016359, 2526456.89317419], [688774.738016359, 2526426.89317419], [688804.738016359, 2526426.89317419], [688804.738016359, 2526396.89317419], [688834.738016359, 2526396.89317419], [688834.738016359, 2526336.89317419], [688804.738016359, 2526336.89317419], [688804.738016359, 2526306.89317419], [688864.738016359, 2526306.89317419], [688864.738016359, 2526276.89317419], [688894.738016359, 2526276.89317419], [688894.738016359, 2526246.89317419], [688864.738016359, 2526246.89317419], [688864.738016359, 2526216.89317419], [688924.738016359, 2526216.89317419], [688924.738016359, 2526186.89317419], [688864.738016359, 2526186.89317419], [688864.738016359, 2526156.89317419], [688924.738016359, 2526156.89317419], [688924.738016359, 2526126.89317419], [688984.738016359, 2526126.89317419], [688984.738016359, 2526156.89317419], [689014.738016359, 2526156.89317419], [689014.738016359, 2526186.89317419], [689104.738016359, 2526186.89317419], [689104.738016359, 2526126.89317419], [689014.738016359, 2526126.89317419], [689014.738016359, 2526066.89317419], [689044.738016359, 2526066.89317419], [689044.738016359, 2526036.89317419], [689074.738016359, 2526036.89317419], [689074.738016359, 2525976.89317419], [689044.738016359, 2525976.89317419], [689044.738016359, 2525856.89317419], [689104.738016359, 2525856.89317419], [689104.738016359, 2525826.89317419], [689044.738016359, 2525826.89317419], [689044.738016359, 2525736.89317419], [689074.738016359, 2525736.89317419], [689074.738016359, 2525616.89317419], [689164.738016359, 2525616.89317419], [689164.738016359, 2525676.89317419], [689194.738016359, 2525676.89317419], [689194.738016359, 2525706.89317419], [689314.738016359, 2525706.89317419], [689314.738016359, 2525766.89317419], [689434.738016359, 2525766.89317419], [689434.738016359, 2525796.89317419], [689464.738016359, 2525796.89317419], [689464.738016359, 2525766.89317419], [689494.738016359, 2525766.89317419], [689494.738016359, 2525706.89317419], [689524.738016359, 2525706.89317419], [689524.738016359, 2525676.89317419], [689564.3138027436, 2525676.89317419], [689570.1892614549, 2525662.3444192857], [689554.738016359, 2525646.89317419], [689554.738016359, 2525616.89317419], [689588.5445719741, 2525616.89317419], [689630.6002203586, 2525512.7553781895], [689614.738016359, 2525496.89317419], [689464.738016359, 2525496.89317419], [689464.738016359, 2525586.89317419], [689434.738016359, 2525586.89317419], [689434.738016359, 2525616.89317419], [689404.738016359, 2525616.89317419], [689404.738016359, 2525646.89317419], [689344.738016359, 2525646.89317419], [689344.738016359, 2525616.89317419], [689224.738016359, 2525616.89317419], [689224.738016359, 2525586.89317419], [689194.738016359, 2525586.89317419], [689194.738016359, 2525556.89317419], [689134.738016359, 2525556.89317419], [689134.738016359, 2525526.89317419], [689104.738016359, 2525526.89317419], [689104.738016359, 2525376.89317419], [689134.738016359, 2525376.89317419], [689134.738016359, 2525286.89317419], [689164.738016359, 2525286.89317419], [689164.738016359, 2525256.89317419], [689224.738016359, 2525256.89317419], [689224.738016359, 2525286.89317419], [689194.738016359, 2525286.89317419], [689194.738016359, 2525346.89317419], [689224.738016359, 2525346.89317419], [689224.738016359, 2525496.89317419], [689254.738016359, 2525496.89317419], [689254.738016359, 2525526.89317419], [689284.738016359, 2525526.89317419], [689284.738016359, 2525556.89317419], [689404.738016359, 2525556.89317419], [689404.738016359, 2525496.89317419], [689374.738016359, 2525496.89317419], [689374.738016359, 2525436.89317419], [689344.738016359, 2525436.89317419], [689344.738016359, 2525346.89317419], [689314.738016359, 2525346.89317419], [689314.738016359, 2525286.89317419], [689344.738016359, 2525286.89317419], [689344.738016359, 2525196.89317419], [689374.738016359, 2525196.89317419], [689374.738016359, 2525166.89317419], [689434.738016359, 2525166.89317419], [689434.738016359, 2525196.89317419], [689464.738016359, 2525196.89317419], [689464.738016359, 2525226.89317419], [689494.738016359, 2525226.89317419], [689494.738016359, 2525256.89317419], [689464.738016359, 2525256.89317419], [689464.738016359, 2525316.89317419], [689554.738016359, 2525316.89317419], [689554.738016359, 2525256.89317419], [689614.738016359, 2525256.89317419], [689614.738016359, 2525226.89317419], [689584.738016359, 2525226.89317419], [689584.738016359, 2525136.89317419], [689554.738016359, 2525136.89317419], [689554.738016359, 2525106.89317419], [689494.738016359, 2525106.89317419], [689494.738016359, 2525076.89317419], [689464.738016359, 2525076.89317419], [689464.738016359, 2525046.89317419], [689404.738016359, 2525046.89317419], [689404.738016359, 2525076.89317419], [689344.738016359, 2525076.89317419], [689344.738016359, 2525046.89317419], [689284.738016359, 2525046.89317419], [689284.738016359, 2524926.89317419], [689254.738016359, 2524926.89317419], [689254.738016359, 2524866.89317419], [689284.738016359, 2524866.89317419], [689284.738016359, 2524836.89317419], [689344.738016359, 2524836.89317419], [689344.738016359, 2524896.89317419], [689314.738016359, 2524896.89317419], [689314.738016359, 2524986.89317419], [689374.738016359, 2524986.89317419], [689374.738016359, 2524956.89317419], [689404.738016359, 2524956.89317419], [689404.738016359, 2524806.89317419], [689374.738016359, 2524806.89317419], [689374.738016359, 2524686.89317419], [689404.738016359, 2524686.89317419], [689404.738016359, 2524716.89317419], [689434.738016359, 2524716.89317419], [689434.738016359, 2524806.89317419], [689464.738016359, 2524806.89317419], [689464.738016359, 2524836.89317419], [689494.738016359, 2524836.89317419], [689494.738016359, 2524896.89317419], [689584.738016359, 2524896.89317419], [689584.738016359, 2524806.89317419], [689854.738016359, 2524806.89317419], [689854.738016359, 2524776.89317419], [689704.738016359, 2524776.89317419], [689704.738016359, 2524716.89317419], [689674.738016359, 2524716.89317419], [689674.738016359, 2524626.89317419], [689644.738016359, 2524626.89317419], [689644.738016359, 2524716.89317419], [689614.738016359, 2524716.89317419], [689614.738016359, 2524746.89317419], [689524.738016359, 2524746.89317419], [689524.738016359, 2524716.89317419], [689464.738016359, 2524716.89317419], [689464.738016359, 2524656.89317419], [689434.738016359, 2524656.89317419], [689434.738016359, 2524596.89317419], [689464.738016359, 2524596.89317419], [689464.738016359, 2524446.89317419], [689434.738016359, 2524446.89317419], [689434.738016359, 2524386.89317419], [689464.738016359, 2524386.89317419], [689464.738016359, 2524356.89317419], [689404.738016359, 2524356.89317419], [689404.738016359, 2524296.89317419], [689494.738016359, 2524296.89317419], [689494.738016359, 2524206.89317419], [689614.738016359, 2524206.89317419], [689614.738016359, 2524266.89317419], [689554.738016359, 2524266.89317419], [689554.738016359, 2524296.89317419], [689644.738016359, 2524296.89317419], [689644.738016359, 2524266.89317419], [689674.738016359, 2524266.89317419], [689674.738016359, 2524206.89317419], [689644.738016359, 2524206.89317419], [689644.738016359, 2524116.89317419], [689584.738016359, 2524116.89317419], [689584.738016359, 2524056.89317419], [689614.738016359, 2524056.89317419], [689614.738016359, 2523906.89317419], [689644.738016359, 2523906.89317419], [689644.738016359, 2523816.89317419], [689614.738016359, 2523816.89317419], [689614.738016359, 2523756.89317419], [689644.738016359, 2523756.89317419], [689644.738016359, 2523696.89317419], [689704.738016359, 2523696.89317419], [689704.738016359, 2523666.89317419], [689794.738016359, 2523666.89317419], [689794.738016359, 2523726.89317419], [689884.738016359, 2523726.89317419], [689884.738016359, 2523636.89317419], [689794.738016359, 2523636.89317419], [689794.738016359, 2523576.89317419], [689884.738016359, 2523576.89317419], [689884.738016359, 2523486.89317419], [689854.738016359, 2523486.89317419], [689854.738016359, 2523456.89317419], [689884.738016359, 2523456.89317419], [689884.738016359, 2523306.89317419], [689944.738016359, 2523306.89317419], [689944.738016359, 2523276.89317419], [689974.738016359, 2523276.89317419], [689974.738016359, 2523216.89317419], [690034.738016359, 2523216.89317419], [690034.738016359, 2523156.89317419], [689944.738016359, 2523156.89317419], [689944.738016359, 2523186.89317419], [689914.738016359, 2523186.89317419], [689914.738016359, 2523216.89317419], [689854.738016359, 2523216.89317419], [689854.738016359, 2523276.89317419], [689824.738016359, 2523276.89317419], [689824.738016359, 2523156.89317419], [689794.738016359, 2523156.89317419], [689794.738016359, 2523126.89317419], [689824.738016359, 2523126.89317419], [689824.738016359, 2523096.89317419], [689854.738016359, 2523096.89317419], [689854.738016359, 2523036.89317419], [689824.738016359, 2523036.89317419], [689824.738016359, 2523006.89317419], [689944.738016359, 2523006.89317419], [689944.738016359, 2522976.89317419], [690004.738016359, 2522976.89317419], [690004.738016359, 2523066.89317419], [690034.738016359, 2523066.89317419], [690034.738016359, 2523126.89317419], [690124.738016359, 2523126.89317419], [690124.738016359, 2523186.89317419], [690154.738016359, 2523186.89317419], [690174.7704905976, 2523206.9256484285], [690201.3362857851, 2523143.491443616], [690184.738016359, 2523126.89317419], [690184.738016359, 2523096.89317419], [690124.738016359, 2523096.89317419], [690124.738016359, 2523036.89317419], [690154.738016359, 2523036.89317419], [690154.738016359, 2522916.89317419], [690214.738016359, 2522916.89317419], [690214.738016359, 2522886.89317419], [690274.738016359, 2522886.89317419], [690274.738016359, 2522796.89317419], [690321.4220904926, 2522796.89317419], [690323.5961192055, 2522785.7512770365], [690304.738016359, 2522766.89317419], [690304.738016359, 2522706.89317419], [690338.9830661024, 2522706.89317419], [690379.9586758586, 2522496.89317419], [690334.738016359, 2522496.89317419], [690334.738016359, 2522556.89317419], [690304.738016359, 2522556.89317419], [690304.738016359, 2522526.89317419], [690244.738016359, 2522526.89317419], [690244.738016359, 2522436.89317419], [690391.6659929317, 2522436.89317419], [690639.0084599535, 2521986.89317419], [690664.3930753381, 2521896.89317419], [690634.738016359, 2521896.89317419], [690634.738016359, 2521926.89317419], [690574.738016359, 2521926.89317419], [690574.738016359, 2521896.89317419], [690544.738016359, 2521896.89317419], [690544.738016359, 2521866.89317419], [690514.738016359, 2521866.89317419], [690514.738016359, 2521806.89317419], [690544.738016359, 2521806.89317419], [690544.738016359, 2521836.89317419], [690604.738016359, 2521836.89317419], [690604.738016359, 2521806.89317419], [690634.738016359, 2521806.89317419], [690634.738016359, 2521716.89317419], [690604.738016359, 2521716.89317419], [690604.738016359, 2521686.89317419], [690664.738016359, 2521686.89317419], [690664.738016359, 2521806.89317419], [690684.2689623627, 2521826.424120194], [690765.1338382416, 2521536.89317419], [690810.5883836962, 2521236.89317419], [690754.738016359, 2521236.89317419], [690754.738016359, 2521206.89317419], [690724.738016359, 2521206.89317419], [690724.738016359, 2521176.89317419], [690664.738016359, 2521176.89317419], [690664.738016359, 2521146.89317419], [690634.738016359, 2521146.89317419], [690634.738016359, 2521116.89317419], [690604.738016359, 2521116.89317419], [690604.738016359, 2521086.89317419], [690694.738016359, 2521086.89317419], [690694.738016359, 2521116.89317419], [690724.738016359, 2521116.89317419], [690724.738016359, 2521146.89317419], [690824.4648836089, 2521146.89317419], [690884.4648836089, 2520966.89317419], [690844.738016359, 2520966.89317419], [690844.738016359, 2520996.89317419], [690814.738016359, 2520996.89317419], [690814.738016359, 2520966.89317419], [690784.738016359, 2520966.89317419], [690784.738016359, 2520936.89317419], [690814.738016359, 2520936.89317419], [690814.738016359, 2520876.89317419], [690724.738016359, 2520876.89317419], [690724.738016359, 2520846.89317419], [690754.738016359, 2520846.89317419], [690754.738016359, 2520816.89317419], [690784.738016359, 2520816.89317419], [690784.738016359, 2520786.89317419], [690814.738016359, 2520786.89317419], [690814.738016359, 2520756.89317419], [690844.738016359, 2520756.89317419], [690844.738016359, 2520666.89317419], [690874.738016359, 2520666.89317419], [690874.738016359, 2520606.89317419], [690904.738016359, 2520606.89317419], [690904.738016359, 2520576.89317419], [690934.738016359, 2520576.89317419], [690934.738016359, 2520546.89317419], [690964.738016359, 2520546.89317419], [690964.738016359, 2520606.89317419], [690934.738016359, 2520606.89317419], [690934.738016359, 2520636.89317419], [690904.738016359, 2520636.89317419], [690904.738016359, 2520696.89317419], [690934.738016359, 2520696.89317419], [690934.738016359, 2520726.89317419], [690964.4648836087, 2520726.89317419], [691054.4648836086, 2520456.89317419], [691024.738016359, 2520456.89317419], [691024.738016359, 2520396.89317419], [691054.738016359, 2520396.89317419], [691054.738016359, 2520366.89317419], [691084.7280301164, 2520366.89317419], [691218.4423158288, 2519976.89317419], [691247.1275668252, 2519856.89317419], [691204.738016359, 2519856.89317419], [691204.738016359, 2519826.89317419], [691144.738016359, 2519826.89317419], [691144.738016359, 2519796.89317419], [691084.738016359, 2519796.89317419], [691084.738016359, 2519706.89317419], [691114.738016359, 2519706.89317419], [691114.738016359, 2519766.89317419], [691268.5561382541, 2519766.89317419], [691297.1275668261, 2519646.89317419], [691234.738016359, 2519646.89317419], [691234.738016359, 2519616.89317419], [691174.738016359, 2519616.89317419], [691174.738016359, 2519586.89317419], [691144.738016359, 2519586.89317419], [691144.738016359, 2519556.89317419], [691114.738016359, 2519556.89317419], [691114.738016359, 2519526.89317419], [691144.738016359, 2519526.89317419], [691144.738016359, 2519466.89317419], [691174.738016359, 2519466.89317419], [691174.738016359, 2519436.89317419], [691324.738016359, 2519436.89317419], [691343.2083941516, 2519455.3635519827], [691411.6270235674, 2519196.89317419], [691384.738016359, 2519196.89317419], [691384.738016359, 2519226.89317419], [691354.738016359, 2519226.89317419], [691354.738016359, 2519316.89317419], [691324.738016359, 2519316.89317419], [691324.738016359, 2519346.89317419], [691234.738016359, 2519346.89317419], [691234.738016359, 2519376.89317419], [691204.738016359, 2519376.89317419], [691204.738016359, 2519406.89317419], [691144.738016359, 2519406.89317419], [691144.738016359, 2519436.89317419], [691114.738016359, 2519436.89317419], [691114.738016359, 2519466.89317419], [691084.738016359, 2519466.89317419], [691084.738016359, 2519436.89317419], [691054.738016359, 2519436.89317419], [691054.738016359, 2519376.89317419], [691084.738016359, 2519376.89317419], [691084.738016359, 2519316.89317419], [691114.738016359, 2519316.89317419], [691114.738016359, 2519256.89317419], [691144.738016359, 2519256.89317419], [691144.738016359, 2519286.89317419], [691174.738016359, 2519286.89317419], [691174.738016359, 2519316.89317419], [691264.738016359, 2519316.89317419], [691264.738016359, 2519196.89317419], [691294.738016359, 2519196.89317419], [691294.738016359, 2519136.89317419], [691264.738016359, 2519136.89317419], [691264.738016359, 2519106.89317419], [691294.738016359, 2519106.89317419], [691294.738016359, 2519076.89317419], [691324.738016359, 2519076.89317419], [691324.738016359, 2519106.89317419], [691354.738016359, 2519106.89317419], [691354.738016359, 2519016.89317419], [691384.738016359, 2519016.89317419], [691384.738016359, 2518986.89317419], [691444.738016359, 2518986.89317419], [691444.738016359, 2518956.89317419], [691534.738016359, 2518956.89317419], [691534.738016359, 2518926.89317419], [691654.738016359, 2518926.89317419], [691669.6712903235, 2518941.8264481546], [691757.165087146, 2518887.14282514], [691340.814510883, 2518457.41123204], [691204.738016359, 2518499.3198000276], [691054.738016359, 2518592.6388004026], [690814.738016359, 2518764.149098519], [690814.738016359, 2518836.89317419], [690754.738016359, 2518836.89317419], [690737.9838337195, 2518820.1389915505], [690678.9362146712, 2518881.0913725025], [690694.738016359, 2518896.89317419], [690694.738016359, 2518956.89317419], [690754.738016359, 2518956.89317419], [690754.738016359, 2518986.89317419], [690724.738016359, 2518986.89317419], [690724.738016359, 2519016.89317419], [690754.738016359, 2519016.89317419], [690754.738016359, 2519046.89317419], [690784.738016359, 2519046.89317419], [690784.738016359, 2519076.89317419], [690724.738016359, 2519076.89317419], [690724.738016359, 2519106.89317419], [690694.738016359, 2519106.89317419], [690694.738016359, 2519166.89317419], [690664.738016359, 2519166.89317419], [690664.738016359, 2519046.89317419], [690634.738016359, 2519046.89317419], [690634.738016359, 2519016.89317419], [690604.738016359, 2519016.89317419], [690604.738016359, 2518986.89317419], [690590.364786099, 2518972.5199439297], [690501.7933575265, 2519063.9485153574], [690514.738016359, 2519076.89317419], [690574.738016359, 2519076.89317419], [690574.738016359, 2519256.89317419], [690604.738016359, 2519256.89317419], [690604.738016359, 2519316.89317419], [690544.738016359, 2519316.89317419], [690544.738016359, 2519286.89317419], [690514.738016359, 2519286.89317419], [690514.738016359, 2519256.89317419], [690394.738016359, 2519256.89317419], [690394.738016359, 2519316.89317419], [690304.738016359, 2519316.89317419], [690288.6634760614, 2519300.8186338926], [690176.2935338648, 2519428.448691696], [690184.738016359, 2519436.89317419], [690244.738016359, 2519436.89317419], [690244.738016359, 2519406.89317419], [690304.738016359, 2519406.89317419], [690304.738016359, 2519376.89317419], [690334.738016359, 2519376.89317419], [690334.738016359, 2519406.89317419], [690364.738016359, 2519406.89317419], [690364.738016359, 2519466.89317419], [690334.738016359, 2519466.89317419], [690334.738016359, 2519556.89317419], [690304.738016359, 2519556.89317419], [690304.738016359, 2519586.89317419], [690274.738016359, 2519586.89317419], [690274.738016359, 2519616.89317419], [690244.738016359, 2519616.89317419], [690244.738016359, 2519526.89317419], [690184.738016359, 2519526.89317419], [690184.738016359, 2519586.89317419], [690154.738016359, 2519586.89317419], [690154.738016359, 2519616.89317419], [690124.738016359, 2519616.89317419], [690124.738016359, 2519586.89317419], [690094.738016359, 2519586.89317419], [690094.738016359, 2519556.89317419], [690124.738016359, 2519556.89317419], [690124.738016359, 2519526.89317419], [690106.0623199919, 2519508.2174778227], [690077.9698344427, 2519540.1249922737], [689992.1739284443, 2519664.3290862753], [690004.738016359, 2519676.89317419], [690124.738016359, 2519676.89317419], [690124.738016359, 2519646.89317419], [690154.738016359, 2519646.89317419], [690154.738016359, 2519676.89317419], [690214.738016359, 2519676.89317419], [690214.738016359, 2519706.89317419], [690274.738016359, 2519706.89317419], [690274.738016359, 2519736.89317419], [690334.738016359, 2519736.89317419], [690334.738016359, 2519796.89317419], [690304.738016359, 2519796.89317419], [690304.738016359, 2519766.89317419], [690244.738016359, 2519766.89317419], [690244.738016359, 2519736.89317419], [690154.738016359, 2519736.89317419], [690154.738016359, 2519826.89317419], [690124.738016359, 2519826.89317419], [690124.738016359, 2519796.89317419], [690064.738016359, 2519796.89317419], [690064.738016359, 2519826.89317419], [690034.738016359, 2519826.89317419], [690034.738016359, 2519856.89317419], [690004.738016359, 2519856.89317419], [690004.738016359, 2519886.89317419], [689974.738016359, 2519886.89317419], [689974.738016359, 2519916.89317419], [689884.738016359, 2519916.89317419], [689884.738016359, 2519886.89317419], [689944.738016359, 2519886.89317419], [689944.738016359, 2519766.89317419], [690004.738016359, 2519766.89317419], [690004.738016359, 2519736.89317419], [689974.738016359, 2519736.89317419], [689955.5072617779, 2519717.662419609], [689810.2453704585, 2519932.4005282894], [689824.738016359, 2519946.89317419], [689824.738016359, 2519976.89317419], [689884.738016359, 2519976.89317419], [689884.738016359, 2520006.89317419], [689854.738016359, 2520006.89317419], [689854.738016359, 2520036.89317419], [689824.738016359, 2520036.89317419], [689824.738016359, 2520126.89317419], [689854.738016359, 2520126.89317419], [689854.738016359, 2520156.89317419], [689944.738016359, 2520156.89317419], [689944.738016359, 2520186.89317419], [690034.738016359, 2520186.89317419], [690034.738016359, 2520216.89317419], [689914.738016359, 2520216.89317419], [689914.738016359, 2520246.89317419], [689884.738016359, 2520246.89317419], [689884.738016359, 2520186.89317419], [689794.738016359, 2520186.89317419], [689794.738016359, 2520216.89317419], [689764.738016359, 2520216.89317419], [689764.738016359, 2520246.89317419], [689734.738016359, 2520246.89317419], [689734.738016359, 2520276.89317419], [689704.738016359, 2520276.89317419], [689704.738016359, 2520306.89317419], [689674.738016359, 2520306.89317419], [689674.738016359, 2520336.89317419], [689644.738016359, 2520336.89317419], [689644.738016359, 2520276.89317419], [689674.738016359, 2520276.89317419], [689674.738016359, 2520246.89317419], [689704.738016359, 2520246.89317419], [689704.738016359, 2520216.89317419], [689734.738016359, 2520216.89317419], [689734.738016359, 2520186.89317419], [689764.738016359, 2520186.89317419], [689764.738016359, 2520126.89317419], [689794.738016359, 2520126.89317419], [689794.738016359, 2520096.89317419], [689764.738016359, 2520096.89317419], [689764.738016359, 2520066.89317419], [689745.2453704579, 2520047.400528289], [689517.3629816204, 2520456.89317419], [689444.094371252, 2520766.249529083], [689464.738016359, 2520786.89317419], [689494.738016359, 2520786.89317419], [689494.738016359, 2520816.89317419], [689432.0998237267, 2520816.89317419], [689357.9472325387, 2521146.89317419], [689434.738016359, 2521146.89317419], [689434.738016359, 2521056.89317419], [689404.738016359, 2521056.89317419], [689404.738016359, 2521026.89317419], [689434.738016359, 2521026.89317419], [689434.738016359, 2520966.89317419], [689464.738016359, 2520966.89317419], [689464.738016359, 2520936.89317419], [689554.738016359, 2520936.89317419], [689554.738016359, 2520966.89317419], [689584.738016359, 2520966.89317419], [689584.738016359, 2521056.89317419], [689614.738016359, 2521056.89317419], [689614.738016359, 2521116.89317419], [689584.738016359, 2521116.89317419], [689584.738016359, 2521146.89317419], [689524.738016359, 2521146.89317419], [689524.738016359, 2521266.89317419], [689554.738016359, 2521266.89317419], [689554.738016359, 2521326.89317419], [689584.738016359, 2521326.89317419], [689584.738016359, 2521386.89317419], [689554.738016359, 2521386.89317419], [689554.738016359, 2521356.89317419], [689524.738016359, 2521356.89317419], [689524.738016359, 2521386.89317419], [689494.738016359, 2521386.89317419], [689494.738016359, 2521266.89317419], [689464.738016359, 2521266.89317419], [689464.738016359, 2521236.89317419], [689374.738016359, 2521236.89317419], [689374.738016359, 2521386.89317419], [689464.738016359, 2521386.89317419], [689464.738016359, 2521446.89317419], [689434.738016359, 2521446.89317419], [689434.738016359, 2521476.89317419], [689464.738016359, 2521476.89317419], [689464.738016359, 2521506.89317419], [689494.738016359, 2521506.89317419], [689494.738016359, 2521536.89317419], [689464.738016359, 2521536.89317419], [689464.738016359, 2521566.89317419], [689434.738016359, 2521566.89317419], [689434.738016359, 2521626.89317419], [689374.738016359, 2521626.89317419], [689374.738016359, 2521686.89317419], [689434.738016359, 2521686.89317419], [689434.738016359, 2521746.89317419], [689404.738016359, 2521746.89317419], [689404.738016359, 2521806.89317419], [689374.738016359, 2521806.89317419], [689374.738016359, 2521836.89317419], [689314.738016359, 2521836.89317419], [689314.738016359, 2521926.89317419], [689254.738016359, 2521926.89317419], [689233.142453886, 2521905.297611717], [689225.444759313, 2521986.89317419], [689284.738016359, 2521986.89317419], [689284.738016359, 2522016.89317419], [689314.738016359, 2522016.89317419], [689314.738016359, 2522046.89317419], [689344.738016359, 2522046.89317419], [689344.738016359, 2522076.89317419], [689254.738016359, 2522076.89317419], [689254.738016359, 2522106.89317419], [689214.1240045959, 2522106.89317419], [689176.4920138239, 2522238.647171655], [689194.738016359, 2522256.89317419], [689194.738016359, 2522286.89317419], [689224.738016359, 2522286.89317419], [689224.738016359, 2522316.89317419], [689284.738016359, 2522316.89317419], [689284.738016359, 2522376.89317419], [689314.738016359, 2522376.89317419], [689314.738016359, 2522406.89317419], [689284.738016359, 2522406.89317419], [689284.738016359, 2522496.89317419], [689254.738016359, 2522496.89317419], [689254.738016359, 2522466.89317419], [689224.738016359, 2522466.89317419], [689224.738016359, 2522436.89317419], [689194.738016359, 2522436.89317419], [689194.738016359, 2522406.89317419], [689128.4217273855, 2522406.89317419], [689089.8253471574, 2522541.980504988], [689104.738016359, 2522556.89317419], [689104.738016359, 2522586.89317419], [689134.738016359, 2522586.89317419], [689134.738016359, 2522556.89317419], [689164.738016359, 2522556.89317419], [689164.738016359, 2522586.89317419], [689224.738016359, 2522586.89317419], [689224.738016359, 2522616.89317419], [689254.738016359, 2522616.89317419], [689254.738016359, 2522676.89317419], [689194.738016359, 2522676.89317419], [689194.738016359, 2522616.89317419], [689134.738016359, 2522616.89317419], [689134.738016359, 2522646.89317419], [689104.738016359, 2522646.89317419], [689104.738016359, 2522676.89317419], [689014.738016359, 2522676.89317419], [689001.2457035144, 2522663.4008613457], [688913.7457035143, 2522755.900861345], [688924.738016359, 2522766.89317419], [688954.738016359, 2522766.89317419], [688954.738016359, 2522796.89317419], [689014.738016359, 2522796.89317419], [689014.738016359, 2522736.89317419], [689044.738016359, 2522736.89317419], [689044.738016359, 2522796.89317419], [689074.738016359, 2522796.89317419], [689074.738016359, 2522826.89317419], [689044.738016359, 2522826.89317419], [689044.738016359, 2522856.89317419], [688984.738016359, 2522856.89317419], [688984.738016359, 2522886.89317419], [688954.738016359, 2522886.89317419], [688954.738016359, 2522916.89317419], [688894.738016359, 2522916.89317419], [688894.738016359, 2522886.89317419], [688804.738016359, 2522886.89317419], [688804.738016359, 2522976.89317419], [688864.738016359, 2522976.89317419], [688864.738016359, 2523006.89317419], [688774.738016359, 2523006.89317419], [688774.738016359, 2523036.89317419], [688744.738016359, 2523036.89317419], [688744.738016359, 2523066.89317419], [688680.0471324751, 2523066.89317419], [688526.1657519568, 2523396.89317419], [688545.1131203774, 2523756.89317419], [688527.996099166, 2523966.89317419], [688624.738016359, 2523966.89317419], [688624.738016359, 2523906.89317419], [688564.738016359, 2523906.89317419], [688564.738016359, 2523846.89317419], [688594.738016359, 2523846.89317419], [688594.738016359, 2523756.89317419], [688684.738016359, 2523756.89317419], [688684.738016359, 2523786.89317419], [688654.738016359, 2523786.89317419], [688654.738016359, 2523966.89317419], [688744.738016359, 2523966.89317419], [688744.738016359, 2523936.89317419], [688774.738016359, 2523936.89317419], [688774.738016359, 2523876.89317419], [688744.738016359, 2523876.89317419], [688744.738016359, 2523786.89317419], [688774.738016359, 2523786.89317419], [688774.738016359, 2523816.89317419], [688804.738016359, 2523816.89317419], [688804.738016359, 2524086.89317419], [688774.738016359, 2524086.89317419], [688774.738016359, 2524116.89317419], [688744.738016359, 2524116.89317419], [688744.738016359, 2524176.89317419], [688714.738016359, 2524176.89317419], [688714.738016359, 2524236.89317419], [688804.738016359, 2524236.89317419], [688804.738016359, 2524206.89317419], [688834.738016359, 2524206.89317419], [688834.738016359, 2524116.89317419], [688954.738016359, 2524116.89317419], [688954.738016359, 2524206.89317419], [688984.738016359, 2524206.89317419], [688984.738016359, 2524266.89317419], [689014.738016359, 2524266.89317419], [689014.738016359, 2524296.89317419], [689074.738016359, 2524296.89317419], [689074.738016359, 2524326.89317419], [689104.738016359, 2524326.89317419], [689104.738016359, 2524356.89317419], [689014.738016359, 2524356.89317419], [689014.738016359, 2524566.89317419], [688984.738016359, 2524566.89317419], [688984.738016359, 2524596.89317419], [688954.738016359, 2524596.89317419], [688954.738016359, 2524626.89317419], [688834.738016359, 2524626.89317419], [688834.738016359, 2524656.89317419], [688804.738016359, 2524656.89317419], [688804.738016359, 2524686.89317419], [688774.738016359, 2524686.89317419], [688774.738016359, 2524716.89317419], [688744.738016359, 2524716.89317419], [688744.738016359, 2524806.89317419], [688714.738016359, 2524806.89317419], [688714.738016359, 2524836.89317419], [688684.738016359, 2524836.89317419], [688684.738016359, 2524866.89317419], [688654.738016359, 2524866.89317419], [688654.738016359, 2524836.89317419], [688624.738016359, 2524836.89317419], [688624.738016359, 2524896.89317419], [688654.738016359, 2524896.89317419], [688654.738016359, 2524956.89317419], [688594.738016359, 2524956.89317419], [688594.738016359, 2524926.89317419], [688564.738016359, 2524926.89317419], [688564.738016359, 2524896.89317419], [688534.738016359, 2524896.89317419], [688534.738016359, 2524836.89317419], [688504.738016359, 2524836.89317419], [688504.738016359, 2524896.89317419], [688384.738016359, 2524896.89317419], [688384.738016359, 2524866.89317419], [688363.626545103, 2524845.781702934], [688339.1821006585, 2524941.3372584893], [688354.738016359, 2524956.89317419], [688534.738016359, 2524956.89317419], [688534.738016359, 2524986.89317419], [688564.738016359, 2524986.89317419], [688564.738016359, 2525016.89317419], [688624.738016359, 2525016.89317419], [688624.738016359, 2525106.89317419], [688594.738016359, 2525106.89317419], [688594.738016359, 2525136.89317419], [688624.738016359, 2525136.89317419], [688624.738016359, 2525286.89317419], [688594.738016359, 2525286.89317419], [688594.738016359, 2525466.89317419], [688564.738016359, 2525466.89317419], [688564.738016359, 2525556.89317419], [688534.738016359, 2525556.89317419], [688534.738016359, 2525526.89317419], [688474.738016359, 2525526.89317419], [688474.738016359, 2525406.89317419], [688444.738016359, 2525406.89317419], [688444.738016359, 2525376.89317419], [688414.738016359, 2525376.89317419], [688414.738016359, 2525346.89317419], [688534.738016359, 2525346.89317419], [688534.738016359, 2525316.89317419], [688504.738016359, 2525316.89317419], [688504.738016359, 2525286.89317419], [688444.738016359, 2525286.89317419], [688444.738016359, 2525316.89317419], [688354.738016359, 2525316.89317419], [688354.738016359, 2525346.89317419], [688324.738016359, 2525346.89317419], [688324.738016359, 2525256.89317419], [688354.738016359, 2525256.89317419], [688354.738016359, 2525166.89317419], [688324.738016359, 2525166.89317419], [688324.738016359, 2525136.89317419], [688297.001475636, 2525136.89317419], [688275.4153611335, 2525327.5705189644], [688294.738016359, 2525346.89317419], [688294.738016359, 2525406.89317419], [688324.738016359, 2525406.89317419], [688324.738016359, 2525436.89317419], [688354.738016359, 2525436.89317419], [688354.738016359, 2525466.89317419], [688294.738016359, 2525466.89317419], [688294.738016359, 2525496.89317419], [688256.2467586554, 2525496.89317419], [688249.4543058253, 2525556.89317419], [688354.738016359, 2525556.89317419], [688354.738016359, 2525676.89317419], [688504.738016359, 2525676.89317419], [688504.738016359, 2525736.89317419], [688354.738016359, 2525736.89317419], [688354.738016359, 2525706.89317419], [688324.738016359, 2525706.89317419], [688324.738016359, 2525646.89317419], [688294.738016359, 2525646.89317419], [688294.738016359, 2525616.89317419], [688264.738016359, 2525616.89317419], [688244.4748023252, 2525596.6299601565], [688099.6472161184, 2525871.8023739494], [688114.738016359, 2525886.89317419], [688144.738016359, 2525886.89317419], [688144.738016359, 2525856.89317419], [688204.738016359, 2525856.89317419], [688204.738016359, 2525886.89317419], [688234.738016359, 2525886.89317419], [688234.738016359, 2526006.89317419], [688384.738016359, 2526006.89317419], [688384.738016359, 2526036.89317419], [688444.738016359, 2526036.89317419], [688444.738016359, 2526066.89317419], [688474.738016359, 2526066.89317419], [688474.738016359, 2526096.89317419], [688384.738016359, 2526096.89317419], [688384.738016359, 2526216.89317419], [688354.738016359, 2526216.89317419], [688354.738016359, 2526306.89317419], [688264.738016359, 2526306.89317419], [688264.738016359, 2526276.89317419], [688234.738016359, 2526276.89317419], [688234.738016359, 2526246.89317419], [688204.738016359, 2526246.89317419], [688204.738016359, 2526216.89317419], [688174.738016359, 2526216.89317419], [688174.738016359, 2526156.89317419], [688144.738016359, 2526156.89317419], [688144.738016359, 2526126.89317419], [688204.738016359, 2526126.89317419], [688204.738016359, 2526186.89317419], [688234.738016359, 2526186.89317419], [688234.738016359, 2526216.89317419], [688324.738016359, 2526216.89317419], [688324.738016359, 2526126.89317419], [688294.738016359, 2526126.89317419], [688294.738016359, 2526096.89317419], [688264.738016359, 2526096.89317419], [688264.738016359, 2526066.89317419], [688174.738016359, 2526066.89317419], [688174.738016359, 2526036.89317419], [688144.738016359, 2526036.89317419], [688144.738016359, 2525916.89317419], [688114.738016359, 2525916.89317419], [688114.738016359, 2525976.89317419], [688054.738016359, 2525976.89317419], [688054.738016359, 2526006.89317419], [688024.738016359, 2526006.89317419], [688014.9787763656, 2525997.1339341966], [687687.0335708837, 2526299.188728715], [687494.7296599298, 2526496.884817761], [687514.738016359, 2526516.89317419], [687514.738016359, 2526546.89317419], [687484.738016359, 2526546.89317419], [687484.738016359, 2526606.89317419], [687454.738016359, 2526606.89317419], [687454.738016359, 2526636.89317419], [687424.738016359, 2526636.89317419], [687424.738016359, 2526696.89317419], [687364.738016359, 2526696.89317419], [687364.738016359, 2526666.89317419], [687348.129850093, 2526650.285007924], [687293.2362330714, 2526715.3913909025], [687304.738016359, 2526726.89317419], [687334.738016359, 2526726.89317419], [687334.738016359, 2526816.89317419], [687394.738016359, 2526816.89317419], [687394.738016359, 2526846.89317419], [687424.738016359, 2526846.89317419], [687424.738016359, 2526876.89317419], [687514.738016359, 2526876.89317419], [687514.738016359, 2526906.89317419], [687454.738016359, 2526906.89317419], [687454.738016359, 2526966.89317419], [687424.738016359, 2526966.89317419], [687424.738016359, 2526996.89317419], [687394.738016359, 2526996.89317419], [687394.738016359, 2527146.89317419], [687454.738016359, 2527146.89317419], [687454.738016359, 2527116.89317419], [687484.738016359, 2527116.89317419], [687484.738016359, 2527086.89317419], [687544.738016359, 2527086.89317419], [687544.738016359, 2527146.89317419], [687574.738016359, 2527146.89317419], [687574.738016359, 2527236.89317419], [687544.738016359, 2527236.89317419], [687544.738016359, 2527266.89317419], [687484.738016359, 2527266.89317419], [687484.738016359, 2527296.89317419], [687424.738016359, 2527296.89317419], [687424.738016359, 2527266.89317419], [687394.738016359, 2527266.89317419], [687394.738016359, 2527236.89317419], [687304.738016359, 2527236.89317419], [687304.738016359, 2527206.89317419], [687274.738016359, 2527206.89317419], [687274.738016359, 2527176.89317419], [687214.738016359, 2527176.89317419], [687214.738016359, 2527296.89317419], [687364.738016359, 2527296.89317419], [687364.738016359, 2527386.89317419], [687334.738016359, 2527386.89317419], [687334.738016359, 2527416.89317419], [687214.738016359, 2527416.89317419], [687214.738016359, 2527476.89317419], [687274.738016359, 2527476.89317419], [687274.738016359, 2527446.89317419], [687484.738016359, 2527446.89317419], [687484.738016359, 2527536.89317419], [687544.738016359, 2527536.89317419], [687544.738016359, 2527686.89317419], [687514.738016359, 2527686.89317419], [687514.738016359, 2527866.89317419], [687454.738016359, 2527866.89317419], [687454.738016359, 2527836.89317419], [687484.738016359, 2527836.89317419], [687484.738016359, 2527776.89317419], [687454.738016359, 2527776.89317419], [687454.738016359, 2527746.89317419], [687484.738016359, 2527746.89317419], [687484.738016359, 2527716.89317419], [687394.738016359, 2527716.89317419], [687394.738016359, 2527746.89317419], [687424.738016359, 2527746.89317419], [687424.738016359, 2527836.89317419], [687334.738016359, 2527836.89317419], [687334.738016359, 2527806.89317419], [687304.738016359, 2527806.89317419], [687304.738016359, 2527746.89317419], [687154.738016359, 2527746.89317419], [687154.738016359, 2527716.89317419], [687214.738016359, 2527716.89317419], [687214.738016359, 2527686.89317419], [687124.738016359, 2527686.89317419], [687124.738016359, 2527716.89317419], [687064.738016359, 2527716.89317419], [687064.738016359, 2527776.89317419], [687094.738016359, 2527776.89317419], [687094.738016359, 2527806.89317419], [687154.738016359, 2527806.89317419], [687154.738016359, 2527836.89317419], [687184.738016359, 2527836.89317419], [687184.738016359, 2527866.89317419], [687274.738016359, 2527866.89317419], [687274.738016359, 2527896.89317419], [687334.738016359, 2527896.89317419], [687334.738016359, 2527956.89317419], [687424.738016359, 2527956.89317419], [687424.738016359, 2527926.89317419], [687454.738016359, 2527926.89317419], [687454.738016359, 2527956.89317419], [687484.738016359, 2527956.89317419], [687484.738016359, 2528106.89317419], [687514.738016359, 2528106.89317419], [687514.738016359, 2528136.89317419], [687484.738016359, 2528136.89317419], [687484.738016359, 2528226.89317419], [687454.738016359, 2528226.89317419], [687454.738016359, 2528376.89317419], [687364.738016359, 2528376.89317419], [687364.738016359, 2528406.89317419], [687334.738016359, 2528406.89317419], [687334.738016359, 2528436.89317419], [687364.738016359, 2528436.89317419], [687364.738016359, 2528526.89317419], [687334.738016359, 2528526.89317419], [687334.738016359, 2528466.89317419], [687304.738016359, 2528466.89317419], [687304.738016359, 2528496.89317419], [687274.738016359, 2528496.89317419], [687274.738016359, 2528466.89317419], [687124.738016359, 2528466.89317419], [687124.738016359, 2528436.89317419], [687034.738016359, 2528436.89317419], [687034.738016359, 2528376.89317419], [687004.738016359, 2528376.89317419], [687004.738016359, 2528346.89317419], [687124.738016359, 2528346.89317419], [687124.738016359, 2528286.89317419], [687184.738016359, 2528286.89317419], [687184.738016359, 2528226.89317419], [687214.738016359, 2528226.89317419], [687214.738016359, 2528256.89317419], [687244.738016359, 2528256.89317419], [687244.738016359, 2528286.89317419], [687274.738016359, 2528286.89317419], [687274.738016359, 2528256.89317419], [687304.738016359, 2528256.89317419], [687304.738016359, 2528196.89317419], [687424.738016359, 2528196.89317419], [687424.738016359, 2528166.89317419], [687454.738016359, 2528166.89317419], [687454.738016359, 2528136.89317419], [687424.738016359, 2528136.89317419], [687424.738016359, 2528076.89317419], [687394.738016359, 2528076.89317419], [687394.738016359, 2528046.89317419], [687334.738016359, 2528046.89317419], [687334.738016359, 2528106.89317419], [687304.738016359, 2528106.89317419], [687304.738016359, 2528076.89317419], [687214.738016359, 2528076.89317419], [687214.738016359, 2528106.89317419], [687154.738016359, 2528106.89317419], [687154.738016359, 2528196.89317419], [687094.738016359, 2528196.89317419], [687094.738016359, 2528226.89317419], [687064.738016359, 2528226.89317419], [687064.738016359, 2528256.89317419], [687004.738016359, 2528256.89317419], [687004.738016359, 2528316.89317419], [686944.738016359, 2528316.89317419], [686944.738016359, 2528286.89317419], [686914.738016359, 2528286.89317419], [686914.738016359, 2528196.89317419], [686854.738016359, 2528196.89317419], [686854.738016359, 2528136.89317419], [686794.738016359, 2528136.89317419], [686794.738016359, 2528196.89317419], [686824.738016359, 2528196.89317419], [686824.738016359, 2528286.89317419], [686854.738016359, 2528286.89317419], [686854.738016359, 2528316.89317419], [686884.738016359, 2528316.89317419], [686884.738016359, 2528376.89317419], [686794.738016359, 2528376.89317419], [686794.738016359, 2528436.89317419], [686824.738016359, 2528436.89317419], [686824.738016359, 2528466.89317419], [686854.738016359, 2528466.89317419], [686854.738016359, 2528496.89317419], [686824.738016359, 2528496.89317419], [686824.738016359, 2528556.89317419], [686854.738016359, 2528556.89317419], [686854.738016359, 2528586.89317419], [686704.738016359, 2528586.89317419], [686704.738016359, 2528676.89317419], [686734.738016359, 2528676.89317419], [686734.738016359, 2528796.89317419], [686674.738016359, 2528796.89317419], [686674.738016359, 2528766.89317419], [686644.738016359, 2528766.89317419], [686644.738016359, 2528796.89317419], [686614.738016359, 2528796.89317419], [686614.738016359, 2528856.89317419], [686644.738016359, 2528856.89317419], [686644.738016359, 2528826.89317419], [686704.738016359, 2528826.89317419], [686704.738016359, 2528916.89317419], [686854.738016359, 2528916.89317419], [686854.738016359, 2528946.89317419], [686734.738016359, 2528946.89317419], [686734.738016359, 2529006.89317419], [686704.738016359, 2529006.89317419], [686704.738016359, 2529036.89317419], [686644.738016359, 2529036.89317419], [686644.738016359, 2529096.89317419], [686614.738016359, 2529096.89317419], [686614.738016359, 2529126.89317419], [686554.738016359, 2529126.89317419], [686554.738016359, 2529066.89317419], [686584.738016359, 2529066.89317419], [686584.738016359, 2528946.89317419], [686554.738016359, 2528946.89317419], [686554.738016359, 2528886.89317419], [686584.738016359, 2528886.89317419], [686584.738016359, 2528826.89317419], [686524.738016359, 2528826.89317419], [686524.738016359, 2528796.89317419], [686554.738016359, 2528796.89317419], [686554.738016359, 2528736.89317419], [686494.738016359, 2528736.89317419], [686494.738016359, 2528706.89317419], [686554.738016359, 2528706.89317419], [686554.738016359, 2528646.89317419], [686524.738016359, 2528646.89317419], [686524.738016359, 2528616.89317419], [686464.738016359, 2528616.89317419], [686464.738016359, 2528556.89317419], [686554.738016359, 2528556.89317419], [686554.738016359, 2528526.89317419], [686584.738016359, 2528526.89317419], [686584.738016359, 2528556.89317419], [686674.738016359, 2528556.89317419], [686674.738016359, 2528496.89317419], [686644.738016359, 2528496.89317419], [686644.738016359, 2528466.89317419], [686584.738016359, 2528466.89317419], [686584.738016359, 2528436.89317419], [686426.8176516732, 2528436.89317419], [686419.4383710952, 2528451.5935289264], [686434.738016359, 2528466.89317419], [686434.738016359, 2528526.89317419], [686404.738016359, 2528526.89317419], [686404.738016359, 2528556.89317419], [686366.5800801816, 2528556.89317419], [686246.1049371985, 2528796.89317419], [686284.738016359, 2528796.89317419], [686284.738016359, 2528766.89317419], [686314.738016359, 2528766.89317419], [686314.738016359, 2528736.89317419], [686344.738016359, 2528736.89317419], [686344.738016359, 2528766.89317419], [686434.738016359, 2528766.89317419], [686434.738016359, 2528796.89317419], [686314.738016359, 2528796.89317419], [686314.738016359, 2528826.89317419], [686284.738016359, 2528826.89317419], [686284.738016359, 2528856.89317419], [686224.738016359, 2528856.89317419], [686218.9111303214, 2528851.0662881527], [686179.8673051529, 2528902.022462984], [686194.738016359, 2528916.89317419], [686224.738016359, 2528916.89317419], [686224.738016359, 2528976.89317419], [686194.738016359, 2528976.89317419], [686194.738016359, 2529036.89317419], [686164.738016359, 2529036.89317419], [686164.738016359, 2528946.89317419], [686153.6806429129, 2528935.8358007437], [686075.4169907382, 2529036.89317419], [686104.738016359, 2529036.89317419], [686104.738016359, 2529096.89317419], [686074.738016359, 2529096.89317419], [686074.738016359, 2529066.89317419], [686062.0273250726, 2529054.182482904], [686009.6540005924, 2529121.8091584234], [686074.738016359, 2529126.89317419], [686074.738016359, 2529156.89317419], [686014.738016359, 2529156.89317419], [686014.738016359, 2529186.89317419], [685984.738016359, 2529186.89317419], [685970.3740072324, 2529172.5291650635], [685869.3318418544, 2529306.89317419], [685645.0887655907, 2529837.2439234215], [685402.4107602388, 2530296.89317419], [685302.7020223766, 2530686.89317419], [685286.9800276584, 2530709.1351854894], [684925.126813252, 2531007.281971083], [684655.1253107699, 2531307.280468601], [684476.5790466308, 2531548.734204462]], [[687214.738016359, 2529396.89317419], [687304.738016359, 2529396.89317419], [687304.738016359, 2529426.89317419], [687214.738016359, 2529426.89317419], [687214.738016359, 2529396.89317419]], [[688984.738016359, 2526066.89317419], [688984.738016359, 2526036.89317419], [689014.738016359, 2526036.89317419], [689014.738016359, 2526066.89317419], [688984.738016359, 2526066.89317419]], [[689524.738016359, 2525616.89317419], [689524.738016359, 2525556.89317419], [689554.738016359, 2525556.89317419], [689554.738016359, 2525616.89317419], [689524.738016359, 2525616.89317419]], [[689344.738016359, 2525196.89317419], [689254.738016359, 2525196.89317419], [689254.738016359, 2525166.89317419], [689284.738016359, 2525166.89317419], [689284.738016359, 2525136.89317419], [689344.738016359, 2525136.89317419], [689344.738016359, 2525196.89317419]], [[689464.738016359, 2524206.89317419], [689464.738016359, 2524176.89317419], [689494.738016359, 2524176.89317419], [689494.738016359, 2524206.89317419], [689464.738016359, 2524206.89317419]], [[689764.738016359, 2523576.89317419], [689764.738016359, 2523546.89317419], [689734.738016359, 2523546.89317419], [689734.738016359, 2523486.89317419], [689704.738016359, 2523486.89317419], [689704.738016359, 2523426.89317419], [689734.738016359, 2523426.89317419], [689734.738016359, 2523456.89317419], [689794.738016359, 2523456.89317419], [689794.738016359, 2523576.89317419], [689764.738016359, 2523576.89317419]], [[690574.738016359, 2521086.89317419], [690574.738016359, 2521026.89317419], [690604.738016359, 2521026.89317419], [690604.738016359, 2521086.89317419], [690574.738016359, 2521086.89317419]], [[690724.738016359, 2520906.89317419], [690754.738016359, 2520906.89317419], [690754.738016359, 2520936.89317419], [690694.738016359, 2520936.89317419], [690694.738016359, 2520966.89317419], [690634.738016359, 2520966.89317419], [690634.738016359, 2520936.89317419], [690664.738016359, 2520936.89317419], [690664.738016359, 2520906.89317419], [690694.738016359, 2520906.89317419], [690694.738016359, 2520876.89317419], [690724.738016359, 2520876.89317419], [690724.738016359, 2520906.89317419]], [[687334.738016359, 2528556.89317419], [687274.738016359, 2528556.89317419], [687274.738016359, 2528526.89317419], [687334.738016359, 2528526.89317419], [687334.738016359, 2528556.89317419]], [[686854.738016359, 2528586.89317419], [686914.738016359, 2528586.89317419], [686914.738016359, 2528556.89317419], [686944.738016359, 2528556.89317419], [686944.738016359, 2528526.89317419], [687004.738016359, 2528526.89317419], [687004.738016359, 2528556.89317419], [686974.738016359, 2528556.89317419], [686974.738016359, 2528586.89317419], [686944.738016359, 2528586.89317419], [686944.738016359, 2528616.89317419], [686854.738016359, 2528616.89317419], [686854.738016359, 2528586.89317419]], [[686524.738016359, 2528826.89317419], [686524.738016359, 2528886.89317419], [686494.738016359, 2528886.89317419], [686494.738016359, 2528826.89317419], [686524.738016359, 2528826.89317419]], [[688654.738016359, 2526936.89317419], [688624.738016359, 2526936.89317419], [688624.738016359, 2526966.89317419], [688534.738016359, 2526966.89317419], [688534.738016359, 2526876.89317419], [688564.738016359, 2526876.89317419], [688564.738016359, 2526816.89317419], [688594.738016359, 2526816.89317419], [688594.738016359, 2526786.89317419], [688624.738016359, 2526786.89317419], [688624.738016359, 2526756.89317419], [688684.738016359, 2526756.89317419], [688684.738016359, 2526696.89317419], [688714.738016359, 2526696.89317419], [688714.738016359, 2526666.89317419], [688744.738016359, 2526666.89317419], [688744.738016359, 2526576.89317419], [688774.738016359, 2526576.89317419], [688774.738016359, 2526546.89317419], [688804.738016359, 2526546.89317419], [688804.738016359, 2526516.89317419], [688954.738016359, 2526516.89317419], [688954.738016359, 2526546.89317419], [689014.738016359, 2526546.89317419], [689014.738016359, 2526576.89317419], [688984.738016359, 2526576.89317419], [688984.738016359, 2526606.89317419], [688924.738016359, 2526606.89317419], [688924.738016359, 2526666.89317419], [688864.738016359, 2526666.89317419], [688864.738016359, 2526726.89317419], [688834.738016359, 2526726.89317419], [688834.738016359, 2526756.89317419], [688714.738016359, 2526756.89317419], [688714.738016359, 2526846.89317419], [688744.738016359, 2526846.89317419], [688744.738016359, 2526936.89317419], [688714.738016359, 2526936.89317419], [688714.738016359, 2526996.89317419], [688684.738016359, 2526996.89317419], [688684.738016359, 2526966.89317419], [688654.738016359, 2526966.89317419], [688654.738016359, 2526936.89317419]], [[687184.738016359, 2528616.89317419], [687184.738016359, 2528586.89317419], [687154.738016359, 2528586.89317419], [687154.738016359, 2528556.89317419], [687214.738016359, 2528556.89317419], [687214.738016359, 2528586.89317419], [687274.738016359, 2528586.89317419], [687274.738016359, 2528616.89317419], [687244.738016359, 2528616.89317419], [687244.738016359, 2528646.89317419], [687154.738016359, 2528646.89317419], [687154.738016359, 2528616.89317419], [687184.738016359, 2528616.89317419]], [[685804.738016359, 2530026.89317419], [685804.738016359, 2529996.89317419], [685834.738016359, 2529996.89317419], [685834.738016359, 2530056.89317419], [685774.738016359, 2530056.89317419], [685774.738016359, 2530026.89317419], [685804.738016359, 2530026.89317419]], [[685774.738016359, 2530086.89317419], [685744.738016359, 2530086.89317419], [685744.738016359, 2530056.89317419], [685774.738016359, 2530056.89317419], [685774.738016359, 2530086.89317419]], [[686464.738016359, 2529216.89317419], [686464.738016359, 2529186.89317419], [686494.738016359, 2529186.89317419], [686494.738016359, 2529216.89317419], [686464.738016359, 2529216.89317419]], [[686464.738016359, 2528976.89317419], [686494.738016359, 2528976.89317419], [686494.738016359, 2528946.89317419], [686524.738016359, 2528946.89317419], [686524.738016359, 2529036.89317419], [686434.738016359, 2529036.89317419], [686434.738016359, 2529006.89317419], [686464.738016359, 2529006.89317419], [686464.738016359, 2528976.89317419]], [[686404.738016359, 2528616.89317419], [686434.738016359, 2528616.89317419], [686434.738016359, 2528646.89317419], [686494.738016359, 2528646.89317419], [686494.738016359, 2528676.89317419], [686404.738016359, 2528676.89317419], [686404.738016359, 2528616.89317419]], [[686224.738016359, 2529306.89317419], [686224.738016359, 2529246.89317419], [686284.738016359, 2529246.89317419], [686284.738016359, 2529216.89317419], [686314.738016359, 2529216.89317419], [686314.738016359, 2529186.89317419], [686344.738016359, 2529186.89317419], [686344.738016359, 2529246.89317419], [686404.738016359, 2529246.89317419], [686404.738016359, 2529306.89317419], [686374.738016359, 2529306.89317419], [686374.738016359, 2529366.89317419], [686314.738016359, 2529366.89317419], [686314.738016359, 2529396.89317419], [686284.738016359, 2529396.89317419], [686284.738016359, 2529426.89317419], [686254.738016359, 2529426.89317419], [686254.738016359, 2529306.89317419], [686224.738016359, 2529306.89317419]], [[686164.738016359, 2529576.89317419], [686134.738016359, 2529576.89317419], [686134.738016359, 2529516.89317419], [686164.738016359, 2529516.89317419], [686164.738016359, 2529576.89317419]], [[686404.738016359, 2529396.89317419], [686434.738016359, 2529396.89317419], [686434.738016359, 2529426.89317419], [686404.738016359, 2529426.89317419], [686404.738016359, 2529396.89317419]], [[686914.738016359, 2528376.89317419], [686944.738016359, 2528376.89317419], [686944.738016359, 2528436.89317419], [686884.738016359, 2528436.89317419], [686884.738016359, 2528406.89317419], [686914.738016359, 2528406.89317419], [686914.738016359, 2528376.89317419]], [[687094.738016359, 2528736.89317419], [687094.738016359, 2528676.89317419], [687124.738016359, 2528676.89317419], [687124.738016359, 2528766.89317419], [687064.738016359, 2528766.89317419], [687064.738016359, 2528736.89317419], [687094.738016359, 2528736.89317419]], [[687904.738016359, 2526756.89317419], [687964.738016359, 2526756.89317419], [687964.738016359, 2526786.89317419], [687904.738016359, 2526786.89317419], [687904.738016359, 2526756.89317419]], [[687874.738016359, 2526756.89317419], [687874.738016359, 2526726.89317419], [687844.738016359, 2526726.89317419], [687844.738016359, 2526696.89317419], [687784.738016359, 2526696.89317419], [687784.738016359, 2526816.89317419], [687814.738016359, 2526816.89317419], [687814.738016359, 2526876.89317419], [687784.738016359, 2526876.89317419], [687784.738016359, 2526906.89317419], [687754.738016359, 2526906.89317419], [687754.738016359, 2526966.89317419], [687724.738016359, 2526966.89317419], [687724.738016359, 2526996.89317419], [687664.738016359, 2526996.89317419], [687664.738016359, 2527086.89317419], [687604.738016359, 2527086.89317419], [687604.738016359, 2526996.89317419], [687634.738016359, 2526996.89317419], [687634.738016359, 2526966.89317419], [687604.738016359, 2526966.89317419], [687604.738016359, 2526906.89317419], [687574.738016359, 2526906.89317419], [687574.738016359, 2526846.89317419], [687544.738016359, 2526846.89317419], [687544.738016359, 2526786.89317419], [687484.738016359, 2526786.89317419], [687484.738016359, 2526756.89317419], [687514.738016359, 2526756.89317419], [687514.738016359, 2526726.89317419], [687574.738016359, 2526726.89317419], [687574.738016359, 2526636.89317419], [687604.738016359, 2526636.89317419], [687604.738016359, 2526666.89317419], [687724.738016359, 2526666.89317419], [687724.738016359, 2526576.89317419], [687694.738016359, 2526576.89317419], [687694.738016359, 2526516.89317419], [687664.738016359, 2526516.89317419], [687664.738016359, 2526426.89317419], [687694.738016359, 2526426.89317419], [687694.738016359, 2526396.89317419], [687724.738016359, 2526396.89317419], [687724.738016359, 2526366.89317419], [687784.738016359, 2526366.89317419], [687784.738016359, 2526336.89317419], [687814.738016359, 2526336.89317419], [687814.738016359, 2526306.89317419], [687844.738016359, 2526306.89317419], [687844.738016359, 2526246.89317419], [687874.738016359, 2526246.89317419], [687874.738016359, 2526216.89317419], [687964.738016359, 2526216.89317419], [687964.738016359, 2526156.89317419], [688024.738016359, 2526156.89317419], [688024.738016359, 2526126.89317419], [688084.738016359, 2526126.89317419], [688084.738016359, 2526246.89317419], [688054.738016359, 2526246.89317419], [688054.738016359, 2526366.89317419], [688144.738016359, 2526366.89317419], [688144.738016359, 2526426.89317419], [687994.738016359, 2526426.89317419], [687994.738016359, 2526396.89317419], [687964.738016359, 2526396.89317419], [687964.738016359, 2526426.89317419], [687934.738016359, 2526426.89317419], [687934.738016359, 2526456.89317419], [687844.738016359, 2526456.89317419], [687844.738016359, 2526516.89317419], [687934.738016359, 2526516.89317419], [687934.738016359, 2526486.89317419], [688024.738016359, 2526486.89317419], [688024.738016359, 2526456.89317419], [688054.738016359, 2526456.89317419], [688054.738016359, 2526486.89317419], [688084.738016359, 2526486.89317419], [688084.738016359, 2526576.89317419], [688054.738016359, 2526576.89317419], [688054.738016359, 2526636.89317419], [687994.738016359, 2526636.89317419], [687994.738016359, 2526666.89317419], [687964.738016359, 2526666.89317419], [687964.738016359, 2526696.89317419], [687934.738016359, 2526696.89317419], [687934.738016359, 2526666.89317419], [687904.738016359, 2526666.89317419], [687904.738016359, 2526756.89317419], [687874.738016359, 2526756.89317419]], [[687124.738016359, 2529666.89317419], [687094.738016359, 2529666.89317419], [687094.738016359, 2529636.89317419], [687064.738016359, 2529636.89317419], [687064.738016359, 2529576.89317419], [687094.738016359, 2529576.89317419], [687094.738016359, 2529606.89317419], [687124.738016359, 2529606.89317419], [687124.738016359, 2529666.89317419]], [[687604.738016359, 2526486.89317419], [687634.738016359, 2526486.89317419], [687634.738016359, 2526546.89317419], [687574.738016359, 2526546.89317419], [687574.738016359, 2526516.89317419], [687604.738016359, 2526516.89317419], [687604.738016359, 2526486.89317419]], [[688234.738016359, 2528076.89317419], [688204.738016359, 2528076.89317419], [688204.738016359, 2528136.89317419], [688084.738016359, 2528136.89317419], [688084.738016359, 2528166.89317419], [688054.738016359, 2528166.89317419], [688054.738016359, 2528046.89317419], [688084.738016359, 2528046.89317419], [688084.738016359, 2527986.89317419], [688114.738016359, 2527986.89317419], [688114.738016359, 2527956.89317419], [688144.738016359, 2527956.89317419], [688144.738016359, 2527896.89317419], [688174.738016359, 2527896.89317419], [688174.738016359, 2527776.89317419], [688204.738016359, 2527776.89317419], [688204.738016359, 2527716.89317419], [688234.738016359, 2527716.89317419], [688234.738016359, 2527656.89317419], [688204.738016359, 2527656.89317419], [688204.738016359, 2527596.89317419], [688234.738016359, 2527596.89317419], [688234.738016359, 2527476.89317419], [688264.738016359, 2527476.89317419], [688264.738016359, 2527416.89317419], [688294.738016359, 2527416.89317419], [688294.738016359, 2527296.89317419], [688324.738016359, 2527296.89317419], [688324.738016359, 2527266.89317419], [688354.738016359, 2527266.89317419], [688354.738016359, 2527176.89317419], [688384.738016359, 2527176.89317419], [688384.738016359, 2527146.89317419], [688444.738016359, 2527146.89317419], [688444.738016359, 2527116.89317419], [688474.738016359, 2527116.89317419], [688474.738016359, 2526996.89317419], [688504.738016359, 2526996.89317419], [688504.738016359, 2527026.89317419], [688534.738016359, 2527026.89317419], [688534.738016359, 2527146.89317419], [688504.738016359, 2527146.89317419], [688504.738016359, 2527176.89317419], [688444.738016359, 2527176.89317419], [688444.738016359, 2527206.89317419], [688474.738016359, 2527206.89317419], [688474.738016359, 2527296.89317419], [688444.738016359, 2527296.89317419], [688444.738016359, 2527326.89317419], [688414.738016359, 2527326.89317419], [688414.738016359, 2527356.89317419], [688354.738016359, 2527356.89317419], [688354.738016359, 2527416.89317419], [688384.738016359, 2527416.89317419], [688384.738016359, 2527446.89317419], [688354.738016359, 2527446.89317419], [688354.738016359, 2527476.89317419], [688384.738016359, 2527476.89317419], [688384.738016359, 2527536.89317419], [688414.738016359, 2527536.89317419], [688414.738016359, 2527596.89317419], [688444.738016359, 2527596.89317419], [688444.738016359, 2527656.89317419], [688414.738016359, 2527656.89317419], [688414.738016359, 2527776.89317419], [688384.738016359, 2527776.89317419], [688384.738016359, 2527686.89317419], [688324.738016359, 2527686.89317419], [688324.738016359, 2527716.89317419], [688294.738016359, 2527716.89317419], [688294.738016359, 2527806.89317419], [688324.738016359, 2527806.89317419], [688324.738016359, 2527896.89317419], [688294.738016359, 2527896.89317419], [688294.738016359, 2527926.89317419], [688264.738016359, 2527926.89317419], [688264.738016359, 2527986.89317419], [688234.738016359, 2527986.89317419], [688234.738016359, 2528076.89317419]], [[688084.738016359, 2529006.89317419], [688084.738016359, 2529036.89317419], [687964.738016359, 2529036.89317419], [687964.738016359, 2529066.89317419], [687934.738016359, 2529066.89317419], [687934.738016359, 2529006.89317419], [687964.738016359, 2529006.89317419], [687964.738016359, 2528916.89317419], [687874.738016359, 2528916.89317419], [687874.738016359, 2528796.89317419], [687904.738016359, 2528796.89317419], [687904.738016359, 2528826.89317419], [687934.738016359, 2528826.89317419], [687934.738016359, 2528796.89317419], [687964.738016359, 2528796.89317419], [687964.738016359, 2528886.89317419], [687994.738016359, 2528886.89317419], [687994.738016359, 2528856.89317419], [688054.738016359, 2528856.89317419], [688054.738016359, 2528886.89317419], [688144.738016359, 2528886.89317419], [688144.738016359, 2528916.89317419], [688114.738016359, 2528916.89317419], [688114.738016359, 2529006.89317419], [688084.738016359, 2529006.89317419]], [[687934.738016359, 2529066.89317419], [687934.738016359, 2529126.89317419], [687964.738016359, 2529126.89317419], [687964.738016359, 2529156.89317419], [687904.738016359, 2529156.89317419], [687904.738016359, 2529126.89317419], [687874.738016359, 2529126.89317419], [687874.738016359, 2529066.89317419], [687934.738016359, 2529066.89317419]], [[688354.738016359, 2525916.89317419], [688354.738016359, 2525886.89317419], [688294.738016359, 2525886.89317419], [688294.738016359, 2525856.89317419], [688264.738016359, 2525856.89317419], [688264.738016359, 2525826.89317419], [688234.738016359, 2525826.89317419], [688234.738016359, 2525736.89317419], [688294.738016359, 2525736.89317419], [688294.738016359, 2525766.89317419], [688264.738016359, 2525766.89317419], [688264.738016359, 2525796.89317419], [688324.738016359, 2525796.89317419], [688324.738016359, 2525826.89317419], [688354.738016359, 2525826.89317419], [688354.738016359, 2525796.89317419], [688414.738016359, 2525796.89317419], [688414.738016359, 2525826.89317419], [688474.738016359, 2525826.89317419], [688474.738016359, 2525856.89317419], [688564.738016359, 2525856.89317419], [688564.738016359, 2525886.89317419], [688594.738016359, 2525886.89317419], [688594.738016359, 2525946.89317419], [688504.738016359, 2525946.89317419], [688504.738016359, 2525976.89317419], [688384.738016359, 2525976.89317419], [688384.738016359, 2525916.89317419], [688354.738016359, 2525916.89317419]], [[689854.738016359, 2521836.89317419], [689704.738016359, 2521836.89317419], [689704.738016359, 2521866.89317419], [689674.738016359, 2521866.89317419], [689674.738016359, 2521896.89317419], [689704.738016359, 2521896.89317419], [689704.738016359, 2521956.89317419], [689674.738016359, 2521956.89317419], [689674.738016359, 2522016.89317419], [689644.738016359, 2522016.89317419], [689644.738016359, 2522136.89317419], [689704.738016359, 2522136.89317419], [689704.738016359, 2522166.89317419], [689674.738016359, 2522166.89317419], [689674.738016359, 2522196.89317419], [689614.738016359, 2522196.89317419], [689614.738016359, 2522226.89317419], [689524.738016359, 2522226.89317419], [689524.738016359, 2522136.89317419], [689494.738016359, 2522136.89317419], [689494.738016359, 2522046.89317419], [689524.738016359, 2522046.89317419], [689524.738016359, 2521926.89317419], [689494.738016359, 2521926.89317419], [689494.738016359, 2521896.89317419], [689554.738016359, 2521896.89317419], [689554.738016359, 2521926.89317419], [689584.738016359, 2521926.89317419], [689584.738016359, 2521956.89317419], [689554.738016359, 2521956.89317419], [689554.738016359, 2522046.89317419], [689614.738016359, 2522046.89317419], [689614.738016359, 2521896.89317419], [689584.738016359, 2521896.89317419], [689584.738016359, 2521716.89317419], [689614.738016359, 2521716.89317419], [689614.738016359, 2521686.89317419], [689644.738016359, 2521686.89317419], [689644.738016359, 2521656.89317419], [689704.738016359, 2521656.89317419], [689704.738016359, 2521746.89317419], [689794.738016359, 2521746.89317419], [689794.738016359, 2521716.89317419], [689824.738016359, 2521716.89317419], [689824.738016359, 2521656.89317419], [689884.738016359, 2521656.89317419], [689884.738016359, 2521806.89317419], [689854.738016359, 2521806.89317419], [689854.738016359, 2521836.89317419]], [[689884.738016359, 2521566.89317419], [689794.738016359, 2521566.89317419], [689794.738016359, 2521536.89317419], [689764.738016359, 2521536.89317419], [689764.738016359, 2521506.89317419], [689704.738016359, 2521506.89317419], [689704.738016359, 2521536.89317419], [689644.738016359, 2521536.89317419], [689644.738016359, 2521476.89317419], [689674.738016359, 2521476.89317419], [689674.738016359, 2521446.89317419], [689704.738016359, 2521446.89317419], [689704.738016359, 2521476.89317419], [689734.738016359, 2521476.89317419], [689734.738016359, 2521446.89317419], [689764.738016359, 2521446.89317419], [689764.738016359, 2521476.89317419], [689794.738016359, 2521476.89317419], [689794.738016359, 2521446.89317419], [689854.738016359, 2521446.89317419], [689854.738016359, 2521476.89317419], [689884.738016359, 2521476.89317419], [689884.738016359, 2521566.89317419]], [[689854.738016359, 2521326.89317419], [689884.738016359, 2521326.89317419], [689884.738016359, 2521356.89317419], [689854.738016359, 2521356.89317419], [689854.738016359, 2521326.89317419]], [[689854.738016359, 2521356.89317419], [689854.738016359, 2521416.89317419], [689824.738016359, 2521416.89317419], [689824.738016359, 2521356.89317419], [689854.738016359, 2521356.89317419]], [[689884.738016359, 2521236.89317419], [689884.738016359, 2521206.89317419], [689914.738016359, 2521206.89317419], [689914.738016359, 2521176.89317419], [689974.738016359, 2521176.89317419], [689974.738016359, 2521266.89317419], [689944.738016359, 2521266.89317419], [689944.738016359, 2521296.89317419], [689884.738016359, 2521296.89317419], [689884.738016359, 2521266.89317419], [689854.738016359, 2521266.89317419], [689854.738016359, 2521236.89317419], [689884.738016359, 2521236.89317419]], [[689824.738016359, 2521146.89317419], [689824.738016359, 2521206.89317419], [689794.738016359, 2521206.89317419], [689794.738016359, 2521266.89317419], [689764.738016359, 2521266.89317419], [689764.738016359, 2521296.89317419], [689734.738016359, 2521296.89317419], [689734.738016359, 2521176.89317419], [689764.738016359, 2521176.89317419], [689764.738016359, 2521086.89317419], [689824.738016359, 2521086.89317419], [689824.738016359, 2520996.89317419], [689794.738016359, 2520996.89317419], [689794.738016359, 2520966.89317419], [689704.738016359, 2520966.89317419], [689704.738016359, 2520906.89317419], [689674.738016359, 2520906.89317419], [689674.738016359, 2520876.89317419], [689644.738016359, 2520876.89317419], [689644.738016359, 2520846.89317419], [689614.738016359, 2520846.89317419], [689614.738016359, 2520786.89317419], [689644.738016359, 2520786.89317419], [689644.738016359, 2520726.89317419], [689704.738016359, 2520726.89317419], [689704.738016359, 2520756.89317419], [689734.738016359, 2520756.89317419], [689734.738016359, 2520846.89317419], [689764.738016359, 2520846.89317419], [689764.738016359, 2520876.89317419], [689794.738016359, 2520876.89317419], [689794.738016359, 2520906.89317419], [689854.738016359, 2520906.89317419], [689854.738016359, 2520876.89317419], [689884.738016359, 2520876.89317419], [689884.738016359, 2520816.89317419], [689914.738016359, 2520816.89317419], [689914.738016359, 2520696.89317419], [689824.738016359, 2520696.89317419], [689824.738016359, 2520606.89317419], [689764.738016359, 2520606.89317419], [689764.738016359, 2520636.89317419], [689584.738016359, 2520636.89317419], [689584.738016359, 2520606.89317419], [689614.738016359, 2520606.89317419], [689614.738016359, 2520546.89317419], [689644.738016359, 2520546.89317419], [689644.738016359, 2520516.89317419], [689614.738016359, 2520516.89317419], [689614.738016359, 2520486.89317419], [689584.738016359, 2520486.89317419], [689584.738016359, 2520426.89317419], [689614.738016359, 2520426.89317419], [689614.738016359, 2520396.89317419], [689644.738016359, 2520396.89317419], [689644.738016359, 2520426.89317419], [689704.738016359, 2520426.89317419], [689704.738016359, 2520456.89317419], [689764.738016359, 2520456.89317419], [689764.738016359, 2520426.89317419], [689794.738016359, 2520426.89317419], [689794.738016359, 2520366.89317419], [689854.738016359, 2520366.89317419], [689854.738016359, 2520336.89317419], [689884.738016359, 2520336.89317419], [689884.738016359, 2520306.89317419], [689914.738016359, 2520306.89317419], [689914.738016359, 2520276.89317419], [689944.738016359, 2520276.89317419], [689944.738016359, 2520306.89317419], [689974.738016359, 2520306.89317419], [689974.738016359, 2520336.89317419], [690034.738016359, 2520336.89317419], [690034.738016359, 2520396.89317419], [690004.738016359, 2520396.89317419], [690004.738016359, 2520366.89317419], [689944.738016359, 2520366.89317419], [689944.738016359, 2520516.89317419], [689884.738016359, 2520516.89317419], [689884.738016359, 2520546.89317419], [689854.738016359, 2520546.89317419], [689854.738016359, 2520486.89317419], [689764.738016359, 2520486.89317419], [689764.738016359, 2520576.89317419], [689854.738016359, 2520576.89317419], [689854.738016359, 2520636.89317419], [689914.738016359, 2520636.89317419], [689914.738016359, 2520606.89317419], [689974.738016359, 2520606.89317419], [689974.738016359, 2520636.89317419], [690004.738016359, 2520636.89317419], [690004.738016359, 2520666.89317419], [690034.738016359, 2520666.89317419], [690034.738016359, 2520696.89317419], [690064.738016359, 2520696.89317419], [690064.738016359, 2520756.89317419], [690034.738016359, 2520756.89317419], [690034.738016359, 2520786.89317419], [690004.738016359, 2520786.89317419], [690004.738016359, 2520756.89317419], [689944.738016359, 2520756.89317419], [689944.738016359, 2520816.89317419], [689974.738016359, 2520816.89317419], [689974.738016359, 2520876.89317419], [690004.738016359, 2520876.89317419], [690004.738016359, 2521026.89317419], [690034.738016359, 2521026.89317419], [690034.738016359, 2521056.89317419], [690004.738016359, 2521056.89317419], [690004.738016359, 2521086.89317419], [689974.738016359, 2521086.89317419], [689974.738016359, 2521056.89317419], [689944.738016359, 2521056.89317419], [689944.738016359, 2521026.89317419], [689884.738016359, 2521026.89317419], [689884.738016359, 2521116.89317419], [689854.738016359, 2521116.89317419], [689854.738016359, 2521146.89317419], [689824.738016359, 2521146.89317419]], [[689824.738016359, 2520726.89317419], [689794.738016359, 2520726.89317419], [689794.738016359, 2520696.89317419], [689824.738016359, 2520696.89317419], [689824.738016359, 2520726.89317419]], [[690064.738016359, 2520396.89317419], [690064.738016359, 2520426.89317419], [690034.738016359, 2520426.89317419], [690034.738016359, 2520396.89317419], [690064.738016359, 2520396.89317419]], [[688924.738016359, 2526756.89317419], [688924.738016359, 2526816.89317419], [688894.738016359, 2526816.89317419], [688894.738016359, 2526756.89317419], [688924.738016359, 2526756.89317419]], [[688984.738016359, 2525856.89317419], [689014.738016359, 2525856.89317419], [689014.738016359, 2525886.89317419], [688984.738016359, 2525886.89317419], [688984.738016359, 2525856.89317419]], [[688984.738016359, 2526726.89317419], [688954.738016359, 2526726.89317419], [688954.738016359, 2526696.89317419], [688984.738016359, 2526696.89317419], [688984.738016359, 2526726.89317419]], [[689434.738016359, 2525136.89317419], [689404.738016359, 2525136.89317419], [689404.738016359, 2525106.89317419], [689434.738016359, 2525106.89317419], [689434.738016359, 2525136.89317419]], [[689524.738016359, 2524146.89317419], [689494.738016359, 2524146.89317419], [689494.738016359, 2524116.89317419], [689524.738016359, 2524116.89317419], [689524.738016359, 2524146.89317419]], [[690094.738016359, 2520606.89317419], [690004.738016359, 2520606.89317419], [690004.738016359, 2520576.89317419], [690064.738016359, 2520576.89317419], [690064.738016359, 2520546.89317419], [690094.738016359, 2520546.89317419], [690094.738016359, 2520516.89317419], [690124.738016359, 2520516.89317419], [690124.738016359, 2520576.89317419], [690094.738016359, 2520576.89317419], [690094.738016359, 2520606.89317419]], [[690064.738016359, 2520066.89317419], [690124.738016359, 2520066.89317419], [690124.738016359, 2520096.89317419], [690064.738016359, 2520096.89317419], [690064.738016359, 2520066.89317419]], [[690124.738016359, 2519856.89317419], [690214.738016359, 2519856.89317419], [690214.738016359, 2519916.89317419], [690244.738016359, 2519916.89317419], [690244.738016359, 2519946.89317419], [690214.738016359, 2519946.89317419], [690214.738016359, 2519976.89317419], [690244.738016359, 2519976.89317419], [690244.738016359, 2520006.89317419], [690274.738016359, 2520006.89317419], [690274.738016359, 2520036.89317419], [690244.738016359, 2520036.89317419], [690244.738016359, 2520066.89317419], [690154.738016359, 2520066.89317419], [690154.738016359, 2520036.89317419], [690184.738016359, 2520036.89317419], [690184.738016359, 2519946.89317419], [690154.738016359, 2519946.89317419], [690154.738016359, 2519916.89317419], [690124.738016359, 2519916.89317419], [690124.738016359, 2519856.89317419]], [[690034.738016359, 2522916.89317419], [690034.738016359, 2522946.89317419], [690004.738016359, 2522946.89317419], [690004.738016359, 2522916.89317419], [690034.738016359, 2522916.89317419]], [[690034.738016359, 2522916.89317419], [690034.738016359, 2522856.89317419], [690064.738016359, 2522856.89317419], [690064.738016359, 2522826.89317419], [690094.738016359, 2522826.89317419], [690094.738016359, 2522886.89317419], [690064.738016359, 2522886.89317419], [690064.738016359, 2522916.89317419], [690034.738016359, 2522916.89317419]], [[690004.738016359, 2522556.89317419], [690004.738016359, 2522616.89317419], [689944.738016359, 2522616.89317419], [689944.738016359, 2522556.89317419], [690004.738016359, 2522556.89317419]], [[690154.738016359, 2522766.89317419], [690154.738016359, 2522736.89317419], [690184.738016359, 2522736.89317419], [690184.738016359, 2522766.89317419], [690154.738016359, 2522766.89317419]], [[690394.738016359, 2519376.89317419], [690394.738016359, 2519346.89317419], [690424.738016359, 2519346.89317419], [690424.738016359, 2519376.89317419], [690394.738016359, 2519376.89317419]], [[690694.738016359, 2520516.89317419], [690694.738016359, 2520456.89317419], [690724.738016359, 2520456.89317419], [690724.738016359, 2520306.89317419], [690664.738016359, 2520306.89317419], [690664.738016359, 2520246.89317419], [690724.738016359, 2520246.89317419], [690724.738016359, 2520156.89317419], [690694.738016359, 2520156.89317419], [690694.738016359, 2520096.89317419], [690724.738016359, 2520096.89317419], [690724.738016359, 2520066.89317419], [690754.738016359, 2520066.89317419], [690754.738016359, 2520096.89317419], [690784.738016359, 2520096.89317419], [690784.738016359, 2520126.89317419], [690814.738016359, 2520126.89317419], [690814.738016359, 2520156.89317419], [690844.738016359, 2520156.89317419], [690844.738016359, 2520186.89317419], [690904.738016359, 2520186.89317419], [690904.738016359, 2520216.89317419], [690934.738016359, 2520216.89317419], [690934.738016359, 2520276.89317419], [690784.738016359, 2520276.89317419], [690784.738016359, 2520366.89317419], [690814.738016359, 2520366.89317419], [690814.738016359, 2520426.89317419], [690784.738016359, 2520426.89317419], [690784.738016359, 2520456.89317419], [690754.738016359, 2520456.89317419], [690754.738016359, 2520486.89317419], [690724.738016359, 2520486.89317419], [690724.738016359, 2520516.89317419], [690694.738016359, 2520516.89317419]], [[690724.738016359, 2519886.89317419], [690844.738016359, 2519886.89317419], [690844.738016359, 2519916.89317419], [690874.738016359, 2519916.89317419], [690874.738016359, 2519976.89317419], [690934.738016359, 2519976.89317419], [690934.738016359, 2520006.89317419], [690874.738016359, 2520006.89317419], [690874.738016359, 2520036.89317419], [690844.738016359, 2520036.89317419], [690844.738016359, 2519976.89317419], [690724.738016359, 2519976.89317419], [690724.738016359, 2519886.89317419]], [[690934.738016359, 2519946.89317419], [690964.738016359, 2519946.89317419], [690964.738016359, 2519886.89317419], [690934.738016359, 2519886.89317419], [690934.738016359, 2519856.89317419], [690994.738016359, 2519856.89317419], [690994.738016359, 2519886.89317419], [691024.738016359, 2519886.89317419], [691024.738016359, 2519946.89317419], [691054.738016359, 2519946.89317419], [691054.738016359, 2519976.89317419], [690934.738016359, 2519976.89317419], [690934.738016359, 2519946.89317419]], [[690574.738016359, 2521956.89317419], [690604.738016359, 2521956.89317419], [690604.738016359, 2521986.89317419], [690574.738016359, 2521986.89317419], [690574.738016359, 2521956.89317419]], [[690634.738016359, 2521446.89317419], [690604.738016359, 2521446.89317419], [690604.738016359, 2521476.89317419], [690574.738016359, 2521476.89317419], [690574.738016359, 2521416.89317419], [690634.738016359, 2521416.89317419], [690634.738016359, 2521446.89317419]], [[690664.738016359, 2521206.89317419], [690664.738016359, 2521266.89317419], [690604.738016359, 2521266.89317419], [690604.738016359, 2521236.89317419], [690634.738016359, 2521236.89317419], [690634.738016359, 2521206.89317419], [690664.738016359, 2521206.89317419]], [[690574.738016359, 2520366.89317419], [690604.738016359, 2520366.89317419], [690604.738016359, 2520396.89317419], [690574.738016359, 2520396.89317419], [690574.738016359, 2520366.89317419]], [[690904.738016359, 2519766.89317419], [690904.738016359, 2519736.89317419], [690934.738016359, 2519736.89317419], [690934.738016359, 2519766.89317419], [690904.738016359, 2519766.89317419]], [[690874.738016359, 2519586.89317419], [690904.738016359, 2519586.89317419], [690904.738016359, 2519616.89317419], [690874.738016359, 2519616.89317419], [690874.738016359, 2519586.89317419]], [[691054.738016359, 2520006.89317419], [691084.738016359, 2520006.89317419], [691084.738016359, 2520036.89317419], [691054.738016359, 2520036.89317419], [691054.738016359, 2520006.89317419]], [[690994.738016359, 2520276.89317419], [690994.738016359, 2520216.89317419], [691024.738016359, 2520216.89317419], [691024.738016359, 2520276.89317419], [690994.738016359, 2520276.89317419]], [[691174.738016359, 2519196.89317419], [691234.738016359, 2519196.89317419], [691234.738016359, 2519226.89317419], [691174.738016359, 2519226.89317419], [691174.738016359, 2519196.89317419]]], [[[686494.738016359, 2528376.89317419], [686524.738016359, 2528376.89317419], [686524.738016359, 2528346.89317419], [686554.738016359, 2528346.89317419], [686554.738016359, 2528316.89317419], [686584.738016359, 2528316.89317419], [686584.738016359, 2528286.89317419], [686554.738016359, 2528286.89317419], [686554.738016359, 2528256.89317419], [686524.738016359, 2528256.89317419], [686510.2570195193, 2528242.4121773504], [686487.0552231648, 2528316.89317419], [686449.5174572113, 2528391.6726150424], [686464.738016359, 2528406.89317419], [686494.738016359, 2528406.89317419], [686494.738016359, 2528376.89317419]]], [[[686734.738016359, 2528106.89317419], [686614.738016359, 2528106.89317419], [686614.738016359, 2528166.89317419], [686644.738016359, 2528166.89317419], [686644.738016359, 2528196.89317419], [686734.738016359, 2528196.89317419], [686734.738016359, 2528106.89317419]]], [[[686914.738016359, 2528196.89317419], [686944.738016359, 2528196.89317419], [686944.738016359, 2528226.89317419], [687004.738016359, 2528226.89317419], [687004.738016359, 2528196.89317419], [687034.738016359, 2528196.89317419], [687034.738016359, 2528106.89317419], [686914.738016359, 2528106.89317419], [686914.738016359, 2528196.89317419]]], [[[686974.738016359, 2527566.89317419], [686944.738016359, 2527566.89317419], [686944.738016359, 2527596.89317419], [687004.738016359, 2527596.89317419], [687004.738016359, 2527566.89317419], [687034.738016359, 2527566.89317419], [687034.738016359, 2527656.89317419], [687124.738016359, 2527656.89317419], [687124.738016359, 2527596.89317419], [687094.738016359, 2527596.89317419], [687094.738016359, 2527536.89317419], [687124.738016359, 2527536.89317419], [687124.738016359, 2527476.89317419], [687094.738016359, 2527476.89317419], [687094.738016359, 2527446.89317419], [687124.738016359, 2527446.89317419], [687124.738016359, 2527356.89317419], [687034.738016359, 2527356.89317419], [687034.738016359, 2527446.89317419], [686974.738016359, 2527446.89317419], [686974.738016359, 2527566.89317419]]], [[[687274.738016359, 2527176.89317419], [687334.738016359, 2527176.89317419], [687334.738016359, 2527116.89317419], [687274.738016359, 2527116.89317419], [687274.738016359, 2527176.89317419]]], [[[687244.738016359, 2527566.89317419], [687184.738016359, 2527566.89317419], [687184.738016359, 2527596.89317419], [687244.738016359, 2527596.89317419], [687244.738016359, 2527566.89317419]]], [[[687394.738016359, 2528346.89317419], [687394.738016359, 2528286.89317419], [687424.738016359, 2528286.89317419], [687424.738016359, 2528256.89317419], [687334.738016359, 2528256.89317419], [687334.738016359, 2528346.89317419], [687394.738016359, 2528346.89317419]]], [[[687214.738016359, 2528376.89317419], [687214.738016359, 2528406.89317419], [687274.738016359, 2528406.89317419], [687274.738016359, 2528376.89317419], [687214.738016359, 2528376.89317419]]], [[[687574.738016359, 2529366.89317419], [687574.738016359, 2529426.89317419], [687634.738016359, 2529426.89317419], [687634.738016359, 2529366.89317419], [687574.738016359, 2529366.89317419]]], [[[687784.738016359, 2526576.89317419], [687754.738016359, 2526576.89317419], [687754.738016359, 2526696.89317419], [687784.738016359, 2526696.89317419], [687784.738016359, 2526666.89317419], [687814.738016359, 2526666.89317419], [687814.738016359, 2526606.89317419], [687784.738016359, 2526606.89317419], [687784.738016359, 2526576.89317419]]], [[[688324.738016359, 2527476.89317419], [688324.738016359, 2527506.89317419], [688354.738016359, 2527506.89317419], [688354.738016359, 2527476.89317419], [688324.738016359, 2527476.89317419]]], [[[688534.738016359, 2524356.89317419], [688534.738016359, 2524296.89317419], [688564.738016359, 2524296.89317419], [688564.738016359, 2524116.89317419], [688594.738016359, 2524116.89317419], [688594.738016359, 2524146.89317419], [688624.738016359, 2524146.89317419], [688624.738016359, 2524116.89317419], [688654.738016359, 2524116.89317419], [688654.738016359, 2524026.89317419], [688684.738016359, 2524026.89317419], [688684.738016359, 2523996.89317419], [688624.738016359, 2523996.89317419], [688624.738016359, 2524026.89317419], [688564.738016359, 2524026.89317419], [688564.738016359, 2524056.89317419], [688594.738016359, 2524056.89317419], [688594.738016359, 2524086.89317419], [688517.6512715797, 2524086.89317419], [688489.1007576929, 2524356.89317419], [688534.738016359, 2524356.89317419]]], [[[688444.738016359, 2525166.89317419], [688444.738016359, 2525226.89317419], [688474.738016359, 2525226.89317419], [688474.738016359, 2525166.89317419], [688444.738016359, 2525166.89317419]]], [[[688774.738016359, 2526606.89317419], [688774.738016359, 2526636.89317419], [688804.738016359, 2526636.89317419], [688804.738016359, 2526606.89317419], [688774.738016359, 2526606.89317419]]], [[[689074.738016359, 2525976.89317419], [689134.738016359, 2525976.89317419], [689134.738016359, 2525946.89317419], [689074.738016359, 2525946.89317419], [689074.738016359, 2525976.89317419]]], [[[689104.738016359, 2526096.89317419], [689104.738016359, 2526126.89317419], [689134.738016359, 2526126.89317419], [689134.738016359, 2526096.89317419], [689104.738016359, 2526096.89317419]]], [[[689164.738016359, 2526036.89317419], [689164.738016359, 2526096.89317419], [689194.738016359, 2526096.89317419], [689194.738016359, 2526036.89317419], [689164.738016359, 2526036.89317419]]], [[[689297.535265258, 2521429.690423089], [689314.738016359, 2521446.89317419], [689374.738016359, 2521446.89317419], [689374.738016359, 2521416.89317419], [689344.738016359, 2521416.89317419], [689344.738016359, 2521356.89317419], [689313.0864243861, 2521356.89317419], [689297.535265258, 2521429.690423089]]], [[[689344.738016359, 2521716.89317419], [689344.738016359, 2521656.89317419], [689284.738016359, 2521656.89317419], [689284.738016359, 2521686.89317419], [689314.738016359, 2521686.89317419], [689314.738016359, 2521716.89317419], [689344.738016359, 2521716.89317419]]], [[[689284.738016359, 2521746.89317419], [689248.0862687472, 2521746.89317419], [689245.256080068, 2521776.89317419], [689284.738016359, 2521776.89317419], [689284.738016359, 2521806.89317419], [689314.738016359, 2521806.89317419], [689314.738016359, 2521716.89317419], [689284.738016359, 2521716.89317419], [689284.738016359, 2521746.89317419]]], [[[689404.738016359, 2521416.89317419], [689404.738016359, 2521446.89317419], [689434.738016359, 2521446.89317419], [689434.738016359, 2521416.89317419], [689404.738016359, 2521416.89317419]]], [[[689344.738016359, 2521536.89317419], [689344.738016359, 2521596.89317419], [689374.738016359, 2521596.89317419], [689374.738016359, 2521536.89317419], [689344.738016359, 2521536.89317419]]], [[[689434.738016359, 2525916.89317419], [689467.3907258214, 2525916.89317419], [689503.7368796672, 2525826.89317419], [689434.738016359, 2525826.89317419], [689434.738016359, 2525796.89317419], [689374.738016359, 2525796.89317419], [689374.738016359, 2525856.89317419], [689404.738016359, 2525856.89317419], [689404.738016359, 2525886.89317419], [689434.738016359, 2525886.89317419], [689434.738016359, 2525916.89317419]]], [[[689314.738016359, 2526036.89317419], [689374.738016359, 2526036.89317419], [689374.738016359, 2525976.89317419], [689314.738016359, 2525976.89317419], [689314.738016359, 2526036.89317419]]], [[[689524.738016359, 2524566.89317419], [689524.738016359, 2524596.89317419], [689614.738016359, 2524596.89317419], [689614.738016359, 2524566.89317419], [689584.738016359, 2524566.89317419], [689584.738016359, 2524536.89317419], [689554.738016359, 2524536.89317419], [689554.738016359, 2524566.89317419], [689524.738016359, 2524566.89317419]]], [[[689554.738016359, 2524986.89317419], [689674.738016359, 2524986.89317419], [689674.738016359, 2524956.89317419], [689704.738016359, 2524956.89317419], [689704.738016359, 2524896.89317419], [689674.738016359, 2524896.89317419], [689674.738016359, 2524926.89317419], [689554.738016359, 2524926.89317419], [689554.738016359, 2524986.89317419]]], [[[689704.738016359, 2524056.89317419], [689764.738016359, 2524056.89317419], [689764.738016359, 2524026.89317419], [689704.738016359, 2524026.89317419], [689704.738016359, 2524056.89317419]]], [[[689614.738016359, 2524596.89317419], [689614.738016359, 2524626.89317419], [689644.738016359, 2524626.89317419], [689644.738016359, 2524596.89317419], [689614.738016359, 2524596.89317419]]], [[[689794.738016359, 2520006.89317419], [689777.7453704582, 2519989.9005282894], [689751.1843097312, 2520036.89317419], [689794.738016359, 2520036.89317419], [689794.738016359, 2520006.89317419]]], [[[689824.738016359, 2524896.89317419], [689764.738016359, 2524896.89317419], [689764.738016359, 2524926.89317419], [689824.738016359, 2524926.89317419], [689824.738016359, 2524896.89317419]]], [[[690472.2695480025, 2519094.4247058337], [690386.9871754835, 2519189.1423333143], [690353.7500221039, 2519226.89317419], [690484.738016359, 2519226.89317419], [690484.738016359, 2519106.89317419], [690472.2695480025, 2519094.4247058337]]], [[[690904.738016359, 2520786.89317419], [690904.738016359, 2520756.89317419], [690844.738016359, 2520756.89317419], [690844.738016359, 2520816.89317419], [690874.738016359, 2520816.89317419], [690874.738016359, 2520876.89317419], [690914.4648836089, 2520876.89317419], [690944.4648836087, 2520786.89317419], [690904.738016359, 2520786.89317419]]], [[[691294.738016359, 2519466.89317419], [691294.738016359, 2519526.89317419], [691325.6989953979, 2519526.89317419], [691340.1564353321, 2519466.89317419], [691294.738016359, 2519466.89317419]]]]}, "properties": {"scenario": "S1", "scenario_name": "Major Demo Breach", "snapshot": "04SEP2026 00:29:00", "threshold_ft": 0.5}}]}